MachineID,ReadingTime,Temperature,Pressure,Flow,Vibration
P101,2026-08-01 00:00:00,70.71,86.83,142.01,2.68
P101,2026-08-01 01:00:00,69.0,90.77,129.58,3.09
P101,2026-08-01 02:00:00,74.89,100.17,158.55,2.47
P101,2026-08-01 03:00:00,68.41,85.23,131.09,3.7
P101,2026-08-01 04:00:00,71.2,84.92,105.16,3.32
P101,2026-08-01 05:00:00,77.2,101.52,108.02,2.99
P101,2026-08-01 06:00:00,72.82,97.62,135.69,2.98
P101,2026-08-01 07:00:00,76.75,95.81,125.2,3.31
P101,2026-08-01 08:00:00,61.8,91.16,111.53,2.29
P101,2026-08-01 09:00:00,70.07,112.94,104.42,3.57
P101,2026-08-01 10:00:00,60.22,90.98,122.93,3.27
P101,2026-08-01 11:00:00,76.98,104.52,113.72,2.43
P101,2026-08-01 12:00:00,78.01,92.7,97.04,1.89
P101,2026-08-01 13:00:00,65.56,100.97,122.56,3.35
P101,2026-08-01 14:00:00,69.01,96.9,131.26,2.55
P101,2026-08-01 15:00:00,75.2,87.06,113.47,2.49
P101,2026-08-01 16:00:00,63.63,100.84,111.55,2.81
P101,2026-08-01 17:00:00,75.37,100.36,131.98,2.72
P101,2026-08-01 18:00:00,69.04,94.04,89.63,1.64
P101,2026-08-01 19:00:00,62.74,83.03,127.2,2.08
P101,2026-08-01 20:00:00,69.35,110.59,113.59,3.39
P101,2026-08-01 21:00:00,65.46,92.53,102.9,2.53
P101,2026-08-01 22:00:00,77.88,74.27,127.82,2.99
P101,2026-08-01 23:00:00,67.84,77.65,121.3,2.38
P101,2026-08-02 00:00:00,73.63,95.26,148.83,2.61
P101,2026-08-02 01:00:00,64.84,97.15,123.96,3.89
P101,2026-08-02 02:00:00,77.85,99.28,146.34,1.85
P101,2026-08-02 03:00:00,67.52,83.88,112.98,1.7
P101,2026-08-02 04:00:00,76.45,92.33,93.53,1.99
P101,2026-08-02 05:00:00,74.19,105.06,155.94,5.13
P101,2026-08-02 06:00:00,74.9,83.13,81.62,3.01
P101,2026-08-02 07:00:00,66.31,90.02,108.98,2.69
P101,2026-08-02 08:00:00,79.46,96.88,117.14,1.97
P101,2026-08-02 09:00:00,60.28,89.16,119.03,4.21
P101,2026-08-02 10:00:00,72.91,106.79,111.01,1.85
P101,2026-08-02 11:00:00,65.24,86.3,158.31,2.14
P101,2026-08-02 12:00:00,77.87,84.16,136.77,3.11
P101,2026-08-02 13:00:00,70.9,94.51,108.21,3.16
P101,2026-08-02 14:00:00,68.82,80.29,97.0,2.94
P101,2026-08-02 15:00:00,83.05,96.92,117.86,3.03
P101,2026-08-02 16:00:00,81.14,97.63,112.6,3.69
P101,2026-08-02 17:00:00,75.0,113.43,123.3,1.82
P101,2026-08-02 18:00:00,62.42,114.81,151.03,2.66
P101,2026-08-02 19:00:00,69.32,112.54,100.07,2.08
P101,2026-08-02 20:00:00,76.5,90.26,119.91,2.67
P101,2026-08-02 21:00:00,74.36,111.89,121.63,3.32
P101,2026-08-02 22:00:00,57.65,94.42,104.82,1.82
P101,2026-08-02 23:00:00,65.85,90.99,136.49,1.74
P101,2026-08-03 00:00:00,72.21,89.19,114.1,3.6
P101,2026-08-03 01:00:00,75.77,111.05,117.22,2.24
P101,2026-08-03 02:00:00,70.43,97.91,123.18,1.93
P101,2026-08-03 03:00:00,72.63,97.74,165.31,4.3
P101,2026-08-03 04:00:00,66.03,91.55,93.66,2.33
P101,2026-08-03 05:00:00,74.21,109.47,106.88,2.28
P101,2026-08-03 06:00:00,56.97,93.05,100.88,2.38
P101,2026-08-03 07:00:00,65.86,93.87,88.36,1.63
P101,2026-08-03 08:00:00,86.9,79.55,100.26,4.27
P101,2026-08-03 09:00:00,92.34,80.94,113.37,3.07
P101,2026-08-03 10:00:00,84.1,83.16,115.58,3.42
P101,2026-08-03 11:00:00,75.04,90.49,117.59,1.7
P101,2026-08-03 12:00:00,70.33,91.8,124.18,2.36
P101,2026-08-03 13:00:00,75.3,107.15,122.8,3.08
P101,2026-08-03 14:00:00,72.37,95.0,107.01,3.05
P101,2026-08-03 15:00:00,71.32,120.12,148.32,3.11
P101,2026-08-03 16:00:00,66.66,81.65,141.44,3.01
P101,2026-08-03 17:00:00,75.36,74.06,136.69,3.16
P101,2026-08-03 18:00:00,64.23,89.34,124.75,2.84
P101,2026-08-03 19:00:00,69.95,93.76,115.46,2.92
P101,2026-08-03 20:00:00,82.3,64.2,115.74,2.94
P101,2026-08-03 21:00:00,74.07,90.54,88.38,3.06
P101,2026-08-03 22:00:00,84.09,76.59,135.55,2.54
P101,2026-08-03 23:00:00,71.57,82.37,113.98,3.84
P101,2026-08-04 00:00:00,76.08,115.79,141.19,3.15
P101,2026-08-04 01:00:00,84.21,100.27,134.9,2.56
P101,2026-08-04 02:00:00,72.47,86.63,137.81,1.86
P101,2026-08-04 03:00:00,77.48,92.71,141.08,3.4
P101,2026-08-04 04:00:00,84.74,103.77,91.7,2.75
P101,2026-08-04 05:00:00,63.8,88.78,147.2,3.31
P101,2026-08-04 06:00:00,67.11,82.84,120.59,1.83
P101,2026-08-04 07:00:00,67.3,98.74,140.8,3.29
P101,2026-08-04 08:00:00,55.96,98.65,121.3,3.13
P101,2026-08-04 09:00:00,83.31,70.24,109.36,3.27
P101,2026-08-04 10:00:00,60.93,112.71,126.63,3.48
P101,2026-08-04 11:00:00,68.0,104.77,139.23,2.99
P101,2026-08-04 12:00:00,73.64,98.24,104.46,2.68
P101,2026-08-04 13:00:00,70.93,99.6,138.0,1.95
P101,2026-08-04 14:00:00,71.12,112.78,106.62,10.74
P101,2026-08-04 15:00:00,73.42,105.13,120.21,3.86
P101,2026-08-04 16:00:00,78.0,105.1,129.97,4.66
P101,2026-08-04 17:00:00,,70.96,148.88,2.43
P101,2026-08-04 18:00:00,72.76,110.71,91.16,1.8
P101,2026-08-04 19:00:00,60.79,85.47,127.91,3.22
P101,2026-08-04 20:00:00,73.93,78.05,78.42,2.84
P101,2026-08-04 21:00:00,68.7,100.51,132.64,2.91
P101,2026-08-04 22:00:00,77.32,97.75,129.54,2.24
P101,2026-08-04 23:00:00,70.74,97.36,134.77,2.49
P101,2026-08-05 00:00:00,75.65,91.81,117.88,3.46
P101,2026-08-05 01:00:00,58.05,79.44,93.32,0.93
P101,2026-08-05 02:00:00,67.25,103.99,114.87,2.96
P101,2026-08-05 03:00:00,79.62,110.93,118.76,3.88
P101,2026-08-05 04:00:00,72.64,84.95,109.3,1.62
P101,2026-08-05 05:00:00,65.78,90.7,134.46,4.18
P101,2026-08-05 06:00:00,62.32,99.71,101.27,3.18
P101,2026-08-05 07:00:00,71.08,73.03,136.71,2.32
P101,2026-08-05 08:00:00,68.26,82.16,108.22,3.14
P101,2026-08-05 09:00:00,70.68,98.94,126.51,3.86
P101,2026-08-05 10:00:00,69.6,77.28,139.21,2.53
P101,2026-08-05 11:00:00,79.8,99.6,117.64,3.08
P101,2026-08-05 12:00:00,85.66,119.92,121.25,2.93
P101,2026-08-05 13:00:00,79.53,84.85,126.0,2.78
P101,2026-08-05 14:00:00,74.2,85.0,91.39,1.14
P101,2026-08-05 15:00:00,64.18,89.5,114.72,4.35
P101,2026-08-05 16:00:00,79.74,83.45,126.26,2.47
P101,2026-08-05 17:00:00,70.01,97.22,131.15,2.53
P101,2026-08-05 18:00:00,79.45,81.3,120.11,4.88
P101,2026-08-05 19:00:00,73.56,112.2,121.65,3.26
P101,2026-08-05 20:00:00,71.6,92.96,105.97,3.14
P101,2026-08-05 21:00:00,66.04,102.99,139.54,3.09
P101,2026-08-05 22:00:00,70.0,100.45,114.44,3.55
P101,2026-08-05 23:00:00,59.18,90.97,84.17,1.6
P101,2026-08-06 00:00:00,81.55,105.74,107.05,1.6
P101,2026-08-06 01:00:00,51.25,88.48,163.57,3.15
P101,2026-08-06 02:00:00,68.08,100.58,91.9,2.56
P101,2026-08-06 03:00:00,72.7,93.97,134.23,3.08
P101,2026-08-06 04:00:00,76.68,86.74,136.16,4.1
P101,2026-08-06 05:00:00,65.21,84.35,144.04,2.65
P101,2026-08-06 06:00:00,81.83,89.69,146.19,2.91
P101,2026-08-06 07:00:00,73.81,113.78,113.49,2.05
P101,2026-08-06 08:00:00,68.86,100.43,91.82,3.31
P101,2026-08-06 09:00:00,68.23,108.77,76.9,2.17
P101,2026-08-06 10:00:00,60.19,85.09,124.46,2.66
P101,2026-08-06 11:00:00,70.23,93.09,123.66,1.99
P101,2026-08-06 12:00:00,76.95,102.95,126.93,3.25
P101,2026-08-06 13:00:00,74.07,119.42,118.43,2.55
P101,2026-08-06 14:00:00,66.73,82.61,97.6,2.09
P101,2026-08-06 15:00:00,71.51,99.01,120.92,2.19
P101,2026-08-06 16:00:00,78.3,103.87,117.13,2.28
P101,2026-08-06 17:00:00,75.84,97.26,93.93,2.75
P101,2026-08-06 18:00:00,73.83,84.2,123.42,1.64
P101,2026-08-06 19:00:00,81.35,109.98,115.45,3.09
P101,2026-08-06 20:00:00,55.13,81.12,114.71,1.94
P101,2026-08-06 21:00:00,77.0,118.97,98.82,2.13
P101,2026-08-06 22:00:00,73.65,114.33,98.0,3.0
P101,2026-08-06 23:00:00,84.75,75.18,96.94,2.46
P101,2026-08-07 00:00:00,68.36,104.75,124.35,1.38
P101,2026-08-07 01:00:00,75.61,88.07,142.94,2.3
P101,2026-08-07 02:00:00,67.54,101.49,133.73,3.16
P101,2026-08-07 03:00:00,60.2,101.46,101.38,2.99
P101,2026-08-07 04:00:00,62.03,100.36,105.48,1.77
P101,2026-08-07 05:00:00,77.0,97.9,108.95,3.96
P101,2026-08-07 06:00:00,68.92,95.39,124.84,2.3
P101,2026-08-07 07:00:00,75.3,88.6,112.59,3.89
P101,2026-08-07 08:00:00,64.72,66.05,149.0,4.84
P101,2026-08-07 09:00:00,69.16,71.76,114.41,2.57
P101,2026-08-07 10:00:00,70.67,,130.43,3.22
P101,2026-08-07 11:00:00,61.54,103.39,156.95,2.94
P101,2026-08-07 12:00:00,69.64,93.3,131.07,1.42
P101,2026-08-07 13:00:00,73.15,90.31,153.26,2.66
P101,2026-08-07 14:00:00,83.68,163.15,130.57,3.06
P101,2026-08-07 15:00:00,65.92,97.13,141.83,2.54
P101,2026-08-07 16:00:00,60.16,94.79,103.76,2.53
P101,2026-08-07 17:00:00,71.43,74.53,90.92,3.19
P101,2026-08-07 18:00:00,68.34,64.22,134.13,3.02
P101,2026-08-07 19:00:00,124.89,79.2,135.04,3.08
P101,2026-08-07 20:00:00,88.68,100.04,126.98,2.67
P101,2026-08-07 21:00:00,77.72,102.5,142.53,2.38
P101,2026-08-07 22:00:00,68.95,89.25,134.23,4.0
P101,2026-08-07 23:00:00,115.58,89.9,125.65,2.6
P101,2026-08-08 00:00:00,78.66,67.98,105.12,2.17
P101,2026-08-08 01:00:00,55.76,83.44,103.53,2.64
P101,2026-08-08 02:00:00,79.79,92.06,101.45,2.75
P101,2026-08-08 03:00:00,79.34,83.29,103.61,3.25
P101,2026-08-08 04:00:00,70.45,102.77,119.75,3.36
P101,2026-08-08 05:00:00,64.75,94.85,116.21,1.83
P101,2026-08-08 06:00:00,61.06,103.23,113.68,1.98
P101,2026-08-08 07:00:00,71.33,108.54,78.95,1.6
P101,2026-08-08 08:00:00,65.54,112.53,125.09,3.41
P101,2026-08-08 09:00:00,64.02,81.57,128.06,2.85
P101,2026-08-08 10:00:00,75.84,92.75,125.01,2.93
P101,2026-08-08 11:00:00,77.44,104.68,90.84,1.0
P101,2026-08-08 12:00:00,79.01,109.25,101.63,1.31
P101,2026-08-08 13:00:00,72.69,106.17,152.36,3.21
P101,2026-08-08 14:00:00,69.4,84.28,120.21,2.56
P101,2026-08-08 15:00:00,64.89,119.59,152.13,3.71
P101,2026-08-08 16:00:00,65.55,105.26,131.51,3.15
P101,2026-08-08 17:00:00,80.75,102.62,133.32,3.31
P101,2026-08-08 18:00:00,74.39,73.6,121.51,2.36
P101,2026-08-08 19:00:00,63.04,115.18,151.12,3.89
P101,2026-08-08 20:00:00,73.79,111.21,120.22,2.96
P101,2026-08-08 21:00:00,64.35,99.76,121.09,1.76
P101,2026-08-08 22:00:00,71.64,94.04,152.36,3.52
P101,2026-08-08 23:00:00,72.08,97.99,120.8,2.64
P101,2026-08-09 00:00:00,64.42,93.19,106.57,1.8
P101,2026-08-09 01:00:00,75.58,99.7,87.84,2.7
P101,2026-08-09 02:00:00,78.97,107.71,138.47,2.83
P101,2026-08-09 03:00:00,66.08,82.0,126.2,3.1
P101,2026-08-09 04:00:00,81.01,108.2,117.62,1.8
P101,2026-08-09 05:00:00,69.77,97.61,116.36,2.34
P101,2026-08-09 06:00:00,73.77,88.95,108.69,3.05
P101,2026-08-09 07:00:00,69.19,97.93,124.92,1.89
P101,2026-08-09 08:00:00,68.63,112.25,99.08,1.11
P101,2026-08-09 09:00:00,58.97,95.35,120.56,2.71
P101,2026-08-09 10:00:00,80.5,62.93,127.13,7.15
P101,2026-08-09 11:00:00,64.11,90.44,106.45,2.08
P101,2026-08-09 12:00:00,69.72,112.13,153.07,2.53
P101,2026-08-09 13:00:00,85.34,95.43,151.57,2.73
P101,2026-08-09 14:00:00,72.92,99.39,177.22,3.48
P101,2026-08-09 15:00:00,67.05,106.63,113.49,2.41
P101,2026-08-09 16:00:00,78.36,95.37,125.01,2.81
P101,2026-08-09 17:00:00,74.36,,85.13,3.33
P101,2026-08-09 18:00:00,65.13,77.69,118.95,2.87
P101,2026-08-09 19:00:00,67.15,104.97,95.84,2.47
P101,2026-08-09 20:00:00,67.91,94.44,125.02,1.99
P101,2026-08-09 21:00:00,77.07,95.76,85.94,1.23
P101,2026-08-09 22:00:00,71.91,92.35,118.14,2.78
P101,2026-08-09 23:00:00,73.58,106.37,100.0,1.86
P101,2026-08-10 00:00:00,64.35,98.47,142.41,2.45
P101,2026-08-10 01:00:00,54.49,74.55,105.01,2.35
P101,2026-08-10 02:00:00,69.14,95.46,114.39,3.64
P101,2026-08-10 03:00:00,67.27,84.65,128.62,1.57
P101,2026-08-10 04:00:00,74.73,96.23,117.35,4.07
P101,2026-08-10 05:00:00,67.64,119.72,115.94,1.78
P101,2026-08-10 06:00:00,,82.09,106.47,3.12
P101,2026-08-10 07:00:00,75.89,87.53,137.77,3.73
P101,2026-08-10 08:00:00,82.05,101.35,144.54,1.3
P101,2026-08-10 09:00:00,69.77,84.6,122.15,2.34
P101,2026-08-10 10:00:00,70.84,117.59,116.95,3.13
P101,2026-08-10 11:00:00,70.37,95.91,120.11,3.16
P101,2026-08-10 12:00:00,80.16,114.77,125.57,3.27
P101,2026-08-10 13:00:00,63.94,93.95,136.93,3.49
P101,2026-08-10 14:00:00,73.48,105.64,128.83,3.76
P101,2026-08-10 15:00:00,74.03,90.73,126.05,0.46
P101,2026-08-10 16:00:00,74.68,51.22,88.98,3.16
P101,2026-08-10 17:00:00,75.34,81.05,107.18,3.9
P101,2026-08-10 18:00:00,68.61,121.92,119.97,3.13
P101,2026-08-10 19:00:00,83.32,96.57,101.96,2.71
P101,2026-08-10 20:00:00,71.75,78.62,115.4,2.21
P101,2026-08-10 21:00:00,78.47,95.42,114.91,2.72
P101,2026-08-10 22:00:00,73.56,102.4,102.01,1.97
P101,2026-08-10 23:00:00,79.73,90.05,94.5,3.16
P101,2026-08-11 00:00:00,75.24,76.63,124.13,3.39
P101,2026-08-11 01:00:00,74.62,102.58,94.72,3.06
P101,2026-08-11 02:00:00,69.88,89.21,135.67,3.98
P101,2026-08-11 03:00:00,84.56,110.78,118.02,3.08
P101,2026-08-11 04:00:00,77.37,96.45,122.35,3.46
P101,2026-08-11 05:00:00,71.59,86.25,112.54,3.31
P101,2026-08-11 06:00:00,72.02,99.08,132.06,2.5
P101,2026-08-11 07:00:00,77.29,99.55,97.77,3.95
P101,2026-08-11 08:00:00,68.49,75.14,101.19,1.98
P101,2026-08-11 09:00:00,72.37,91.71,113.94,3.3
P101,2026-08-11 10:00:00,74.38,98.79,127.38,3.29
P101,2026-08-11 11:00:00,57.24,90.63,80.76,2.83
P101,2026-08-11 12:00:00,71.97,107.55,141.38,2.96
P101,2026-08-11 13:00:00,68.5,100.82,110.5,2.8
P101,2026-08-11 14:00:00,78.9,88.31,134.5,3.34
P101,2026-08-11 15:00:00,65.32,106.69,132.57,2.88
P101,2026-08-11 16:00:00,66.66,84.69,110.32,3.23
P101,2026-08-11 17:00:00,65.31,100.25,97.65,2.64
P101,2026-08-11 18:00:00,72.77,124.34,95.21,3.98
P101,2026-08-11 19:00:00,73.05,99.93,122.13,3.16
P101,2026-08-11 20:00:00,70.92,112.45,111.78,3.71
P101,2026-08-11 21:00:00,67.49,94.28,100.7,3.16
P101,2026-08-11 22:00:00,82.12,94.07,116.46,1.91
P101,2026-08-11 23:00:00,70.39,75.89,103.57,2.98
P101,2026-08-12 00:00:00,81.23,128.71,109.44,3.95
P101,2026-08-12 01:00:00,73.71,93.19,127.79,2.85
P101,2026-08-12 02:00:00,72.77,,94.83,1.57
P101,2026-08-12 03:00:00,76.57,91.68,109.27,2.81
P101,2026-08-12 04:00:00,77.56,97.16,108.19,3.78
P101,2026-08-12 05:00:00,83.05,100.93,137.53,3.79
P101,2026-08-12 06:00:00,79.91,102.37,130.77,3.22
P101,2026-08-12 07:00:00,64.32,103.41,95.6,2.16
P101,2026-08-12 08:00:00,81.12,105.08,146.77,2.58
P101,2026-08-12 09:00:00,63.93,92.11,121.84,2.86
P101,2026-08-12 10:00:00,79.94,90.66,126.34,2.01
P101,2026-08-12 11:00:00,75.15,95.04,106.5,2.61
P101,2026-08-12 12:00:00,70.71,91.76,151.88,2.72
P101,2026-08-12 13:00:00,70.29,69.83,103.9,2.59
P101,2026-08-12 14:00:00,67.2,111.58,117.03,3.83
P101,2026-08-12 15:00:00,72.43,95.45,118.4,2.8
P101,2026-08-12 16:00:00,84.03,67.16,83.97,2.37
P101,2026-08-12 17:00:00,72.1,103.28,128.52,2.49
P101,2026-08-12 18:00:00,79.13,107.36,123.31,3.57
P101,2026-08-12 19:00:00,73.91,88.26,132.56,2.89
P101,2026-08-12 20:00:00,72.01,112.68,75.88,1.67
P101,2026-08-12 21:00:00,63.69,90.64,115.42,1.59
P101,2026-08-12 22:00:00,65.1,84.67,164.23,4.24
P101,2026-08-12 23:00:00,69.12,90.64,99.31,1.27
P101,2026-08-13 00:00:00,71.18,83.03,118.47,1.52
P101,2026-08-13 01:00:00,66.67,96.78,126.59,3.13
P101,2026-08-13 02:00:00,62.76,105.26,105.6,3.31
P101,2026-08-13 03:00:00,71.93,78.48,114.31,3.09
P101,2026-08-13 04:00:00,76.29,93.31,147.57,3.61
P101,2026-08-13 05:00:00,70.2,104.0,154.81,4.37
P101,2026-08-13 06:00:00,63.4,83.88,146.73,1.95
P101,2026-08-13 07:00:00,62.74,89.17,127.56,2.72
P101,2026-08-13 08:00:00,67.45,86.91,107.18,2.1
P101,2026-08-13 09:00:00,87.97,98.57,135.96,2.41
P101,2026-08-13 10:00:00,70.7,86.44,72.27,1.7
P101,2026-08-13 11:00:00,59.33,68.0,98.48,3.86
P101,2026-08-13 12:00:00,71.69,110.49,127.4,3.43
P101,2026-08-13 13:00:00,65.69,101.29,133.12,2.34
P101,2026-08-13 14:00:00,75.92,101.79,110.11,1.9
P101,2026-08-13 15:00:00,123.53,96.04,125.89,2.17
P101,2026-08-13 16:00:00,72.19,101.85,131.13,4.04
P101,2026-08-13 17:00:00,80.94,82.98,150.3,2.38
P101,2026-08-13 18:00:00,79.31,95.82,112.58,1.35
P101,2026-08-13 19:00:00,70.8,76.29,137.41,4.01
P101,2026-08-13 20:00:00,66.42,98.62,106.94,2.3
P101,2026-08-13 21:00:00,77.42,94.54,151.31,2.41
P101,2026-08-13 22:00:00,79.0,96.17,134.32,2.44
P101,2026-08-13 23:00:00,71.65,93.61,104.95,3.33
P101,2026-08-14 00:00:00,76.55,102.12,147.67,3.96
P101,2026-08-14 01:00:00,69.38,99.48,108.78,2.82
P101,2026-08-14 02:00:00,67.8,114.44,126.55,2.63
P101,2026-08-14 03:00:00,80.36,68.95,83.75,3.44
P101,2026-08-14 04:00:00,72.42,98.01,96.12,2.78
P101,2026-08-14 05:00:00,86.02,104.89,123.05,2.45
P101,2026-08-14 06:00:00,69.24,69.45,124.64,3.48
P101,2026-08-14 07:00:00,60.97,87.06,99.17,2.03
P101,2026-08-14 08:00:00,72.37,69.99,131.06,3.4
P101,2026-08-14 09:00:00,70.24,65.23,102.06,3.79
P101,2026-08-14 10:00:00,52.55,90.83,98.76,3.44
P101,2026-08-14 11:00:00,67.27,99.85,130.18,4.27
P101,2026-08-14 12:00:00,70.58,99.51,93.27,3.75
P101,2026-08-14 13:00:00,66.68,88.27,119.6,1.55
P101,2026-08-14 14:00:00,73.6,106.61,125.27,1.53
P101,2026-08-14 15:00:00,71.13,103.9,86.2,1.94
P101,2026-08-14 16:00:00,78.14,98.24,127.42,4.29
P101,2026-08-14 17:00:00,75.28,102.89,168.79,2.63
P101,2026-08-14 18:00:00,66.41,100.13,127.9,2.38
P101,2026-08-14 19:00:00,64.77,122.72,125.88,2.21
P101,2026-08-14 20:00:00,78.41,93.69,115.45,3.25
P101,2026-08-14 21:00:00,62.96,99.23,154.43,3.17
P101,2026-08-14 22:00:00,69.37,88.91,112.61,2.6
P101,2026-08-14 23:00:00,69.36,106.0,88.8,3.49
P102,2026-08-01 00:00:00,69.34,99.52,99.71,3.86
P102,2026-08-01 01:00:00,80.72,106.52,92.73,3.46
P102,2026-08-01 02:00:00,74.83,75.74,119.56,3.09
P102,2026-08-01 03:00:00,75.89,97.13,125.24,3.98
P102,2026-08-01 04:00:00,80.58,60.6,114.29,2.67
P102,2026-08-01 05:00:00,59.74,96.13,142.48,1.93
P102,2026-08-01 06:00:00,74.35,84.01,107.91,3.98
P102,2026-08-01 07:00:00,68.2,100.55,86.32,4.29
P102,2026-08-01 08:00:00,76.22,92.81,130.36,1.67
P102,2026-08-01 09:00:00,80.28,91.11,116.33,2.41
P102,2026-08-01 10:00:00,67.94,103.34,124.61,3.32
P102,2026-08-01 11:00:00,71.94,101.16,112.46,4.58
P102,2026-08-01 12:00:00,61.02,110.13,144.62,2.12
P102,2026-08-01 13:00:00,87.6,106.95,137.48,2.82
P102,2026-08-01 14:00:00,70.48,92.49,127.03,3.92
P102,2026-08-01 15:00:00,73.27,84.06,134.84,3.54
P102,2026-08-01 16:00:00,76.58,103.95,115.12,2.06
P102,2026-08-01 17:00:00,65.92,75.37,124.27,2.73
P102,2026-08-01 18:00:00,68.92,59.53,97.55,3.7
P102,2026-08-01 19:00:00,67.35,99.33,94.97,3.95
P102,2026-08-01 20:00:00,70.99,98.48,161.86,4.01
P102,2026-08-01 21:00:00,69.85,87.88,114.14,3.21
P102,2026-08-01 22:00:00,71.26,90.26,146.41,2.71
P102,2026-08-01 23:00:00,88.1,96.09,152.14,3.09
P102,2026-08-02 00:00:00,78.74,86.3,104.63,3.17
P102,2026-08-02 01:00:00,78.92,95.48,96.84,1.71
P102,2026-08-02 02:00:00,62.01,73.79,121.97,3.7
P102,2026-08-02 03:00:00,71.91,67.88,116.57,2.67
P102,2026-08-02 04:00:00,86.67,77.51,112.97,4.16
P102,2026-08-02 05:00:00,75.15,101.76,122.06,3.06
P102,2026-08-02 06:00:00,77.44,85.29,135.81,1.7
P102,2026-08-02 07:00:00,74.3,97.14,108.91,2.78
P102,2026-08-02 08:00:00,67.64,82.14,113.63,1.92
P102,2026-08-02 09:00:00,74.26,81.2,132.82,1.85
P102,2026-08-02 10:00:00,68.04,87.5,143.85,3.06
P102,2026-08-02 11:00:00,70.52,100.98,82.07,2.77
P102,2026-08-02 12:00:00,85.98,96.59,121.22,3.24
P102,2026-08-02 13:00:00,78.27,71.03,89.72,2.97
P102,2026-08-02 14:00:00,67.0,110.74,114.33,1.25
P102,2026-08-02 15:00:00,63.12,62.0,115.79,2.65
P102,2026-08-02 16:00:00,69.03,107.95,141.57,2.66
P102,2026-08-02 17:00:00,57.06,102.41,130.0,3.05
P102,2026-08-02 18:00:00,78.87,81.02,156.16,2.03
P102,2026-08-02 19:00:00,77.24,74.75,103.26,4.01
P102,2026-08-02 20:00:00,70.17,105.08,124.27,2.72
P102,2026-08-02 21:00:00,81.55,92.16,87.95,2.16
P102,2026-08-02 22:00:00,75.86,99.75,91.79,2.22
P102,2026-08-02 23:00:00,67.93,90.61,95.23,2.3
P102,2026-08-03 00:00:00,66.9,104.26,134.56,2.68
P102,2026-08-03 01:00:00,69.26,96.68,105.3,1.88
P102,2026-08-03 02:00:00,65.42,87.38,99.06,2.93
P102,2026-08-03 03:00:00,,75.95,120.45,2.62
P102,2026-08-03 04:00:00,74.39,94.84,93.84,1.79
P102,2026-08-03 05:00:00,72.21,107.35,80.14,3.08
P102,2026-08-03 06:00:00,80.33,93.16,129.9,2.24
P102,2026-08-03 07:00:00,71.16,75.55,77.8,3.55
P102,2026-08-03 08:00:00,65.11,89.53,95.04,1.67
P102,2026-08-03 09:00:00,70.78,86.25,126.8,3.16
P102,2026-08-03 10:00:00,74.25,97.86,148.4,1.95
P102,2026-08-03 11:00:00,71.62,108.59,142.76,1.66
P102,2026-08-03 12:00:00,69.81,111.3,129.15,2.96
P102,2026-08-03 13:00:00,70.48,90.39,125.19,2.6
P102,2026-08-03 14:00:00,71.7,95.94,107.79,3.23
P102,2026-08-03 15:00:00,92.4,73.68,125.83,2.19
P102,2026-08-03 16:00:00,76.04,95.56,133.71,3.74
P102,2026-08-03 17:00:00,73.35,108.58,77.8,4.07
P102,2026-08-03 18:00:00,74.63,107.93,98.04,2.14
P102,2026-08-03 19:00:00,73.02,94.8,125.1,3.67
P102,2026-08-03 20:00:00,59.64,106.69,120.15,2.64
P102,2026-08-03 21:00:00,61.7,101.04,76.55,3.32
P102,2026-08-03 22:00:00,61.56,95.64,117.85,3.74
P102,2026-08-03 23:00:00,70.75,86.67,110.88,3.82
P102,2026-08-04 00:00:00,75.75,90.37,115.74,1.55
P102,2026-08-04 01:00:00,74.72,73.88,133.53,2.9
P102,2026-08-04 02:00:00,88.71,81.8,118.15,4.24
P102,2026-08-04 03:00:00,80.34,86.65,124.03,2.8
P102,2026-08-04 04:00:00,73.97,86.62,118.39,1.52
P102,2026-08-04 05:00:00,72.95,100.4,115.91,1.51
P102,2026-08-04 06:00:00,78.92,99.37,106.93,2.58
P102,2026-08-04 07:00:00,61.5,82.7,110.32,3.78
P102,2026-08-04 08:00:00,67.52,102.68,110.31,3.0
P102,2026-08-04 09:00:00,71.01,105.48,110.37,1.54
P102,2026-08-04 10:00:00,62.33,88.62,97.52,3.13
P102,2026-08-04 11:00:00,68.74,123.5,88.72,2.96
P102,2026-08-04 12:00:00,64.1,89.08,122.55,0.94
P102,2026-08-04 13:00:00,73.66,117.83,111.84,3.01
P102,2026-08-04 14:00:00,79.17,93.03,109.54,0.98
P102,2026-08-04 15:00:00,76.49,93.64,101.77,2.9
P102,2026-08-04 16:00:00,67.91,88.66,130.91,1.73
P102,2026-08-04 17:00:00,79.33,78.23,108.07,4.34
P102,2026-08-04 18:00:00,79.89,96.17,103.07,2.38
P102,2026-08-04 19:00:00,72.51,95.45,118.36,2.78
P102,2026-08-04 20:00:00,70.5,77.7,110.7,3.53
P102,2026-08-04 21:00:00,62.42,92.73,105.24,2.89
P102,2026-08-04 22:00:00,69.28,112.73,129.12,1.75
P102,2026-08-04 23:00:00,76.7,85.7,109.61,3.05
P102,2026-08-05 00:00:00,68.56,105.71,106.06,2.3
P102,2026-08-05 01:00:00,104.16,88.21,139.79,3.3
P102,2026-08-05 02:00:00,83.97,122.21,101.45,2.86
P102,2026-08-05 03:00:00,63.77,85.67,108.66,1.95
P102,2026-08-05 04:00:00,64.64,93.27,98.1,3.47
P102,2026-08-05 05:00:00,65.58,128.71,111.88,2.86
P102,2026-08-05 06:00:00,62.93,115.47,140.15,3.04
P102,2026-08-05 07:00:00,62.57,97.53,99.81,3.97
P102,2026-08-05 08:00:00,77.66,96.15,76.15,2.01
P102,2026-08-05 09:00:00,76.81,109.55,139.97,1.53
P102,2026-08-05 10:00:00,74.11,107.19,90.15,2.79
P102,2026-08-05 11:00:00,73.92,91.39,86.66,2.54
P102,2026-08-05 12:00:00,69.71,93.22,109.86,2.45
P102,2026-08-05 13:00:00,71.72,100.31,114.52,2.47
P102,2026-08-05 14:00:00,72.65,71.95,128.59,2.8
P102,2026-08-05 15:00:00,72.28,106.53,84.85,1.22
P102,2026-08-05 16:00:00,73.92,94.91,123.06,2.43
P102,2026-08-05 17:00:00,76.65,106.19,128.71,2.59
P102,2026-08-05 18:00:00,57.25,104.23,141.99,3.32
P102,2026-08-05 19:00:00,65.84,103.09,135.49,4.05
P102,2026-08-05 20:00:00,65.87,92.28,133.45,2.85
P102,2026-08-05 21:00:00,64.18,99.98,130.42,2.87
P102,2026-08-05 22:00:00,73.54,91.9,146.61,2.08
P102,2026-08-05 23:00:00,67.89,95.13,135.82,1.6
P102,2026-08-06 00:00:00,62.83,70.55,120.59,1.91
P102,2026-08-06 01:00:00,69.31,102.94,108.45,2.99
P102,2026-08-06 02:00:00,69.9,103.07,128.55,2.25
P102,2026-08-06 03:00:00,70.82,107.52,127.08,1.68
P102,2026-08-06 04:00:00,76.59,81.98,145.43,3.62
P102,2026-08-06 05:00:00,74.03,96.89,116.24,3.34
P102,2026-08-06 06:00:00,69.4,97.83,135.69,2.35
P102,2026-08-06 07:00:00,67.69,80.67,100.84,1.34
P102,2026-08-06 08:00:00,77.11,116.71,145.66,1.5
P102,2026-08-06 09:00:00,77.07,112.07,111.78,2.88
P102,2026-08-06 10:00:00,57.94,98.2,100.86,2.96
P102,2026-08-06 11:00:00,61.07,101.51,138.44,2.17
P102,2026-08-06 12:00:00,64.04,69.13,115.2,2.33
P102,2026-08-06 13:00:00,61.14,100.44,111.9,1.94
P102,2026-08-06 14:00:00,68.12,107.86,130.85,2.7
P102,2026-08-06 15:00:00,76.33,81.07,120.58,2.92
P102,2026-08-06 16:00:00,68.71,100.23,105.95,3.21
P102,2026-08-06 17:00:00,75.86,59.99,141.43,0.36
P102,2026-08-06 18:00:00,67.69,107.3,114.29,1.63
P102,2026-08-06 19:00:00,64.34,107.32,85.41,3.7
P102,2026-08-06 20:00:00,71.61,80.69,109.5,1.99
P102,2026-08-06 21:00:00,78.06,103.79,89.06,2.48
P102,2026-08-06 22:00:00,65.96,110.52,95.7,4.08
P102,2026-08-06 23:00:00,71.77,81.06,107.81,2.16
P102,2026-08-07 00:00:00,63.08,96.14,97.9,1.06
P102,2026-08-07 01:00:00,69.34,73.37,106.46,2.07
P102,2026-08-07 02:00:00,65.9,119.01,121.02,3.0
P102,2026-08-07 03:00:00,59.57,87.15,123.88,1.98
P102,2026-08-07 04:00:00,78.36,80.57,114.85,2.33
P102,2026-08-07 05:00:00,73.15,87.31,115.12,2.61
P102,2026-08-07 06:00:00,66.86,100.82,124.29,2.73
P102,2026-08-07 07:00:00,68.99,104.56,115.75,2.55
P102,2026-08-07 08:00:00,72.73,115.36,95.87,3.42
P102,2026-08-07 09:00:00,58.75,97.61,148.35,3.19
P102,2026-08-07 10:00:00,73.19,88.27,120.56,2.6
P102,2026-08-07 11:00:00,66.5,91.52,123.57,2.19
P102,2026-08-07 12:00:00,66.36,78.68,127.03,3.24
P102,2026-08-07 13:00:00,73.62,106.58,121.58,3.11
P102,2026-08-07 14:00:00,74.13,93.9,110.45,4.57
P102,2026-08-07 15:00:00,68.84,87.01,127.81,3.0
P102,2026-08-07 16:00:00,62.17,108.47,118.3,1.91
P102,2026-08-07 17:00:00,80.32,102.51,97.24,4.22
P102,2026-08-07 18:00:00,76.61,94.88,148.62,2.93
P102,2026-08-07 19:00:00,71.8,87.08,130.47,3.18
P102,2026-08-07 20:00:00,72.1,85.52,122.34,2.74
P102,2026-08-07 21:00:00,62.67,77.34,130.17,0.72
P102,2026-08-07 22:00:00,73.44,89.26,143.55,2.41
P102,2026-08-07 23:00:00,76.62,90.24,122.05,3.39
P102,2026-08-08 00:00:00,68.76,106.96,102.11,3.04
P102,2026-08-08 01:00:00,78.46,102.92,154.5,2.19
P102,2026-08-08 02:00:00,62.35,83.07,131.89,3.2
P102,2026-08-08 03:00:00,72.72,81.52,133.8,1.82
P102,2026-08-08 04:00:00,80.11,129.29,126.6,3.27
P102,2026-08-08 05:00:00,68.55,73.28,109.15,1.93
P102,2026-08-08 06:00:00,61.87,115.67,124.91,3.1
P102,2026-08-08 07:00:00,69.84,92.93,137.36,2.77
P102,2026-08-08 08:00:00,75.71,92.65,113.84,1.67
P102,2026-08-08 09:00:00,58.16,91.86,121.02,1.77
P102,2026-08-08 10:00:00,71.76,95.65,81.19,2.07
P102,2026-08-08 11:00:00,74.85,99.64,99.23,2.93
P102,2026-08-08 12:00:00,79.16,104.32,118.28,2.43
P102,2026-08-08 13:00:00,67.59,100.61,123.51,3.3
P102,2026-08-08 14:00:00,72.92,104.83,121.7,3.43
P102,2026-08-08 15:00:00,78.1,85.35,87.45,4.03
P102,2026-08-08 16:00:00,73.8,74.43,107.15,3.42
P102,2026-08-08 17:00:00,70.04,88.86,145.22,1.96
P102,2026-08-08 18:00:00,66.41,97.54,127.03,3.2
P102,2026-08-08 19:00:00,78.38,97.38,128.81,2.59
P102,2026-08-08 20:00:00,72.44,96.29,123.87,3.42
P102,2026-08-08 21:00:00,75.89,95.53,105.44,2.85
P102,2026-08-08 22:00:00,71.8,97.32,159.72,2.38
P102,2026-08-08 23:00:00,74.96,107.82,121.76,4.67
P102,2026-08-09 00:00:00,69.35,98.89,105.62,2.52
P102,2026-08-09 01:00:00,73.74,105.16,125.74,3.81
P102,2026-08-09 02:00:00,71.34,91.01,168.67,3.12
P102,2026-08-09 03:00:00,66.96,86.67,103.03,3.55
P102,2026-08-09 04:00:00,69.45,96.53,118.86,3.39
P102,2026-08-09 05:00:00,66.07,82.09,124.04,3.28
P102,2026-08-09 06:00:00,74.33,85.29,132.19,2.2
P102,2026-08-09 07:00:00,68.35,83.67,143.42,3.31
P102,2026-08-09 08:00:00,76.23,109.97,170.63,1.43
P102,2026-08-09 09:00:00,66.83,87.61,104.69,1.94
P102,2026-08-09 10:00:00,69.9,80.4,126.03,2.84
P102,2026-08-09 11:00:00,75.37,101.09,130.85,2.5
P102,2026-08-09 12:00:00,86.85,97.81,86.48,2.0
P102,2026-08-09 13:00:00,59.82,95.21,117.81,2.43
P102,2026-08-09 14:00:00,86.08,101.59,133.07,2.06
P102,2026-08-09 15:00:00,65.01,95.44,123.11,1.31
P102,2026-08-09 16:00:00,70.74,95.17,116.13,2.15
P102,2026-08-09 17:00:00,68.22,92.88,121.63,3.28
P102,2026-08-09 18:00:00,79.57,91.47,111.79,3.15
P102,2026-08-09 19:00:00,76.28,89.79,134.23,3.58
P102,2026-08-09 20:00:00,81.04,116.34,104.4,2.81
P102,2026-08-09 21:00:00,72.08,93.82,108.31,11.79
P102,2026-08-09 22:00:00,72.65,85.78,121.55,2.16
P102,2026-08-09 23:00:00,64.3,97.81,122.72,3.26
P102,2026-08-10 00:00:00,87.3,98.33,128.73,1.94
P102,2026-08-10 01:00:00,62.99,113.99,103.38,1.96
P102,2026-08-10 02:00:00,71.73,93.92,103.75,2.56
P102,2026-08-10 03:00:00,80.61,85.33,94.91,3.55
P102,2026-08-10 04:00:00,75.45,87.55,91.52,2.2
P102,2026-08-10 05:00:00,71.62,108.99,101.34,2.73
P102,2026-08-10 06:00:00,,66.42,138.61,1.85
P102,2026-08-10 07:00:00,74.32,97.96,139.52,3.24
P102,2026-08-10 08:00:00,55.36,85.58,122.49,2.64
P102,2026-08-10 09:00:00,75.34,104.47,130.95,2.63
P102,2026-08-10 10:00:00,59.08,177.04,127.49,1.93
P102,2026-08-10 11:00:00,76.42,105.9,122.28,0.35
P102,2026-08-10 12:00:00,63.05,117.63,110.16,1.21
P102,2026-08-10 13:00:00,80.65,95.16,139.89,3.02
P102,2026-08-10 14:00:00,75.21,99.36,132.55,4.62
P102,2026-08-10 15:00:00,78.8,76.04,128.04,3.71
P102,2026-08-10 16:00:00,80.42,89.88,140.97,3.54
P102,2026-08-10 17:00:00,90.01,86.0,110.87,2.56
P102,2026-08-10 18:00:00,68.57,84.32,70.27,2.45
P102,2026-08-10 19:00:00,74.59,89.08,154.84,2.81
P102,2026-08-10 20:00:00,81.04,98.14,134.88,3.02
P102,2026-08-10 21:00:00,81.58,95.67,128.93,3.09
P102,2026-08-10 22:00:00,69.98,99.86,160.22,2.58
P102,2026-08-10 23:00:00,74.94,110.09,140.52,2.81
P102,2026-08-11 00:00:00,55.32,101.2,80.05,3.98
P102,2026-08-11 01:00:00,73.19,107.0,103.76,1.56
P102,2026-08-11 02:00:00,73.83,94.6,111.15,2.87
P102,2026-08-11 03:00:00,91.37,105.01,138.89,3.48
P102,2026-08-11 04:00:00,82.36,92.72,83.01,2.65
P102,2026-08-11 05:00:00,77.68,83.36,116.83,2.25
P102,2026-08-11 06:00:00,82.51,103.99,131.73,3.3
P102,2026-08-11 07:00:00,71.74,97.37,98.67,1.05
P102,2026-08-11 08:00:00,73.05,98.89,141.77,4.06
P102,2026-08-11 09:00:00,82.99,83.02,113.66,3.18
P102,2026-08-11 10:00:00,89.72,112.76,140.15,2.49
P102,2026-08-11 11:00:00,65.82,104.47,100.19,2.61
P102,2026-08-11 12:00:00,71.2,114.11,113.62,0.85
P102,2026-08-11 13:00:00,75.53,86.61,120.77,2.73
P102,2026-08-11 14:00:00,70.08,104.48,92.41,2.39
P102,2026-08-11 15:00:00,76.79,87.63,91.04,3.33
P102,2026-08-11 16:00:00,79.86,94.46,84.7,3.36
P102,2026-08-11 17:00:00,60.38,98.71,104.03,1.87
P102,2026-08-11 18:00:00,68.91,92.8,108.4,3.27
P102,2026-08-11 19:00:00,68.88,106.76,125.06,2.24
P102,2026-08-11 20:00:00,65.94,75.23,125.23,2.52
P102,2026-08-11 21:00:00,55.39,88.57,103.78,4.06
P102,2026-08-11 22:00:00,60.08,77.7,139.98,3.89
P102,2026-08-11 23:00:00,66.79,87.41,131.09,0.94
P102,2026-08-12 00:00:00,58.97,91.63,147.9,2.45
P102,2026-08-12 01:00:00,72.71,108.61,157.92,2.34
P102,2026-08-12 02:00:00,71.88,116.86,92.6,3.62
P102,2026-08-12 03:00:00,64.87,96.23,115.63,2.03
P102,2026-08-12 04:00:00,65.12,98.32,137.92,2.7
P102,2026-08-12 05:00:00,72.49,101.85,102.51,3.39
P102,2026-08-12 06:00:00,77.74,126.24,113.23,2.43
P102,2026-08-12 07:00:00,77.38,104.83,110.37,2.48
P102,2026-08-12 08:00:00,75.79,85.07,112.61,2.87
P102,2026-08-12 09:00:00,78.97,87.74,86.84,1.27
P102,2026-08-12 10:00:00,63.18,79.24,117.22,1.85
P102,2026-08-12 11:00:00,67.08,85.71,112.07,3.86
P102,2026-08-12 12:00:00,76.63,95.19,111.7,2.45
P102,2026-08-12 13:00:00,74.29,102.01,103.66,2.83
P102,2026-08-12 14:00:00,57.78,97.54,133.72,2.58
P102,2026-08-12 15:00:00,84.72,84.43,123.91,2.77
P102,2026-08-12 16:00:00,71.3,93.63,121.93,3.48
P102,2026-08-12 17:00:00,81.64,94.97,134.68,2.24
P102,2026-08-12 18:00:00,77.36,85.86,139.63,4.57
P102,2026-08-12 19:00:00,71.15,68.69,110.13,3.79
P102,2026-08-12 20:00:00,75.87,97.99,138.16,3.19
P102,2026-08-12 21:00:00,80.52,106.03,147.39,3.09
P102,2026-08-12 22:00:00,78.34,91.31,109.17,4.17
P102,2026-08-12 23:00:00,73.51,104.66,122.23,2.33
P102,2026-08-13 00:00:00,72.08,112.23,129.99,1.43
P102,2026-08-13 01:00:00,70.49,116.39,116.15,1.36
P102,2026-08-13 02:00:00,85.25,103.19,118.74,2.5
P102,2026-08-13 03:00:00,79.58,88.5,140.67,3.23
P102,2026-08-13 04:00:00,73.71,96.75,116.85,3.64
P102,2026-08-13 05:00:00,65.94,75.54,131.06,3.3
P102,2026-08-13 06:00:00,75.36,99.89,114.23,3.43
P102,2026-08-13 07:00:00,71.68,89.15,114.39,4.42
P102,2026-08-13 08:00:00,59.86,101.0,89.78,2.71
P102,2026-08-13 09:00:00,68.96,69.98,127.0,2.5
P102,2026-08-13 10:00:00,,105.07,145.83,3.99
P102,2026-08-13 11:00:00,74.51,,143.91,4.15
P102,2026-08-13 12:00:00,79.93,83.7,123.62,3.15
P102,2026-08-13 13:00:00,59.33,100.63,160.91,3.31
P102,2026-08-13 14:00:00,82.31,97.19,118.68,3.11
P102,2026-08-13 15:00:00,66.29,83.43,142.79,3.9
P102,2026-08-13 16:00:00,65.06,106.62,118.43,3.07
P102,2026-08-13 17:00:00,75.22,106.93,121.49,3.93
P102,2026-08-13 18:00:00,74.17,102.49,105.0,4.53
P102,2026-08-13 19:00:00,75.29,103.56,91.05,2.14
P102,2026-08-13 20:00:00,80.67,98.44,85.55,3.63
P102,2026-08-13 21:00:00,68.19,111.94,118.42,2.96
P102,2026-08-13 22:00:00,80.25,84.23,102.13,2.64
P102,2026-08-13 23:00:00,77.79,79.03,89.98,3.46
P102,2026-08-14 00:00:00,67.78,90.29,86.58,2.26
P102,2026-08-14 01:00:00,71.95,106.16,106.12,4.13
P102,2026-08-14 02:00:00,67.21,86.8,147.67,2.97
P102,2026-08-14 03:00:00,68.14,93.14,144.36,3.97
P102,2026-08-14 04:00:00,66.28,94.49,121.62,2.01
P102,2026-08-14 05:00:00,71.61,95.06,140.52,3.77
P102,2026-08-14 06:00:00,69.7,92.43,131.96,2.33
P102,2026-08-14 07:00:00,76.12,93.95,102.55,2.03
P102,2026-08-14 08:00:00,82.13,93.12,149.53,2.39
P102,2026-08-14 09:00:00,74.04,123.71,100.97,1.28
P102,2026-08-14 10:00:00,81.01,85.08,119.63,2.33
P102,2026-08-14 11:00:00,73.88,83.59,116.76,3.16
P102,2026-08-14 12:00:00,64.94,86.6,113.75,1.66
P102,2026-08-14 13:00:00,69.04,96.43,112.81,2.58
P102,2026-08-14 14:00:00,71.86,87.13,132.44,3.95
P102,2026-08-14 15:00:00,68.75,100.82,115.69,3.09
P102,2026-08-14 16:00:00,82.96,101.1,88.08,3.16
P102,2026-08-14 17:00:00,80.63,92.34,137.92,2.25
P102,2026-08-14 18:00:00,61.6,96.69,88.38,2.61
P102,2026-08-14 19:00:00,81.01,72.08,96.97,1.97
P102,2026-08-14 20:00:00,71.56,90.61,145.18,3.56
P102,2026-08-14 21:00:00,75.47,96.75,127.08,2.11
P102,2026-08-14 22:00:00,78.0,81.66,135.04,3.75
P102,2026-08-14 23:00:00,73.48,92.89,127.21,0.51
P103,2026-08-01 00:00:00,74.12,93.64,119.09,3.37
P103,2026-08-01 01:00:00,71.48,81.32,117.45,2.85
P103,2026-08-01 02:00:00,72.8,96.94,138.71,1.93
P103,2026-08-01 03:00:00,73.23,110.48,88.78,2.94
P103,2026-08-01 04:00:00,67.9,90.55,103.71,2.66
P103,2026-08-01 05:00:00,84.89,79.83,98.95,1.76
P103,2026-08-01 06:00:00,84.09,89.45,119.54,2.48
P103,2026-08-01 07:00:00,65.39,92.18,164.25,3.91
P103,2026-08-01 08:00:00,66.03,102.77,105.03,1.38
P103,2026-08-01 09:00:00,79.14,108.92,138.83,2.42
P103,2026-08-01 10:00:00,70.83,104.0,127.05,2.49
P103,2026-08-01 11:00:00,108.84,96.37,139.42,1.84
P103,2026-08-01 12:00:00,76.47,98.98,133.5,3.5
P103,2026-08-01 13:00:00,67.14,75.6,110.4,3.51
P103,2026-08-01 14:00:00,68.21,86.67,87.22,4.2
P103,2026-08-01 15:00:00,77.78,104.24,137.42,3.26
P103,2026-08-01 16:00:00,70.29,93.03,112.3,4.91
P103,2026-08-01 17:00:00,75.89,89.43,128.38,1.99
P103,2026-08-01 18:00:00,82.53,87.07,129.02,3.65
P103,2026-08-01 19:00:00,74.69,96.13,120.19,2.75
P103,2026-08-01 20:00:00,67.96,89.61,146.63,2.71
P103,2026-08-01 21:00:00,66.5,88.8,139.81,3.34
P103,2026-08-01 22:00:00,75.92,91.91,130.32,2.29
P103,2026-08-01 23:00:00,70.18,106.64,135.74,2.01
P103,2026-08-02 00:00:00,66.01,96.3,151.07,1.27
P103,2026-08-02 01:00:00,73.95,78.49,108.58,2.51
P103,2026-08-02 02:00:00,69.06,88.59,120.13,2.37
P103,2026-08-02 03:00:00,61.76,104.36,133.55,3.47
P103,2026-08-02 04:00:00,61.21,98.59,132.17,1.98
P103,2026-08-02 05:00:00,72.06,93.6,153.16,4.34
P103,2026-08-02 06:00:00,60.35,124.93,103.53,3.58
P103,2026-08-02 07:00:00,78.79,83.05,128.88,2.71
P103,2026-08-02 08:00:00,75.88,97.77,141.53,2.86
P103,2026-08-02 09:00:00,70.82,108.15,130.45,3.39
P103,2026-08-02 10:00:00,67.35,82.46,109.78,2.3
P103,2026-08-02 11:00:00,77.5,106.71,117.21,3.94
P103,2026-08-02 12:00:00,81.58,97.92,105.21,4.06
P103,2026-08-02 13:00:00,71.57,96.51,113.89,2.09
P103,2026-08-02 14:00:00,61.72,102.59,105.9,5.25
P103,2026-08-02 15:00:00,64.4,79.91,129.18,4.02
P103,2026-08-02 16:00:00,72.45,101.87,86.82,2.26
P103,2026-08-02 17:00:00,64.48,72.26,122.11,1.01
P103,2026-08-02 18:00:00,62.74,88.55,105.04,3.12
P103,2026-08-02 19:00:00,74.14,105.73,133.54,3.71
P103,2026-08-02 20:00:00,71.99,98.64,129.21,2.91
P103,2026-08-02 21:00:00,69.22,91.01,105.28,3.14
P103,2026-08-02 22:00:00,71.34,87.04,108.08,1.83
P103,2026-08-02 23:00:00,78.85,95.94,104.47,3.45
P103,2026-08-03 00:00:00,68.08,78.12,138.38,2.37
P103,2026-08-03 01:00:00,69.14,95.49,140.57,2.82
P103,2026-08-03 02:00:00,63.61,101.53,111.27,4.31
P103,2026-08-03 03:00:00,71.99,68.18,126.43,4.36
P103,2026-08-03 04:00:00,83.03,116.97,101.64,3.53
P103,2026-08-03 05:00:00,66.95,97.69,97.09,2.28
P103,2026-08-03 06:00:00,67.27,105.78,134.41,3.02
P103,2026-08-03 07:00:00,62.55,91.26,106.57,3.5
P103,2026-08-03 08:00:00,80.25,107.68,106.41,0.61
P103,2026-08-03 09:00:00,59.63,112.06,112.78,2.2
P103,2026-08-03 10:00:00,83.5,110.18,120.44,2.57
P103,2026-08-03 11:00:00,71.08,97.73,148.8,3.14
P103,2026-08-03 12:00:00,77.08,109.03,98.95,3.4
P103,2026-08-03 13:00:00,69.94,64.81,81.69,1.99
P103,2026-08-03 14:00:00,75.72,96.37,123.32,4.36
P103,2026-08-03 15:00:00,63.12,94.67,125.48,2.21
P103,2026-08-03 16:00:00,72.2,75.8,145.38,2.25
P103,2026-08-03 17:00:00,86.22,94.61,138.5,2.76
P103,2026-08-03 18:00:00,71.78,87.99,122.14,3.05
P103,2026-08-03 19:00:00,66.51,93.5,109.02,4.64
P103,2026-08-03 20:00:00,71.37,113.54,116.48,3.01
P103,2026-08-03 21:00:00,62.75,89.64,123.79,4.07
P103,2026-08-03 22:00:00,73.55,111.6,131.53,4.1
P103,2026-08-03 23:00:00,71.59,123.68,111.26,2.19
P103,2026-08-04 00:00:00,63.53,122.97,134.75,2.53
P103,2026-08-04 01:00:00,80.74,103.25,155.39,1.56
P103,2026-08-04 02:00:00,70.14,89.45,84.47,3.65
P103,2026-08-04 03:00:00,70.11,103.88,162.48,2.52
P103,2026-08-04 04:00:00,69.05,96.42,137.77,2.35
P103,2026-08-04 05:00:00,67.58,107.69,126.82,1.16
P103,2026-08-04 06:00:00,63.42,113.01,127.23,2.19
P103,2026-08-04 07:00:00,70.81,95.16,133.24,1.71
P103,2026-08-04 08:00:00,66.11,98.28,118.2,3.26
P103,2026-08-04 09:00:00,63.39,99.29,139.65,3.19
P103,2026-08-04 10:00:00,72.97,93.85,104.97,2.74
P103,2026-08-04 11:00:00,80.82,93.57,103.98,2.41
P103,2026-08-04 12:00:00,73.41,90.52,128.74,3.22
P103,2026-08-04 13:00:00,78.22,112.08,137.93,2.05
P103,2026-08-04 14:00:00,65.68,94.09,111.88,1.89
P103,2026-08-04 15:00:00,68.91,89.31,107.91,2.55
P103,2026-08-04 16:00:00,80.25,97.39,164.49,2.94
P103,2026-08-04 17:00:00,69.97,95.05,124.62,3.15
P103,2026-08-04 18:00:00,86.54,84.86,135.46,2.97
P103,2026-08-04 19:00:00,61.0,104.25,142.82,2.11
P103,2026-08-04 20:00:00,71.94,74.3,97.34,3.64
P103,2026-08-04 21:00:00,68.74,81.69,124.13,2.38
P103,2026-08-04 22:00:00,68.7,103.87,99.09,2.08
P103,2026-08-04 23:00:00,73.08,106.63,142.29,2.27
P103,2026-08-05 00:00:00,78.56,85.59,152.87,1.89
P103,2026-08-05 01:00:00,81.3,87.12,156.24,3.27
P103,2026-08-05 02:00:00,64.89,88.73,134.06,3.64
P103,2026-08-05 03:00:00,71.5,95.54,133.65,2.91
P103,2026-08-05 04:00:00,62.95,85.24,124.23,3.77
P103,2026-08-05 05:00:00,83.31,104.35,125.17,3.4
P103,2026-08-05 06:00:00,67.33,93.16,105.17,1.8
P103,2026-08-05 07:00:00,74.33,97.23,132.38,3.24
P103,2026-08-05 08:00:00,73.7,101.68,119.23,3.13
P103,2026-08-05 09:00:00,66.92,99.44,132.03,2.26
P103,2026-08-05 10:00:00,72.36,87.52,110.52,1.9
P103,2026-08-05 11:00:00,80.86,107.79,129.67,4.38
P103,2026-08-05 12:00:00,70.68,131.38,115.9,3.0
P103,2026-08-05 13:00:00,69.22,99.47,135.04,2.71
P103,2026-08-05 14:00:00,84.44,97.87,124.87,2.07
P103,2026-08-05 15:00:00,74.93,93.39,109.05,2.18
P103,2026-08-05 16:00:00,90.7,91.84,93.77,2.24
P103,2026-08-05 17:00:00,71.64,101.56,129.99,3.34
P103,2026-08-05 18:00:00,67.49,99.09,104.23,2.3
P103,2026-08-05 19:00:00,65.58,80.74,139.16,3.35
P103,2026-08-05 20:00:00,78.84,95.47,133.98,1.39
P103,2026-08-05 21:00:00,78.04,97.13,131.29,3.1
P103,2026-08-05 22:00:00,65.09,77.02,107.18,3.25
P103,2026-08-05 23:00:00,76.83,78.58,102.34,2.22
P103,2026-08-06 00:00:00,69.5,,94.4,2.14
P103,2026-08-06 01:00:00,72.6,80.83,117.92,3.65
P103,2026-08-06 02:00:00,62.89,92.52,138.45,2.47
P103,2026-08-06 03:00:00,67.98,108.96,114.49,3.68
P103,2026-08-06 04:00:00,75.0,90.89,128.63,3.06
P103,2026-08-06 05:00:00,79.15,88.42,120.74,2.75
P103,2026-08-06 06:00:00,76.93,82.7,138.31,3.17
P103,2026-08-06 07:00:00,62.78,109.5,160.21,3.6
P103,2026-08-06 08:00:00,81.99,96.02,90.09,1.32
P103,2026-08-06 09:00:00,73.79,87.9,103.54,2.75
P103,2026-08-06 10:00:00,76.31,77.57,111.92,4.01
P103,2026-08-06 11:00:00,64.47,105.44,111.27,3.24
P103,2026-08-06 12:00:00,79.68,103.9,136.36,1.88
P103,2026-08-06 13:00:00,79.8,84.77,124.67,3.01
P103,2026-08-06 14:00:00,75.4,99.04,104.81,1.72
P103,2026-08-06 15:00:00,78.11,97.23,140.69,2.76
P103,2026-08-06 16:00:00,62.16,106.59,113.33,3.07
P103,2026-08-06 17:00:00,67.47,114.73,104.22,2.53
P103,2026-08-06 18:00:00,72.75,81.89,125.95,4.09
P103,2026-08-06 19:00:00,68.57,99.74,70.51,2.77
P103,2026-08-06 20:00:00,69.81,85.18,139.47,2.54
P103,2026-08-06 21:00:00,70.76,90.47,85.5,1.89
P103,2026-08-06 22:00:00,78.73,69.68,106.21,2.48
P103,2026-08-06 23:00:00,84.21,104.22,109.97,3.84
P103,2026-08-07 00:00:00,66.82,107.11,95.54,3.66
P103,2026-08-07 01:00:00,69.16,82.66,116.09,3.02
P103,2026-08-07 02:00:00,68.54,101.65,109.51,3.3
P103,2026-08-07 03:00:00,75.1,94.27,112.06,2.92
P103,2026-08-07 04:00:00,75.85,119.74,136.91,3.58
P103,2026-08-07 05:00:00,93.62,101.19,128.72,3.36
P103,2026-08-07 06:00:00,64.94,89.67,110.89,3.32
P103,2026-08-07 07:00:00,70.78,96.66,139.57,3.49
P103,2026-08-07 08:00:00,70.87,86.96,140.43,3.42
P103,2026-08-07 09:00:00,60.76,91.24,122.98,3.42
P103,2026-08-07 10:00:00,78.37,98.41,130.53,2.85
P103,2026-08-07 11:00:00,67.28,91.86,120.34,2.77
P103,2026-08-07 12:00:00,58.8,90.23,121.01,2.57
P103,2026-08-07 13:00:00,70.27,100.86,100.58,1.5
P103,2026-08-07 14:00:00,69.56,104.17,150.38,3.43
P103,2026-08-07 15:00:00,61.72,92.21,124.62,2.94
P103,2026-08-07 16:00:00,75.78,84.0,121.17,3.14
P103,2026-08-07 17:00:00,77.78,85.33,113.79,0.64
P103,2026-08-07 18:00:00,67.65,88.71,101.65,2.93
P103,2026-08-07 19:00:00,71.61,67.89,123.88,2.06
P103,2026-08-07 20:00:00,75.4,79.62,120.54,2.57
P103,2026-08-07 21:00:00,74.12,96.5,115.41,1.57
P103,2026-08-07 22:00:00,61.66,87.99,119.85,2.31
P103,2026-08-07 23:00:00,76.38,91.65,102.63,2.58
P103,2026-08-08 00:00:00,73.58,98.9,153.81,2.26
P103,2026-08-08 01:00:00,71.49,100.11,119.58,2.4
P103,2026-08-08 02:00:00,61.16,88.87,100.67,1.42
P103,2026-08-08 03:00:00,66.43,82.43,130.51,3.28
P103,2026-08-08 04:00:00,65.67,91.88,86.55,2.4
P103,2026-08-08 05:00:00,74.79,104.9,107.17,3.64
P103,2026-08-08 06:00:00,61.39,80.03,132.77,4.14
P103,2026-08-08 07:00:00,75.45,94.52,80.49,1.18
P103,2026-08-08 08:00:00,72.91,90.7,100.09,2.85
P103,2026-08-08 09:00:00,72.81,106.33,122.46,3.78
P103,2026-08-08 10:00:00,72.06,93.62,139.16,2.02
P103,2026-08-08 11:00:00,91.7,99.5,126.85,3.22
P103,2026-08-08 12:00:00,85.14,104.51,91.11,3.92
P103,2026-08-08 13:00:00,69.61,96.29,96.97,3.22
P103,2026-08-08 14:00:00,67.44,96.2,114.89,4.34
P103,2026-08-08 15:00:00,85.88,95.56,121.15,2.5
P103,2026-08-08 16:00:00,79.74,91.05,112.42,3.58
P103,2026-08-08 17:00:00,68.23,94.55,91.54,3.36
P103,2026-08-08 18:00:00,85.59,103.65,146.31,2.12
P103,2026-08-08 19:00:00,73.65,83.68,115.9,3.42
P103,2026-08-08 20:00:00,72.71,78.05,96.33,1.7
P103,2026-08-08 21:00:00,75.44,119.77,144.52,1.28
P103,2026-08-08 22:00:00,81.95,106.24,92.18,2.56
P103,2026-08-08 23:00:00,79.67,101.61,96.44,3.29
P103,2026-08-09 00:00:00,57.04,92.33,140.48,2.81
P103,2026-08-09 01:00:00,68.51,105.67,137.55,3.85
P103,2026-08-09 02:00:00,78.12,107.98,133.19,3.01
P103,2026-08-09 03:00:00,72.63,92.15,98.18,2.04
P103,2026-08-09 04:00:00,70.03,97.9,145.93,2.77
P103,2026-08-09 05:00:00,79.02,107.95,115.83,3.28
P103,2026-08-09 06:00:00,70.3,110.87,131.45,1.85
P103,2026-08-09 07:00:00,73.13,114.78,116.74,3.16
P103,2026-08-09 08:00:00,75.82,82.56,129.19,1.68
P103,2026-08-09 09:00:00,67.62,107.91,126.42,2.56
P103,2026-08-09 10:00:00,75.13,94.28,120.23,3.33
P103,2026-08-09 11:00:00,66.91,95.48,114.38,1.53
P103,2026-08-09 12:00:00,65.56,113.82,126.93,1.74
P103,2026-08-09 13:00:00,61.22,93.65,148.1,2.65
P103,2026-08-09 14:00:00,81.15,99.22,128.48,1.73
P103,2026-08-09 15:00:00,78.56,90.98,135.54,2.15
P103,2026-08-09 16:00:00,73.24,99.22,117.23,3.12
P103,2026-08-09 17:00:00,70.14,87.21,148.9,3.64
P103,2026-08-09 18:00:00,66.67,101.82,106.63,1.85
P103,2026-08-09 19:00:00,79.24,74.55,136.68,2.6
P103,2026-08-09 20:00:00,70.52,99.92,130.46,2.14
P103,2026-08-09 21:00:00,77.02,96.36,97.39,2.66
P103,2026-08-09 22:00:00,81.67,115.12,132.91,1.85
P103,2026-08-09 23:00:00,75.43,105.21,133.06,3.43
P103,2026-08-10 00:00:00,74.54,94.13,109.05,1.28
P103,2026-08-10 01:00:00,74.38,97.23,130.04,1.73
P103,2026-08-10 02:00:00,76.52,119.65,121.41,10.89
P103,2026-08-10 03:00:00,74.16,119.39,101.57,2.96
P103,2026-08-10 04:00:00,66.4,88.44,119.11,3.88
P103,2026-08-10 05:00:00,84.61,100.38,113.22,4.79
P103,2026-08-10 06:00:00,69.01,88.15,88.05,3.92
P103,2026-08-10 07:00:00,78.78,124.01,94.99,3.97
P103,2026-08-10 08:00:00,72.49,104.67,90.34,3.97
P103,2026-08-10 09:00:00,77.51,94.53,131.61,2.19
P103,2026-08-10 10:00:00,67.94,89.44,86.65,3.49
P103,2026-08-10 11:00:00,80.34,86.58,126.27,2.59
P103,2026-08-10 12:00:00,,87.47,104.1,3.64
P103,2026-08-10 13:00:00,71.55,119.27,120.83,2.06
P103,2026-08-10 14:00:00,80.59,102.57,133.08,3.75
P103,2026-08-10 15:00:00,67.43,93.47,116.91,1.77
P103,2026-08-10 16:00:00,70.15,111.04,124.27,1.72
P103,2026-08-10 17:00:00,61.11,114.98,118.37,2.28
P103,2026-08-10 18:00:00,70.08,77.27,145.62,2.49
P103,2026-08-10 19:00:00,81.57,95.62,145.73,3.01
P103,2026-08-10 20:00:00,77.97,103.63,131.22,3.08
P103,2026-08-10 21:00:00,70.37,117.99,103.68,2.8
P103,2026-08-10 22:00:00,72.1,99.83,112.27,3.05
P103,2026-08-10 23:00:00,70.82,76.02,120.17,1.92
P103,2026-08-11 00:00:00,59.86,96.64,128.78,3.22
P103,2026-08-11 01:00:00,75.97,71.81,95.5,4.38
P103,2026-08-11 02:00:00,64.67,102.33,107.64,2.86
P103,2026-08-11 03:00:00,67.57,101.74,122.46,2.44
P103,2026-08-11 04:00:00,64.65,98.21,98.17,3.14
P103,2026-08-11 05:00:00,90.39,111.2,132.93,2.73
P103,2026-08-11 06:00:00,58.43,79.13,143.09,2.17
P103,2026-08-11 07:00:00,67.11,93.01,100.88,1.82
P103,2026-08-11 08:00:00,71.65,84.3,106.66,2.18
P103,2026-08-11 09:00:00,75.66,92.21,116.79,3.28
P103,2026-08-11 10:00:00,71.01,91.66,128.47,3.33
P103,2026-08-11 11:00:00,70.97,95.97,105.93,2.11
P103,2026-08-11 12:00:00,77.38,100.34,128.2,3.02
P103,2026-08-11 13:00:00,72.32,103.36,136.83,3.53
P103,2026-08-11 14:00:00,71.29,111.64,124.11,3.31
P103,2026-08-11 15:00:00,73.97,97.96,106.76,3.36
P103,2026-08-11 16:00:00,91.92,90.5,121.28,2.44
P103,2026-08-11 17:00:00,68.58,113.53,107.89,2.42
P103,2026-08-11 18:00:00,60.89,85.91,89.25,3.31
P103,2026-08-11 19:00:00,91.6,90.6,90.0,3.52
P103,2026-08-11 20:00:00,66.91,110.59,114.92,2.29
P103,2026-08-11 21:00:00,70.75,104.09,115.91,2.4
P103,2026-08-11 22:00:00,70.61,79.74,127.15,1.37
P103,2026-08-11 23:00:00,68.89,104.11,125.45,3.27
P103,2026-08-12 00:00:00,71.54,109.04,136.64,3.16
P103,2026-08-12 01:00:00,78.49,104.01,112.09,1.72
P103,2026-08-12 02:00:00,74.94,101.55,139.63,2.05
P103,2026-08-12 03:00:00,65.65,100.52,118.72,1.29
P103,2026-08-12 04:00:00,74.63,72.77,102.99,3.88
P103,2026-08-12 05:00:00,84.77,80.41,114.07,2.83
P103,2026-08-12 06:00:00,84.47,89.09,111.42,4.04
P103,2026-08-12 07:00:00,69.38,103.67,93.41,2.66
P103,2026-08-12 08:00:00,60.38,82.33,135.11,2.76
P103,2026-08-12 09:00:00,69.77,86.02,116.03,3.04
P103,2026-08-12 10:00:00,78.88,63.5,105.03,2.93
P103,2026-08-12 11:00:00,71.31,99.84,124.82,2.56
P103,2026-08-12 12:00:00,68.31,92.05,140.68,2.21
P103,2026-08-12 13:00:00,71.56,97.2,148.09,2.56
P103,2026-08-12 14:00:00,78.71,109.78,118.85,2.63
P103,2026-08-12 15:00:00,69.7,91.93,135.38,2.98
P103,2026-08-12 16:00:00,73.65,81.5,102.59,4.51
P103,2026-08-12 17:00:00,70.76,85.7,145.76,3.03
P103,2026-08-12 18:00:00,76.05,93.34,114.26,2.66
P103,2026-08-12 19:00:00,62.32,93.94,125.33,4.28
P103,2026-08-12 20:00:00,72.6,66.99,118.31,4.99
P103,2026-08-12 21:00:00,78.06,85.27,130.64,2.21
P103,2026-08-12 22:00:00,62.52,90.82,121.65,1.3
P103,2026-08-12 23:00:00,63.96,95.12,112.65,3.12
P103,2026-08-13 00:00:00,63.5,103.57,98.69,4.11
P103,2026-08-13 01:00:00,59.99,81.89,127.51,4.13
P103,2026-08-13 02:00:00,74.21,101.75,120.32,1.98
P103,2026-08-13 03:00:00,68.57,80.46,96.98,3.12
P103,2026-08-13 04:00:00,64.14,98.83,96.57,3.04
P103,2026-08-13 05:00:00,68.58,111.88,125.83,3.79
P103,2026-08-13 06:00:00,66.71,95.67,102.34,2.47
P103,2026-08-13 07:00:00,70.17,86.29,98.12,1.67
P103,2026-08-13 08:00:00,55.62,82.32,131.29,1.52
P103,2026-08-13 09:00:00,62.42,116.49,108.54,3.06
P103,2026-08-13 10:00:00,76.5,102.95,92.6,2.62
P103,2026-08-13 11:00:00,60.67,124.36,91.29,1.96
P103,2026-08-13 12:00:00,64.72,77.04,144.35,4.74
P103,2026-08-13 13:00:00,68.67,79.15,79.74,2.6
P103,2026-08-13 14:00:00,69.79,87.18,123.98,3.12
P103,2026-08-13 15:00:00,74.26,91.21,100.17,3.33
P103,2026-08-13 16:00:00,72.09,105.66,134.22,1.66
P103,2026-08-13 17:00:00,61.96,85.93,100.99,3.4
P103,2026-08-13 18:00:00,74.46,108.19,127.14,2.97
P103,2026-08-13 19:00:00,80.4,100.64,121.23,3.98
P103,2026-08-13 20:00:00,72.81,91.35,104.92,3.36
P103,2026-08-13 21:00:00,80.66,94.39,143.54,1.22
P103,2026-08-13 22:00:00,71.61,94.52,106.91,4.71
P103,2026-08-13 23:00:00,71.54,90.11,120.47,1.2
P103,2026-08-14 00:00:00,66.68,106.8,108.68,2.14
P103,2026-08-14 01:00:00,81.17,111.08,129.31,2.44
P103,2026-08-14 02:00:00,70.32,85.35,102.09,1.96
P103,2026-08-14 03:00:00,67.67,82.58,91.85,2.98
P103,2026-08-14 04:00:00,73.64,115.41,107.97,3.04
P103,2026-08-14 05:00:00,74.19,91.95,133.4,3.42
P103,2026-08-14 06:00:00,74.29,91.93,113.56,1.71
P103,2026-08-14 07:00:00,66.36,87.54,99.77,3.15
P103,2026-08-14 08:00:00,80.38,84.1,125.1,1.97
P103,2026-08-14 09:00:00,69.87,86.72,130.83,2.26
P103,2026-08-14 10:00:00,79.08,92.05,108.31,1.8
P103,2026-08-14 11:00:00,73.77,105.74,124.92,4.59
P103,2026-08-14 12:00:00,82.01,91.31,114.28,3.18
P103,2026-08-14 13:00:00,66.13,109.0,126.51,3.01
P103,2026-08-14 14:00:00,76.81,115.67,123.08,2.71
P103,2026-08-14 15:00:00,82.56,106.61,114.22,2.8
P103,2026-08-14 16:00:00,73.37,99.34,95.58,1.57
P103,2026-08-14 17:00:00,65.79,83.42,108.41,3.31
P103,2026-08-14 18:00:00,70.82,97.36,97.96,2.43
P103,2026-08-14 19:00:00,76.11,102.14,106.96,2.93
P103,2026-08-14 20:00:00,87.39,94.79,107.52,2.66
P103,2026-08-14 21:00:00,72.65,93.19,119.44,1.65
P103,2026-08-14 22:00:00,65.26,93.21,117.03,2.35
P103,2026-08-14 23:00:00,70.76,95.73,136.01,2.72
P104,2026-08-01 00:00:00,74.79,88.5,130.3,3.1
P104,2026-08-01 01:00:00,78.06,103.56,130.6,2.72
P104,2026-08-01 02:00:00,73.71,107.76,108.26,2.3
P104,2026-08-01 03:00:00,73.27,99.98,105.17,8.55
P104,2026-08-01 04:00:00,71.34,68.42,116.05,2.67
P104,2026-08-01 05:00:00,70.88,111.99,98.12,2.14
P104,2026-08-01 06:00:00,53.71,89.23,112.88,2.39
P104,2026-08-01 07:00:00,79.75,105.33,121.4,2.5
P104,2026-08-01 08:00:00,79.18,94.76,105.27,1.43
P104,2026-08-01 09:00:00,68.91,104.06,160.98,2.85
P104,2026-08-01 10:00:00,66.64,80.78,129.94,1.39
P104,2026-08-01 11:00:00,75.85,104.81,127.85,2.62
P104,2026-08-01 12:00:00,75.95,97.05,105.99,4.28
P104,2026-08-01 13:00:00,69.54,104.31,76.46,3.82
P104,2026-08-01 14:00:00,82.28,95.36,130.06,3.25
P104,2026-08-01 15:00:00,67.5,101.57,105.44,2.31
P104,2026-08-01 16:00:00,79.89,106.7,107.29,2.21
P104,2026-08-01 17:00:00,67.48,103.79,102.0,3.09
P104,2026-08-01 18:00:00,77.23,93.94,138.18,2.56
P104,2026-08-01 19:00:00,70.5,83.27,138.31,2.19
P104,2026-08-01 20:00:00,74.45,94.14,101.05,2.31
P104,2026-08-01 21:00:00,81.68,97.42,101.84,3.04
P104,2026-08-01 22:00:00,70.98,136.45,125.13,2.5
P104,2026-08-01 23:00:00,81.94,72.91,121.7,4.4
P104,2026-08-02 00:00:00,71.19,74.2,112.87,3.96
P104,2026-08-02 01:00:00,74.63,84.93,107.67,2.35
P104,2026-08-02 02:00:00,74.53,111.06,138.94,3.16
P104,2026-08-02 03:00:00,62.68,79.06,129.6,1.72
P104,2026-08-02 04:00:00,70.42,98.65,99.52,1.98
P104,2026-08-02 05:00:00,71.34,101.04,139.11,3.29
P104,2026-08-02 06:00:00,72.52,86.05,100.72,2.39
P104,2026-08-02 07:00:00,74.87,99.04,82.2,2.17
P104,2026-08-02 08:00:00,80.43,95.95,94.49,4.68
P104,2026-08-02 09:00:00,71.8,99.61,127.19,2.51
P104,2026-08-02 10:00:00,66.91,120.46,138.06,3.46
P104,2026-08-02 11:00:00,76.03,82.96,143.0,2.13
P104,2026-08-02 12:00:00,73.98,75.33,83.26,3.05
P104,2026-08-02 13:00:00,66.34,71.13,129.73,4.5
P104,2026-08-02 14:00:00,81.73,91.91,120.16,3.51
P104,2026-08-02 15:00:00,79.85,90.88,120.62,3.04
P104,2026-08-02 16:00:00,75.88,93.4,117.84,3.9
P104,2026-08-02 17:00:00,80.47,100.73,150.94,2.49
P104,2026-08-02 18:00:00,83.36,101.51,178.88,1.85
P104,2026-08-02 19:00:00,67.17,100.03,127.15,4.36
P104,2026-08-02 20:00:00,67.32,105.86,140.92,3.36
P104,2026-08-02 21:00:00,65.27,111.89,142.13,3.28
P104,2026-08-02 22:00:00,73.43,97.71,118.58,3.31
P104,2026-08-02 23:00:00,72.22,84.82,101.13,2.2
P104,2026-08-03 00:00:00,73.55,94.68,123.88,3.2
P104,2026-08-03 01:00:00,67.61,112.59,115.18,2.45
P104,2026-08-03 02:00:00,75.38,72.96,105.77,3.58
P104,2026-08-03 03:00:00,59.84,108.41,147.2,2.5
P104,2026-08-03 04:00:00,74.04,108.43,111.6,3.49
P104,2026-08-03 05:00:00,67.3,89.27,105.61,3.07
P104,2026-08-03 06:00:00,80.11,92.79,97.12,1.93
P104,2026-08-03 07:00:00,74.76,117.13,127.09,2.49
P104,2026-08-03 08:00:00,77.36,92.13,113.19,2.03
P104,2026-08-03 09:00:00,81.86,64.53,134.36,2.43
P104,2026-08-03 10:00:00,69.13,115.31,107.15,2.26
P104,2026-08-03 11:00:00,71.09,99.97,112.05,1.54
P104,2026-08-03 12:00:00,65.94,110.38,121.35,3.16
P104,2026-08-03 13:00:00,70.17,87.09,150.2,2.65
P104,2026-08-03 14:00:00,68.9,108.15,107.0,2.32
P104,2026-08-03 15:00:00,72.07,95.0,124.67,4.47
P104,2026-08-03 16:00:00,74.35,66.46,125.87,2.83
P104,2026-08-03 17:00:00,72.3,97.95,119.48,2.76
P104,2026-08-03 18:00:00,76.29,88.5,102.94,5.22
P104,2026-08-03 19:00:00,66.99,96.2,93.08,2.89
P104,2026-08-03 20:00:00,65.47,89.69,138.81,3.18
P104,2026-08-03 21:00:00,75.98,73.75,153.06,1.85
P104,2026-08-03 22:00:00,82.7,107.26,130.39,2.12
P104,2026-08-03 23:00:00,73.06,89.35,120.52,2.6
P104,2026-08-04 00:00:00,57.73,108.46,118.54,2.41
P104,2026-08-04 01:00:00,68.08,99.3,103.91,1.0
P104,2026-08-04 02:00:00,74.85,101.23,116.41,1.88
P104,2026-08-04 03:00:00,72.62,77.43,101.51,2.2
P104,2026-08-04 04:00:00,77.91,90.65,111.94,4.36
P104,2026-08-04 05:00:00,74.47,99.07,113.35,2.32
P104,2026-08-04 06:00:00,56.7,106.62,128.07,2.66
P104,2026-08-04 07:00:00,71.04,103.83,92.02,2.33
P104,2026-08-04 08:00:00,64.05,116.26,135.76,1.04
P104,2026-08-04 09:00:00,61.4,93.41,111.5,1.74
P104,2026-08-04 10:00:00,85.61,98.75,128.55,2.25
P104,2026-08-04 11:00:00,77.06,90.43,114.9,3.29
P104,2026-08-04 12:00:00,60.6,114.16,123.28,3.82
P104,2026-08-04 13:00:00,64.47,83.92,99.09,3.0
P104,2026-08-04 14:00:00,72.46,89.43,101.75,1.79
P104,2026-08-04 15:00:00,71.66,89.41,107.66,4.04
P104,2026-08-04 16:00:00,71.42,110.24,110.4,3.0
P104,2026-08-04 17:00:00,71.61,74.63,145.71,2.69
P104,2026-08-04 18:00:00,77.22,85.98,117.03,2.11
P104,2026-08-04 19:00:00,80.65,98.74,126.61,3.89
P104,2026-08-04 20:00:00,80.09,104.18,94.41,2.24
P104,2026-08-04 21:00:00,64.97,103.73,123.07,1.69
P104,2026-08-04 22:00:00,70.68,77.07,119.04,1.48
P104,2026-08-04 23:00:00,75.7,99.54,154.34,3.48
P104,2026-08-05 00:00:00,109.77,104.82,94.84,2.03
P104,2026-08-05 01:00:00,74.33,69.1,119.33,1.98
P104,2026-08-05 02:00:00,72.71,82.07,127.64,2.82
P104,2026-08-05 03:00:00,81.8,95.08,106.16,2.6
P104,2026-08-05 04:00:00,62.59,99.87,130.62,4.78
P104,2026-08-05 05:00:00,67.65,91.79,109.64,2.97
P104,2026-08-05 06:00:00,74.67,94.36,139.55,2.31
P104,2026-08-05 07:00:00,78.9,101.46,119.78,2.55
P104,2026-08-05 08:00:00,88.99,85.2,125.36,2.2
P104,2026-08-05 09:00:00,84.5,105.64,107.79,3.21
P104,2026-08-05 10:00:00,73.8,88.8,133.65,3.11
P104,2026-08-05 11:00:00,73.51,94.5,127.76,2.98
P104,2026-08-05 12:00:00,72.41,87.31,150.49,1.96
P104,2026-08-05 13:00:00,74.99,91.16,151.67,2.08
P104,2026-08-05 14:00:00,66.85,83.36,125.82,1.7
P104,2026-08-05 15:00:00,68.65,69.17,124.33,2.4
P104,2026-08-05 16:00:00,61.58,108.03,96.46,3.44
P104,2026-08-05 17:00:00,67.09,114.22,133.49,1.99
P104,2026-08-05 18:00:00,65.58,102.27,115.28,2.66
P104,2026-08-05 19:00:00,80.91,86.02,121.64,3.56
P104,2026-08-05 20:00:00,77.66,93.08,114.8,1.41
P104,2026-08-05 21:00:00,64.61,98.82,117.52,2.86
P104,2026-08-05 22:00:00,79.27,80.75,115.75,2.95
P104,2026-08-05 23:00:00,67.07,112.18,136.35,3.03
P104,2026-08-06 00:00:00,84.56,77.01,119.86,3.09
P104,2026-08-06 01:00:00,65.6,98.61,100.08,3.35
P104,2026-08-06 02:00:00,79.4,98.27,86.65,2.03
P104,2026-08-06 03:00:00,75.95,95.25,71.51,3.79
P104,2026-08-06 04:00:00,72.96,85.17,137.91,2.26
P104,2026-08-06 05:00:00,67.18,99.3,152.06,4.1
P104,2026-08-06 06:00:00,74.52,100.55,134.25,1.79
P104,2026-08-06 07:00:00,76.51,86.19,125.73,2.62
P104,2026-08-06 08:00:00,75.51,96.42,64.69,2.94
P104,2026-08-06 09:00:00,76.5,100.35,118.15,4.11
P104,2026-08-06 10:00:00,74.18,100.25,138.8,3.09
P104,2026-08-06 11:00:00,65.71,65.74,111.41,3.41
P104,2026-08-06 12:00:00,69.53,104.61,122.68,3.83
P104,2026-08-06 13:00:00,69.93,100.61,129.11,4.0
P104,2026-08-06 14:00:00,60.05,89.5,135.27,4.04
P104,2026-08-06 15:00:00,73.68,91.49,133.63,3.49
P104,2026-08-06 16:00:00,69.48,98.96,141.25,4.31
P104,2026-08-06 17:00:00,77.2,95.53,119.03,3.25
P104,2026-08-06 18:00:00,71.19,97.28,100.96,3.84
P104,2026-08-06 19:00:00,64.02,89.81,121.76,4.39
P104,2026-08-06 20:00:00,69.04,87.01,110.09,4.13
P104,2026-08-06 21:00:00,52.31,82.97,169.16,3.27
P104,2026-08-06 22:00:00,64.26,94.5,121.21,3.48
P104,2026-08-06 23:00:00,84.88,99.66,110.28,3.43
P104,2026-08-07 00:00:00,67.11,82.6,88.32,1.55
P104,2026-08-07 01:00:00,65.72,80.87,125.64,1.84
P104,2026-08-07 02:00:00,49.99,82.47,111.51,2.32
P104,2026-08-07 03:00:00,82.64,87.64,135.86,2.78
P104,2026-08-07 04:00:00,71.7,,118.94,2.19
P104,2026-08-07 05:00:00,73.19,92.17,103.0,3.59
P104,2026-08-07 06:00:00,74.99,89.62,122.62,2.73
P104,2026-08-07 07:00:00,65.93,95.85,108.82,2.04
P104,2026-08-07 08:00:00,60.64,90.7,130.21,2.24
P104,2026-08-07 09:00:00,89.64,105.63,143.48,3.44
P104,2026-08-07 10:00:00,84.97,85.56,73.91,2.44
P104,2026-08-07 11:00:00,75.91,96.82,124.96,3.86
P104,2026-08-07 12:00:00,74.67,104.59,103.09,1.92
P104,2026-08-07 13:00:00,83.3,96.21,108.78,2.3
P104,2026-08-07 14:00:00,67.46,86.49,96.9,1.6
P104,2026-08-07 15:00:00,70.63,87.88,139.93,3.03
P104,2026-08-07 16:00:00,73.86,86.08,117.82,3.09
P104,2026-08-07 17:00:00,77.01,93.87,139.42,2.81
P104,2026-08-07 18:00:00,77.55,89.12,87.37,3.01
P104,2026-08-07 19:00:00,77.08,101.9,127.6,2.52
P104,2026-08-07 20:00:00,66.35,101.62,127.68,2.35
P104,2026-08-07 21:00:00,79.77,84.41,109.5,4.11
P104,2026-08-07 22:00:00,78.08,90.7,125.17,2.92
P104,2026-08-07 23:00:00,52.78,84.12,119.08,2.51
P104,2026-08-08 00:00:00,73.73,108.55,114.21,1.95
P104,2026-08-08 01:00:00,74.27,91.08,117.19,2.57
P104,2026-08-08 02:00:00,87.69,68.11,113.01,2.8
P104,2026-08-08 03:00:00,66.53,105.8,134.64,2.76
P104,2026-08-08 04:00:00,70.11,93.66,118.11,2.74
P104,2026-08-08 05:00:00,70.68,98.03,133.56,1.82
P104,2026-08-08 06:00:00,64.65,74.02,135.6,3.0
P104,2026-08-08 07:00:00,75.54,77.85,152.13,2.31
P104,2026-08-08 08:00:00,73.18,105.25,102.23,2.36
P104,2026-08-08 09:00:00,73.25,129.29,125.42,4.09
P104,2026-08-08 10:00:00,80.44,99.42,102.19,3.65
P104,2026-08-08 11:00:00,61.51,114.21,123.6,0.68
P104,2026-08-08 12:00:00,69.62,102.85,115.73,3.37
P104,2026-08-08 13:00:00,66.05,79.33,118.71,2.83
P104,2026-08-08 14:00:00,69.56,109.73,104.7,3.05
P104,2026-08-08 15:00:00,72.48,76.32,96.26,2.81
P104,2026-08-08 16:00:00,85.87,101.95,88.94,0.31
P104,2026-08-08 17:00:00,77.13,93.85,140.54,2.1
P104,2026-08-08 18:00:00,74.45,105.15,111.95,2.46
P104,2026-08-08 19:00:00,72.18,101.51,119.74,3.58
P104,2026-08-08 20:00:00,68.77,79.06,155.59,2.32
P104,2026-08-08 21:00:00,68.02,94.21,121.21,2.49
P104,2026-08-08 22:00:00,71.88,94.52,123.15,0.91
P104,2026-08-08 23:00:00,,93.23,130.45,1.7
P104,2026-08-09 00:00:00,68.7,86.93,146.46,2.33
P104,2026-08-09 01:00:00,77.31,87.19,111.85,2.6
P104,2026-08-09 02:00:00,80.99,72.32,96.32,1.24
P104,2026-08-09 03:00:00,64.39,85.26,90.94,2.21
P104,2026-08-09 04:00:00,57.9,82.78,141.61,3.12
P104,2026-08-09 05:00:00,73.31,82.97,92.35,1.89
P104,2026-08-09 06:00:00,71.7,105.42,136.24,3.3
P104,2026-08-09 07:00:00,66.84,95.29,114.22,2.64
P104,2026-08-09 08:00:00,86.26,73.86,115.78,3.77
P104,2026-08-09 09:00:00,61.74,87.28,110.48,2.62
P104,2026-08-09 10:00:00,60.83,102.14,131.99,3.21
P104,2026-08-09 11:00:00,65.91,96.04,103.81,2.53
P104,2026-08-09 12:00:00,87.07,96.15,98.62,2.94
P104,2026-08-09 13:00:00,62.54,80.61,101.26,2.44
P104,2026-08-09 14:00:00,78.56,101.94,129.41,1.92
P104,2026-08-09 15:00:00,68.21,98.26,108.69,2.58
P104,2026-08-09 16:00:00,75.09,90.81,124.07,4.07
P104,2026-08-09 17:00:00,70.8,109.15,130.07,1.63
P104,2026-08-09 18:00:00,64.29,85.0,104.61,2.73
P104,2026-08-09 19:00:00,76.3,110.06,125.55,2.44
P104,2026-08-09 20:00:00,57.42,95.85,120.46,2.95
P104,2026-08-09 21:00:00,86.74,109.89,134.13,2.03
P104,2026-08-09 22:00:00,68.41,93.86,106.04,3.2
P104,2026-08-09 23:00:00,74.5,81.94,141.54,2.88
P104,2026-08-10 00:00:00,59.9,94.38,125.06,3.58
P104,2026-08-10 01:00:00,69.64,104.94,123.37,1.75
P104,2026-08-10 02:00:00,62.09,108.47,141.53,3.06
P104,2026-08-10 03:00:00,82.47,107.68,132.31,2.07
P104,2026-08-10 04:00:00,84.12,101.44,113.05,2.27
P104,2026-08-10 05:00:00,73.8,74.95,132.59,2.04
P104,2026-08-10 06:00:00,74.59,88.74,115.24,2.19
P104,2026-08-10 07:00:00,70.87,117.67,144.93,3.08
P104,2026-08-10 08:00:00,71.82,105.13,140.34,2.14
P104,2026-08-10 09:00:00,71.46,73.14,140.22,4.45
P104,2026-08-10 10:00:00,72.56,69.5,130.96,2.08
P104,2026-08-10 11:00:00,67.36,102.52,124.58,2.41
P104,2026-08-10 12:00:00,67.45,96.51,112.63,1.91
P104,2026-08-10 13:00:00,69.67,99.08,116.79,1.67
P104,2026-08-10 14:00:00,78.92,62.13,111.97,2.3
P104,2026-08-10 15:00:00,73.04,101.74,140.28,2.23
P104,2026-08-10 16:00:00,76.11,97.35,89.19,4.32
P104,2026-08-10 17:00:00,61.93,100.03,127.02,3.02
P104,2026-08-10 18:00:00,68.54,104.93,91.91,2.75
P104,2026-08-10 19:00:00,68.05,86.87,127.72,3.66
P104,2026-08-10 20:00:00,69.6,104.37,120.9,2.09
P104,2026-08-10 21:00:00,70.19,91.41,107.46,3.14
P104,2026-08-10 22:00:00,73.64,75.91,90.27,3.14
P104,2026-08-10 23:00:00,66.29,98.62,134.06,1.78
P104,2026-08-11 00:00:00,62.12,115.09,126.33,2.46
P104,2026-08-11 01:00:00,65.46,88.87,98.57,3.51
P104,2026-08-11 02:00:00,66.56,108.12,112.79,1.97
P104,2026-08-11 03:00:00,69.02,63.51,117.83,2.66
P104,2026-08-11 04:00:00,77.77,72.36,140.91,3.46
P104,2026-08-11 05:00:00,80.76,94.37,138.25,1.62
P104,2026-08-11 06:00:00,76.99,85.75,90.27,1.9
P104,2026-08-11 07:00:00,72.04,85.11,126.77,1.35
P104,2026-08-11 08:00:00,57.11,111.47,136.27,1.96
P104,2026-08-11 09:00:00,71.98,107.23,127.55,2.92
P104,2026-08-11 10:00:00,79.67,86.23,120.56,2.79
P104,2026-08-11 11:00:00,70.09,90.32,121.31,2.83
P104,2026-08-11 12:00:00,64.66,104.62,102.43,2.63
P104,2026-08-11 13:00:00,69.93,99.3,81.86,3.51
P104,2026-08-11 14:00:00,67.26,109.64,111.39,2.76
P104,2026-08-11 15:00:00,85.4,91.67,142.3,2.83
P104,2026-08-11 16:00:00,74.91,95.84,135.26,2.25
P104,2026-08-11 17:00:00,65.11,87.34,121.79,2.62
P104,2026-08-11 18:00:00,76.97,110.66,102.43,2.21
P104,2026-08-11 19:00:00,61.95,119.36,125.48,3.18
P104,2026-08-11 20:00:00,62.62,94.99,129.17,2.6
P104,2026-08-11 21:00:00,79.53,122.74,102.95,1.98
P104,2026-08-11 22:00:00,65.86,114.27,138.76,2.69
P104,2026-08-11 23:00:00,72.26,85.2,136.02,2.5
P104,2026-08-12 00:00:00,70.18,102.31,116.62,2.61
P104,2026-08-12 01:00:00,72.07,104.54,149.64,3.27
P104,2026-08-12 02:00:00,77.62,92.6,107.26,3.32
P104,2026-08-12 03:00:00,73.2,77.93,114.09,2.73
P104,2026-08-12 04:00:00,68.43,112.78,128.64,3.9
P104,2026-08-12 05:00:00,73.84,95.98,103.14,2.81
P104,2026-08-12 06:00:00,72.09,78.59,110.29,2.54
P104,2026-08-12 07:00:00,74.89,100.54,109.54,3.18
P104,2026-08-12 08:00:00,70.73,60.56,111.28,3.66
P104,2026-08-12 09:00:00,60.23,96.35,148.53,2.19
P104,2026-08-12 10:00:00,72.02,79.35,149.29,2.73
P104,2026-08-12 11:00:00,72.33,111.25,131.91,2.1
P104,2026-08-12 12:00:00,67.47,100.94,108.77,1.11
P104,2026-08-12 13:00:00,71.63,77.24,149.09,2.94
P104,2026-08-12 14:00:00,65.66,86.62,85.99,1.92
P104,2026-08-12 15:00:00,79.11,121.78,133.08,2.73
P104,2026-08-12 16:00:00,68.98,83.52,157.08,2.65
P104,2026-08-12 17:00:00,86.81,111.72,88.67,2.27
P104,2026-08-12 18:00:00,67.32,94.04,118.91,5.2
P104,2026-08-12 19:00:00,64.46,97.75,131.1,2.8
P104,2026-08-12 20:00:00,72.77,82.46,121.92,3.21
P104,2026-08-12 21:00:00,74.29,101.84,145.43,3.55
P104,2026-08-12 22:00:00,72.5,80.94,109.2,2.62
P104,2026-08-12 23:00:00,73.77,89.26,103.16,1.85
P104,2026-08-13 00:00:00,60.44,92.18,93.55,2.0
P104,2026-08-13 01:00:00,69.24,78.97,126.84,3.39
P104,2026-08-13 02:00:00,68.15,89.76,129.67,2.23
P104,2026-08-13 03:00:00,66.52,109.36,135.92,3.28
P104,2026-08-13 04:00:00,78.48,71.27,144.37,3.11
P104,2026-08-13 05:00:00,79.08,99.65,120.88,2.58
P104,2026-08-13 06:00:00,74.57,91.26,135.62,1.53
P104,2026-08-13 07:00:00,68.21,119.54,108.73,2.61
P104,2026-08-13 08:00:00,65.82,99.03,106.75,2.65
P104,2026-08-13 09:00:00,77.94,86.61,134.2,3.46
P104,2026-08-13 10:00:00,79.38,96.69,178.34,3.64
P104,2026-08-13 11:00:00,74.27,84.49,118.25,3.94
P104,2026-08-13 12:00:00,83.97,112.74,134.13,1.8
P104,2026-08-13 13:00:00,75.41,80.1,93.23,2.99
P104,2026-08-13 14:00:00,75.66,105.84,128.95,3.23
P104,2026-08-13 15:00:00,65.11,93.74,92.87,1.2
P104,2026-08-13 16:00:00,77.18,85.96,135.7,3.69
P104,2026-08-13 17:00:00,67.66,102.08,108.1,1.32
P104,2026-08-13 18:00:00,72.86,89.35,112.08,4.38
P104,2026-08-13 19:00:00,61.32,99.59,102.09,3.53
P104,2026-08-13 20:00:00,74.09,99.55,102.99,2.19
P104,2026-08-13 21:00:00,78.49,116.25,128.65,2.08
P104,2026-08-13 22:00:00,74.37,124.13,121.84,3.97
P104,2026-08-13 23:00:00,66.82,94.49,131.15,3.12
P104,2026-08-14 00:00:00,66.64,85.29,137.79,3.75
P104,2026-08-14 01:00:00,82.59,116.65,122.42,2.55
P104,2026-08-14 02:00:00,81.46,103.56,102.32,1.97
P104,2026-08-14 03:00:00,75.44,92.87,119.52,3.66
P104,2026-08-14 04:00:00,77.31,110.96,85.23,3.0
P104,2026-08-14 05:00:00,76.86,76.68,108.21,2.13
P104,2026-08-14 06:00:00,72.15,114.53,156.41,2.15
P104,2026-08-14 07:00:00,75.69,101.71,126.98,3.12
P104,2026-08-14 08:00:00,74.13,115.25,139.84,1.95
P104,2026-08-14 09:00:00,77.57,105.71,125.67,3.71
P104,2026-08-14 10:00:00,73.32,97.41,122.18,1.19
P104,2026-08-14 11:00:00,71.44,86.98,98.64,3.95
P104,2026-08-14 12:00:00,75.53,94.64,109.83,3.04
P104,2026-08-14 13:00:00,78.94,85.08,119.91,3.49
P104,2026-08-14 14:00:00,58.45,94.31,112.27,2.69
P104,2026-08-14 15:00:00,68.49,96.65,154.63,2.54
P104,2026-08-14 16:00:00,74.04,118.94,110.1,4.25
P104,2026-08-14 17:00:00,72.04,116.38,133.5,3.05
P104,2026-08-14 18:00:00,71.54,87.51,121.36,3.52
P104,2026-08-14 19:00:00,71.91,91.2,115.49,3.59
P104,2026-08-14 20:00:00,80.58,86.99,107.97,3.1
P104,2026-08-14 21:00:00,82.69,108.75,97.47,2.59
P104,2026-08-14 22:00:00,65.49,91.79,148.88,1.66
P104,2026-08-14 23:00:00,60.67,85.06,125.17,3.3
P105,2026-08-01 00:00:00,75.06,109.11,88.26,3.75
P105,2026-08-01 01:00:00,69.82,103.78,96.18,2.8
P105,2026-08-01 02:00:00,109.99,108.87,91.47,2.82
P105,2026-08-01 03:00:00,64.4,101.07,133.99,3.83
P105,2026-08-01 04:00:00,68.25,106.13,144.5,1.49
P105,2026-08-01 05:00:00,76.29,106.5,115.34,1.83
P105,2026-08-01 06:00:00,78.6,80.61,116.79,2.77
P105,2026-08-01 07:00:00,77.01,87.48,107.68,2.88
P105,2026-08-01 08:00:00,79.04,122.45,92.87,3.05
P105,2026-08-01 09:00:00,64.39,107.23,103.11,2.26
P105,2026-08-01 10:00:00,67.88,94.09,125.82,3.19
P105,2026-08-01 11:00:00,71.96,79.04,133.1,2.76
P105,2026-08-01 12:00:00,80.13,86.51,91.16,2.77
P105,2026-08-01 13:00:00,81.07,96.93,116.41,2.1
P105,2026-08-01 14:00:00,84.3,82.64,106.94,3.26
P105,2026-08-01 15:00:00,59.01,110.3,131.24,3.52
P105,2026-08-01 16:00:00,75.91,93.07,100.86,2.69
P105,2026-08-01 17:00:00,65.17,100.83,134.52,3.98
P105,2026-08-01 18:00:00,74.6,106.09,114.65,2.42
P105,2026-08-01 19:00:00,75.32,90.36,124.85,1.95
P105,2026-08-01 20:00:00,65.83,102.62,135.96,2.01
P105,2026-08-01 21:00:00,76.69,88.61,120.3,3.93
P105,2026-08-01 22:00:00,,104.55,154.36,2.24
P105,2026-08-01 23:00:00,65.1,86.33,115.42,0.92
P105,2026-08-02 00:00:00,70.55,88.47,134.11,3.08
P105,2026-08-02 01:00:00,67.8,102.08,133.02,2.19
P105,2026-08-02 02:00:00,68.55,68.3,100.37,2.21
P105,2026-08-02 03:00:00,72.52,83.66,110.76,1.82
P105,2026-08-02 04:00:00,73.2,100.11,127.24,2.81
P105,2026-08-02 05:00:00,61.21,87.56,112.67,2.48
P105,2026-08-02 06:00:00,72.52,112.11,134.62,2.01
P105,2026-08-02 07:00:00,76.75,102.68,105.49,3.48
P105,2026-08-02 08:00:00,70.88,78.08,128.19,2.97
P105,2026-08-02 09:00:00,70.41,94.55,107.06,3.29
P105,2026-08-02 10:00:00,71.7,97.0,126.43,1.88
P105,2026-08-02 11:00:00,65.74,68.48,130.17,1.83
P105,2026-08-02 12:00:00,72.93,99.45,130.84,1.84
P105,2026-08-02 13:00:00,71.54,115.04,150.86,3.59
P105,2026-08-02 14:00:00,74.36,82.94,132.94,2.67
P105,2026-08-02 15:00:00,75.92,87.41,116.89,2.93
P105,2026-08-02 16:00:00,73.72,100.92,109.57,1.73
P105,2026-08-02 17:00:00,83.37,124.87,128.05,1.74
P105,2026-08-02 18:00:00,66.59,101.11,144.14,1.83
P105,2026-08-02 19:00:00,71.13,97.35,135.56,2.53
P105,2026-08-02 20:00:00,61.05,102.45,140.25,2.73
P105,2026-08-02 21:00:00,74.84,89.31,104.78,3.62
P105,2026-08-02 22:00:00,74.71,100.88,147.04,1.96
P105,2026-08-02 23:00:00,68.14,96.9,109.84,3.43
P105,2026-08-03 00:00:00,70.69,83.09,121.18,2.94
P105,2026-08-03 01:00:00,78.54,99.72,128.3,3.06
P105,2026-08-03 02:00:00,70.68,86.41,125.2,2.53
P105,2026-08-03 03:00:00,83.83,111.11,131.39,3.1
P105,2026-08-03 04:00:00,71.38,79.87,116.11,2.88
P105,2026-08-03 05:00:00,73.61,100.63,136.58,2.25
P105,2026-08-03 06:00:00,67.22,112.41,133.88,2.49
P105,2026-08-03 07:00:00,71.25,93.77,120.57,3.18
P105,2026-08-03 08:00:00,89.74,97.28,131.93,1.45
P105,2026-08-03 09:00:00,68.61,109.75,127.24,0.0
P105,2026-08-03 10:00:00,76.72,118.02,84.07,4.02
P105,2026-08-03 11:00:00,52.6,106.26,119.84,0.92
P105,2026-08-03 12:00:00,75.12,108.81,126.55,3.27
P105,2026-08-03 13:00:00,69.12,72.66,132.45,4.2
P105,2026-08-03 14:00:00,79.91,71.15,92.73,2.12
P105,2026-08-03 15:00:00,60.85,95.53,127.08,1.66
P105,2026-08-03 16:00:00,77.44,102.21,110.13,2.66
P105,2026-08-03 17:00:00,58.35,91.01,120.13,2.93
P105,2026-08-03 18:00:00,74.65,97.93,115.24,3.03
P105,2026-08-03 19:00:00,79.01,93.85,125.72,2.65
P105,2026-08-03 20:00:00,67.47,101.27,110.01,3.11
P105,2026-08-03 21:00:00,72.2,91.35,114.09,2.39
P105,2026-08-03 22:00:00,60.48,99.59,124.17,3.48
P105,2026-08-03 23:00:00,68.28,117.74,113.16,2.1
P105,2026-08-04 00:00:00,65.04,74.19,147.59,3.9
P105,2026-08-04 01:00:00,76.21,84.25,152.6,2.52
P105,2026-08-04 02:00:00,70.12,112.25,131.86,4.56
P105,2026-08-04 03:00:00,73.74,90.24,108.99,1.32
P105,2026-08-04 04:00:00,70.05,108.74,130.78,2.82
P105,2026-08-04 05:00:00,65.04,97.72,138.23,3.14
P105,2026-08-04 06:00:00,73.17,85.44,135.61,0.29
P105,2026-08-04 07:00:00,74.68,125.84,92.85,2.61
P105,2026-08-04 08:00:00,71.94,89.45,138.65,3.18
P105,2026-08-04 09:00:00,73.07,104.57,120.3,5.34
P105,2026-08-04 10:00:00,73.06,97.34,89.21,2.37
P105,2026-08-04 11:00:00,80.03,78.97,81.16,2.83
P105,2026-08-04 12:00:00,81.6,95.51,113.95,1.31
P105,2026-08-04 13:00:00,75.17,102.94,87.93,3.71
P105,2026-08-04 14:00:00,77.36,108.59,130.5,3.32
P105,2026-08-04 15:00:00,75.65,105.42,87.26,1.6
P105,2026-08-04 16:00:00,66.85,93.44,126.99,3.06
P105,2026-08-04 17:00:00,79.82,108.78,104.3,2.99
P105,2026-08-04 18:00:00,,92.74,125.79,0.07
P105,2026-08-04 19:00:00,88.88,101.8,109.28,4.34
P105,2026-08-04 20:00:00,69.57,96.59,111.23,4.12
P105,2026-08-04 21:00:00,71.27,96.79,141.67,3.27
P105,2026-08-04 22:00:00,71.62,108.32,165.69,3.05
P105,2026-08-04 23:00:00,72.82,97.05,143.59,2.32
P105,2026-08-05 00:00:00,70.05,76.55,98.69,2.39
P105,2026-08-05 01:00:00,71.61,116.23,129.65,2.07
P105,2026-08-05 02:00:00,66.9,111.5,140.28,2.82
P105,2026-08-05 03:00:00,68.9,108.5,102.12,3.11
P105,2026-08-05 04:00:00,87.91,97.46,106.04,3.13
P105,2026-08-05 05:00:00,68.71,78.27,132.62,3.69
P105,2026-08-05 06:00:00,69.82,90.47,102.69,2.68
P105,2026-08-05 07:00:00,68.06,82.87,154.06,3.17
P105,2026-08-05 08:00:00,76.01,105.6,133.88,2.47
P105,2026-08-05 09:00:00,73.91,91.77,127.89,3.07
P105,2026-08-05 10:00:00,69.32,79.05,122.63,2.64
P105,2026-08-05 11:00:00,58.77,101.09,137.38,4.82
P105,2026-08-05 12:00:00,112.24,88.54,100.03,2.97
P105,2026-08-05 13:00:00,73.42,85.26,116.85,1.22
P105,2026-08-05 14:00:00,78.48,85.75,119.38,1.66
P105,2026-08-05 15:00:00,67.92,91.64,119.8,3.18
P105,2026-08-05 16:00:00,82.07,103.79,137.32,3.96
P105,2026-08-05 17:00:00,75.99,94.56,138.16,3.66
P105,2026-08-05 18:00:00,76.54,77.54,104.85,2.58
P105,2026-08-05 19:00:00,77.46,94.74,140.46,3.85
P105,2026-08-05 20:00:00,80.39,109.47,101.33,3.19
P105,2026-08-05 21:00:00,67.75,75.21,114.83,3.86
P105,2026-08-05 22:00:00,75.23,119.21,123.19,4.76
P105,2026-08-05 23:00:00,73.24,95.27,96.97,3.69
P105,2026-08-06 00:00:00,68.49,87.24,143.06,3.73
P105,2026-08-06 01:00:00,79.92,90.65,119.08,2.75
P105,2026-08-06 02:00:00,77.48,113.64,126.63,4.38
P105,2026-08-06 03:00:00,78.28,92.18,134.92,4.16
P105,2026-08-06 04:00:00,85.99,109.24,120.46,2.63
P105,2026-08-06 05:00:00,76.03,115.09,127.81,3.16
P105,2026-08-06 06:00:00,72.36,91.07,117.08,2.91
P105,2026-08-06 07:00:00,84.03,92.12,120.95,2.11
P105,2026-08-06 08:00:00,77.02,111.4,149.24,2.96
P105,2026-08-06 09:00:00,76.02,93.16,129.5,3.05
P105,2026-08-06 10:00:00,72.41,96.65,128.13,2.56
P105,2026-08-06 11:00:00,70.3,115.49,168.79,1.84
P105,2026-08-06 12:00:00,63.18,83.51,118.14,3.52
P105,2026-08-06 13:00:00,76.14,97.06,129.52,2.25
P105,2026-08-06 14:00:00,70.29,94.76,91.48,1.87
P105,2026-08-06 15:00:00,64.15,104.17,124.42,3.29
P105,2026-08-06 16:00:00,59.12,77.2,131.94,0.58
P105,2026-08-06 17:00:00,80.57,73.12,135.18,2.09
P105,2026-08-06 18:00:00,79.34,133.5,79.08,3.36
P105,2026-08-06 19:00:00,59.34,100.12,116.28,2.9
P105,2026-08-06 20:00:00,65.62,104.37,93.93,3.79
P105,2026-08-06 21:00:00,69.14,78.17,148.71,2.75
P105,2026-08-06 22:00:00,85.35,109.66,105.63,2.73
P105,2026-08-06 23:00:00,72.85,113.32,127.88,2.94
P105,2026-08-07 00:00:00,70.6,94.39,143.48,2.8
P105,2026-08-07 01:00:00,69.24,88.23,110.03,1.68
P105,2026-08-07 02:00:00,66.75,112.98,116.28,3.36
P105,2026-08-07 03:00:00,54.65,101.82,117.1,2.41
P105,2026-08-07 04:00:00,73.27,89.05,81.77,3.54
P105,2026-08-07 05:00:00,73.7,91.23,102.61,1.62
P105,2026-08-07 06:00:00,73.57,114.36,123.66,1.69
P105,2026-08-07 07:00:00,73.58,94.36,135.55,3.29
P105,2026-08-07 08:00:00,51.1,101.54,101.94,1.66
P105,2026-08-07 09:00:00,70.68,99.93,90.47,3.36
P105,2026-08-07 10:00:00,77.34,95.56,104.38,2.02
P105,2026-08-07 11:00:00,79.18,76.87,139.16,2.67
P105,2026-08-07 12:00:00,71.33,74.5,117.36,3.29
P105,2026-08-07 13:00:00,62.65,100.98,121.6,2.28
P105,2026-08-07 14:00:00,77.98,68.57,126.24,4.1
P105,2026-08-07 15:00:00,82.08,99.68,114.57,2.29
P105,2026-08-07 16:00:00,69.88,101.53,105.47,3.41
P105,2026-08-07 17:00:00,86.93,94.26,95.8,1.72
P105,2026-08-07 18:00:00,77.44,94.28,135.78,2.37
P105,2026-08-07 19:00:00,77.81,93.1,106.81,2.48
P105,2026-08-07 20:00:00,63.62,118.87,118.27,3.32
P105,2026-08-07 21:00:00,68.24,82.38,115.79,3.68
P105,2026-08-07 22:00:00,68.35,84.55,122.8,3.2
P105,2026-08-07 23:00:00,83.5,99.25,131.59,3.38
P105,2026-08-08 00:00:00,63.93,83.44,100.49,1.73
P105,2026-08-08 01:00:00,77.57,98.48,121.43,0.73
P105,2026-08-08 02:00:00,86.39,84.27,156.93,1.64
P105,2026-08-08 03:00:00,66.31,68.57,126.52,1.92
P105,2026-08-08 04:00:00,64.49,78.53,133.99,3.37
P105,2026-08-08 05:00:00,84.68,86.77,123.94,1.77
P105,2026-08-08 06:00:00,69.65,88.77,128.36,3.61
P105,2026-08-08 07:00:00,78.94,84.89,137.97,2.76
P105,2026-08-08 08:00:00,69.73,86.5,109.92,4.19
P105,2026-08-08 09:00:00,74.15,97.1,115.28,4.76
P105,2026-08-08 10:00:00,81.14,86.35,115.07,2.63
P105,2026-08-08 11:00:00,73.02,86.59,127.9,3.96
P105,2026-08-08 12:00:00,62.8,81.46,111.3,2.45
P105,2026-08-08 13:00:00,85.99,107.02,137.0,2.59
P105,2026-08-08 14:00:00,70.0,77.58,134.07,3.19
P105,2026-08-08 15:00:00,81.0,92.47,117.45,2.94
P105,2026-08-08 16:00:00,78.24,77.36,133.25,2.78
P105,2026-08-08 17:00:00,64.59,69.98,117.54,3.96
P105,2026-08-08 18:00:00,83.72,99.26,155.32,2.77
P105,2026-08-08 19:00:00,78.67,89.59,110.74,2.26
P105,2026-08-08 20:00:00,57.58,110.45,108.45,2.16
P105,2026-08-08 21:00:00,63.74,92.55,151.74,4.48
P105,2026-08-08 22:00:00,60.37,90.75,101.38,3.59
P105,2026-08-08 23:00:00,74.01,87.36,121.31,2.42
P105,2026-08-09 00:00:00,83.3,101.56,132.06,0.67
P105,2026-08-09 01:00:00,71.53,120.0,143.87,1.32
P105,2026-08-09 02:00:00,69.81,80.58,150.8,3.0
P105,2026-08-09 03:00:00,66.63,95.41,73.07,1.93
P105,2026-08-09 04:00:00,72.26,105.15,85.06,2.5
P105,2026-08-09 05:00:00,79.07,77.58,124.13,2.85
P105,2026-08-09 06:00:00,84.0,150.35,116.91,3.48
P105,2026-08-09 07:00:00,62.72,92.35,111.8,2.69
P105,2026-08-09 08:00:00,77.94,101.65,106.52,2.91
P105,2026-08-09 09:00:00,82.43,85.02,122.61,2.65
P105,2026-08-09 10:00:00,71.56,75.43,145.39,2.18
P105,2026-08-09 11:00:00,79.18,87.54,108.74,3.77
P105,2026-08-09 12:00:00,78.96,97.5,133.7,2.57
P105,2026-08-09 13:00:00,71.94,87.06,136.27,2.25
P105,2026-08-09 14:00:00,82.4,91.21,120.37,3.41
P105,2026-08-09 15:00:00,72.17,91.43,119.46,3.52
P105,2026-08-09 16:00:00,67.36,93.49,120.19,3.49
P105,2026-08-09 17:00:00,71.3,116.7,117.18,11.3
P105,2026-08-09 18:00:00,70.8,79.2,101.34,2.38
P105,2026-08-09 19:00:00,79.95,94.6,111.28,3.78
P105,2026-08-09 20:00:00,82.86,110.06,104.64,2.4
P105,2026-08-09 21:00:00,84.7,97.89,115.18,3.37
P105,2026-08-09 22:00:00,79.05,88.14,123.95,3.54
P105,2026-08-09 23:00:00,63.88,95.15,99.94,2.01
P105,2026-08-10 00:00:00,68.06,100.73,114.2,2.28
P105,2026-08-10 01:00:00,72.36,81.24,127.72,3.71
P105,2026-08-10 02:00:00,71.45,92.57,126.72,1.18
P105,2026-08-10 03:00:00,75.76,132.22,117.79,2.7
P105,2026-08-10 04:00:00,77.21,114.74,137.55,1.08
P105,2026-08-10 05:00:00,75.94,125.86,131.2,1.88
P105,2026-08-10 06:00:00,120.61,79.63,142.19,2.04
P105,2026-08-10 07:00:00,72.52,84.71,110.16,3.99
P105,2026-08-10 08:00:00,72.72,88.29,99.39,1.3
P105,2026-08-10 09:00:00,63.24,96.34,137.64,2.35
P105,2026-08-10 10:00:00,82.99,86.39,115.72,1.94
P105,2026-08-10 11:00:00,78.94,120.17,88.29,2.52
P105,2026-08-10 12:00:00,80.85,77.64,130.2,3.78
P105,2026-08-10 13:00:00,72.55,101.6,151.7,4.36
P105,2026-08-10 14:00:00,71.57,88.61,103.44,3.58
P105,2026-08-10 15:00:00,62.4,91.97,121.85,2.4
P105,2026-08-10 16:00:00,73.96,125.77,117.81,2.45
P105,2026-08-10 17:00:00,79.11,97.88,145.91,2.93
P105,2026-08-10 18:00:00,70.26,73.6,90.84,1.33
P105,2026-08-10 19:00:00,74.66,78.65,142.6,2.82
P105,2026-08-10 20:00:00,70.29,84.87,131.2,2.16
P105,2026-08-10 21:00:00,65.1,109.26,126.38,2.61
P105,2026-08-10 22:00:00,76.49,95.11,126.89,2.15
P105,2026-08-10 23:00:00,86.49,88.04,148.01,2.65
P105,2026-08-11 00:00:00,77.65,103.81,140.64,2.13
P105,2026-08-11 01:00:00,79.53,117.16,115.34,2.83
P105,2026-08-11 02:00:00,68.34,90.84,150.81,2.0
P105,2026-08-11 03:00:00,65.41,114.33,131.24,4.5
P105,2026-08-11 04:00:00,68.85,96.52,108.11,2.91
P105,2026-08-11 05:00:00,59.58,103.22,125.82,2.75
P105,2026-08-11 06:00:00,69.27,84.26,133.1,1.86
P105,2026-08-11 07:00:00,75.58,119.89,146.74,1.6
P105,2026-08-11 08:00:00,68.24,100.06,118.73,1.68
P105,2026-08-11 09:00:00,74.7,94.88,154.46,2.6
P105,2026-08-11 10:00:00,80.18,79.79,101.5,3.38
P105,2026-08-11 11:00:00,79.59,83.51,120.43,1.69
P105,2026-08-11 12:00:00,70.73,105.04,112.17,2.6
P105,2026-08-11 13:00:00,64.09,87.22,151.65,2.86
P105,2026-08-11 14:00:00,64.98,91.22,91.25,1.99
P105,2026-08-11 15:00:00,81.52,93.29,154.03,2.72
P105,2026-08-11 16:00:00,71.75,102.69,71.89,2.96
P105,2026-08-11 17:00:00,71.66,112.83,137.36,1.89
P105,2026-08-11 18:00:00,80.69,91.85,103.72,2.96
P105,2026-08-11 19:00:00,70.58,113.46,126.13,2.96
P105,2026-08-11 20:00:00,78.3,108.11,134.1,3.94
P105,2026-08-11 21:00:00,76.26,97.01,142.31,2.73
P105,2026-08-11 22:00:00,72.23,115.66,149.19,2.79
P105,2026-08-11 23:00:00,68.83,112.56,134.41,3.05
P105,2026-08-12 00:00:00,69.75,98.98,119.61,2.27
P105,2026-08-12 01:00:00,72.9,98.19,113.24,3.52
P105,2026-08-12 02:00:00,81.02,106.64,115.03,3.4
P105,2026-08-12 03:00:00,72.55,80.17,132.11,2.92
P105,2026-08-12 04:00:00,90.15,112.49,132.8,3.0
P105,2026-08-12 05:00:00,73.15,82.96,88.7,2.1
P105,2026-08-12 06:00:00,71.67,69.73,110.2,2.6
P105,2026-08-12 07:00:00,70.49,87.06,113.85,4.18
P105,2026-08-12 08:00:00,76.64,88.28,118.77,2.78
P105,2026-08-12 09:00:00,66.62,85.77,138.19,2.46
P105,2026-08-12 10:00:00,64.34,94.48,122.12,1.22
P105,2026-08-12 11:00:00,71.71,105.42,128.12,4.58
P105,2026-08-12 12:00:00,80.76,112.39,170.4,3.41
P105,2026-08-12 13:00:00,73.14,106.68,109.93,2.89
P105,2026-08-12 14:00:00,67.47,99.78,108.27,2.25
P105,2026-08-12 15:00:00,74.89,93.35,85.3,1.64
P105,2026-08-12 16:00:00,104.31,84.4,127.46,2.98
P105,2026-08-12 17:00:00,79.46,104.03,139.29,3.29
P105,2026-08-12 18:00:00,73.47,108.19,136.55,3.1
P105,2026-08-12 19:00:00,80.9,66.85,114.77,2.56
P105,2026-08-12 20:00:00,80.07,113.86,93.9,3.93
P105,2026-08-12 21:00:00,63.8,81.31,115.78,2.55
P105,2026-08-12 22:00:00,61.09,102.8,132.23,3.64
P105,2026-08-12 23:00:00,68.97,94.53,119.45,4.15
P105,2026-08-13 00:00:00,52.16,83.52,120.1,1.93
P105,2026-08-13 01:00:00,70.19,93.49,108.16,2.85
P105,2026-08-13 02:00:00,76.4,92.16,111.84,2.67
P105,2026-08-13 03:00:00,71.95,74.12,128.31,2.44
P105,2026-08-13 04:00:00,80.83,102.09,141.06,1.99
P105,2026-08-13 05:00:00,69.4,80.09,107.31,3.8
P105,2026-08-13 06:00:00,82.41,81.22,111.75,2.74
P105,2026-08-13 07:00:00,76.1,73.88,91.15,3.19
P105,2026-08-13 08:00:00,58.36,89.64,122.92,3.13
P105,2026-08-13 09:00:00,71.01,90.61,135.2,3.03
P105,2026-08-13 10:00:00,67.47,95.45,126.9,4.17
P105,2026-08-13 11:00:00,77.5,109.57,109.01,2.38
P105,2026-08-13 12:00:00,70.35,93.28,101.86,3.81
P105,2026-08-13 13:00:00,78.18,91.33,131.55,2.98
P105,2026-08-13 14:00:00,77.04,78.87,117.38,2.75
P105,2026-08-13 15:00:00,76.37,87.46,75.0,1.93
P105,2026-08-13 16:00:00,71.57,95.77,150.31,3.27
P105,2026-08-13 17:00:00,72.57,94.61,139.88,2.33
P105,2026-08-13 18:00:00,71.02,81.93,145.54,3.11
P105,2026-08-13 19:00:00,67.05,93.63,129.17,2.6
P105,2026-08-13 20:00:00,68.26,87.15,126.1,2.51
P105,2026-08-13 21:00:00,68.82,78.97,121.4,2.66
P105,2026-08-13 22:00:00,69.75,97.39,133.46,3.36
P105,2026-08-13 23:00:00,75.87,92.11,109.79,1.96
P105,2026-08-14 00:00:00,67.85,95.24,105.85,2.88
P105,2026-08-14 01:00:00,65.24,75.07,134.75,2.42
P105,2026-08-14 02:00:00,66.14,81.87,127.61,3.9
P105,2026-08-14 03:00:00,69.18,92.41,139.29,1.35
P105,2026-08-14 04:00:00,85.77,124.33,71.29,2.72
P105,2026-08-14 05:00:00,66.97,91.82,112.47,3.45
P105,2026-08-14 06:00:00,71.21,84.07,116.9,3.21
P105,2026-08-14 07:00:00,63.71,75.25,155.87,2.29
P105,2026-08-14 08:00:00,71.04,90.23,129.87,4.22
P105,2026-08-14 09:00:00,76.06,76.78,95.09,2.48
P105,2026-08-14 10:00:00,70.12,74.34,134.75,1.93
P105,2026-08-14 11:00:00,82.45,116.85,115.53,3.15
P105,2026-08-14 12:00:00,63.38,102.48,111.03,1.93
P105,2026-08-14 13:00:00,69.97,89.41,114.15,3.56
P105,2026-08-14 14:00:00,66.5,115.82,96.15,4.09
P105,2026-08-14 15:00:00,64.88,94.99,111.18,2.53
P105,2026-08-14 16:00:00,77.61,113.0,141.43,2.48
P105,2026-08-14 17:00:00,73.29,85.62,102.15,1.88
P105,2026-08-14 18:00:00,68.94,98.0,85.59,2.76
P105,2026-08-14 19:00:00,82.61,108.46,109.47,1.68
P105,2026-08-14 20:00:00,75.22,67.19,139.98,2.63
P105,2026-08-14 21:00:00,84.82,74.28,136.53,2.72
P105,2026-08-14 22:00:00,69.68,78.56,130.72,3.34
P105,2026-08-14 23:00:00,84.5,107.1,109.31,2.0
T101,2026-08-01 00:00:00,48.42,82.68,70.99,1.98
T101,2026-08-01 01:00:00,61.68,68.96,79.48,1.33
T101,2026-08-01 02:00:00,57.89,60.57,97.53,0.68
T101,2026-08-01 03:00:00,52.41,72.2,83.85,1.19
T101,2026-08-01 04:00:00,54.82,50.49,116.23,2.04
T101,2026-08-01 05:00:00,64.19,60.35,79.59,1.91
T101,2026-08-01 06:00:00,55.52,57.41,118.7,0.76
T101,2026-08-01 07:00:00,70.38,48.22,94.33,2.46
T101,2026-08-01 08:00:00,58.21,61.83,63.98,1.67
T101,2026-08-01 09:00:00,52.61,63.86,62.78,2.05
T101,2026-08-01 10:00:00,66.08,64.62,64.23,2.03
T101,2026-08-01 11:00:00,55.44,51.74,53.28,0.28
T101,2026-08-01 12:00:00,47.82,57.53,98.4,0.5
T101,2026-08-01 13:00:00,,56.32,86.17,2.34
T101,2026-08-01 14:00:00,55.56,69.61,56.82,2.02
T101,2026-08-01 15:00:00,54.66,77.61,82.78,1.29
T101,2026-08-01 16:00:00,62.7,59.57,104.65,0.19
T101,2026-08-01 17:00:00,63.45,60.32,91.29,0.43
T101,2026-08-01 18:00:00,58.35,52.1,89.46,0.84
T101,2026-08-01 19:00:00,54.22,64.34,87.41,0.31
T101,2026-08-01 20:00:00,57.1,52.93,127.22,1.65
T101,2026-08-01 21:00:00,59.91,79.07,49.37,0.0
T101,2026-08-01 22:00:00,55.2,48.46,80.74,0.96
T101,2026-08-01 23:00:00,64.44,51.34,92.19,0.81
T101,2026-08-02 00:00:00,60.43,58.76,109.9,0.72
T101,2026-08-02 01:00:00,70.42,55.52,98.37,0.75
T101,2026-08-02 02:00:00,55.71,72.59,79.61,0.0
T101,2026-08-02 03:00:00,36.56,80.27,107.14,2.31
T101,2026-08-02 04:00:00,57.88,49.49,77.45,0.81
T101,2026-08-02 05:00:00,50.95,84.78,125.31,1.18
T101,2026-08-02 06:00:00,57.92,49.46,112.84,0.86
T101,2026-08-02 07:00:00,55.98,70.77,74.46,0.92
T101,2026-08-02 08:00:00,47.9,78.05,83.12,1.73
T101,2026-08-02 09:00:00,56.59,63.37,63.18,1.41
T101,2026-08-02 10:00:00,51.87,59.16,85.02,0.9
T101,2026-08-02 11:00:00,46.06,62.23,99.31,0.5
T101,2026-08-02 12:00:00,56.43,66.95,82.73,0.0
T101,2026-08-02 13:00:00,57.75,76.93,66.08,0.5
T101,2026-08-02 14:00:00,48.33,76.3,83.34,0.12
T101,2026-08-02 15:00:00,58.65,50.56,66.4,0.0
T101,2026-08-02 16:00:00,50.53,81.29,71.8,1.17
T101,2026-08-02 17:00:00,52.15,74.11,66.53,0.83
T101,2026-08-02 18:00:00,58.37,92.93,96.35,0.33
T101,2026-08-02 19:00:00,62.8,90.66,55.67,0.13
T101,2026-08-02 20:00:00,56.34,59.99,79.01,0.0
T101,2026-08-02 21:00:00,67.83,47.93,81.4,1.64
T101,2026-08-02 22:00:00,57.79,53.25,60.72,0.62
T101,2026-08-02 23:00:00,52.7,67.46,59.77,1.45
T101,2026-08-03 00:00:00,58.81,67.28,110.94,0.45
T101,2026-08-03 01:00:00,52.92,58.43,81.53,0.73
T101,2026-08-03 02:00:00,52.19,40.72,74.9,1.09
T101,2026-08-03 03:00:00,58.95,79.39,120.2,1.41
T101,2026-08-03 04:00:00,67.68,74.2,115.78,2.28
T101,2026-08-03 05:00:00,64.66,73.48,81.31,0.77
T101,2026-08-03 06:00:00,55.64,72.46,72.03,0.65
T101,2026-08-03 07:00:00,41.51,85.68,81.03,1.16
T101,2026-08-03 08:00:00,68.2,68.6,111.0,0.0
T101,2026-08-03 09:00:00,74.78,78.05,88.77,1.94
T101,2026-08-03 10:00:00,49.82,61.54,111.0,0.0
T101,2026-08-03 11:00:00,61.92,71.39,120.45,0.0
T101,2026-08-03 12:00:00,69.27,58.29,76.95,0.0
T101,2026-08-03 13:00:00,50.39,69.84,64.98,1.39
T101,2026-08-03 14:00:00,53.36,50.44,75.5,1.07
T101,2026-08-03 15:00:00,56.06,65.41,97.53,1.67
T101,2026-08-03 16:00:00,55.83,52.47,86.37,1.18
T101,2026-08-03 17:00:00,47.77,54.31,72.05,0.63
T101,2026-08-03 18:00:00,52.67,73.48,56.11,0.0
T101,2026-08-03 19:00:00,55.66,62.89,58.82,0.31
T101,2026-08-03 20:00:00,55.19,60.28,87.73,0.27
T101,2026-08-03 21:00:00,68.34,70.86,70.47,0.88
T101,2026-08-03 22:00:00,58.87,79.58,74.19,1.41
T101,2026-08-03 23:00:00,58.29,82.9,108.24,0.96
T101,2026-08-04 00:00:00,56.16,71.08,81.75,2.14
T101,2026-08-04 01:00:00,58.55,60.13,76.73,0.0
T101,2026-08-04 02:00:00,61.9,55.16,104.77,0.0
T101,2026-08-04 03:00:00,58.89,78.8,46.26,2.41
T101,2026-08-04 04:00:00,55.02,66.69,95.29,1.38
T101,2026-08-04 05:00:00,59.92,76.97,94.34,2.21
T101,2026-08-04 06:00:00,61.66,88.58,101.22,0.0
T101,2026-08-04 07:00:00,76.28,58.11,111.92,0.82
T101,2026-08-04 08:00:00,65.43,56.74,96.26,0.6
T101,2026-08-04 09:00:00,69.05,70.26,101.85,0.0
T101,2026-08-04 10:00:00,57.4,69.93,89.03,1.57
T101,2026-08-04 11:00:00,55.44,65.59,106.26,0.0
T101,2026-08-04 12:00:00,62.13,60.99,68.58,1.07
T101,2026-08-04 13:00:00,66.59,77.47,82.57,1.5
T101,2026-08-04 14:00:00,64.08,63.95,72.52,0.29
T101,2026-08-04 15:00:00,63.86,64.49,66.17,0.0
T101,2026-08-04 16:00:00,63.82,58.44,90.95,1.79
T101,2026-08-04 17:00:00,48.84,64.46,81.93,1.1
T101,2026-08-04 18:00:00,66.67,49.05,95.26,1.63
T101,2026-08-04 19:00:00,56.7,63.35,92.53,1.08
T101,2026-08-04 20:00:00,62.08,71.74,67.32,1.59
T101,2026-08-04 21:00:00,66.17,67.23,58.11,0.71
T101,2026-08-04 22:00:00,59.36,51.26,78.52,0.0
T101,2026-08-04 23:00:00,62.25,66.99,55.38,1.08
T101,2026-08-05 00:00:00,57.6,71.2,77.95,0.16
T101,2026-08-05 01:00:00,52.6,58.54,85.34,0.92
T101,2026-08-05 02:00:00,56.66,59.92,78.67,2.81
T101,2026-08-05 03:00:00,106.16,58.3,144.29,1.14
T101,2026-08-05 04:00:00,48.34,75.11,68.62,1.53
T101,2026-08-05 05:00:00,56.52,59.72,113.96,1.25
T101,2026-08-05 06:00:00,64.81,70.22,77.0,1.29
T101,2026-08-05 07:00:00,66.46,66.62,117.43,1.48
T101,2026-08-05 08:00:00,59.48,68.02,87.47,0.0
T101,2026-08-05 09:00:00,57.37,67.65,77.51,1.07
T101,2026-08-05 10:00:00,58.15,74.28,96.94,0.93
T101,2026-08-05 11:00:00,48.43,86.49,82.45,0.74
T101,2026-08-05 12:00:00,55.6,59.14,112.79,1.91
T101,2026-08-05 13:00:00,61.11,63.71,96.14,0.86
T101,2026-08-05 14:00:00,56.67,69.06,77.06,1.0
T101,2026-08-05 15:00:00,59.43,72.24,73.86,1.37
T101,2026-08-05 16:00:00,51.66,58.13,75.48,0.0
T101,2026-08-05 17:00:00,65.11,53.37,72.42,1.8
T101,2026-08-05 18:00:00,54.01,62.74,66.78,1.47
T101,2026-08-05 19:00:00,63.93,73.87,94.68,0.86
T101,2026-08-05 20:00:00,54.33,55.22,108.22,1.41
T101,2026-08-05 21:00:00,53.15,65.48,79.6,0.0
T101,2026-08-05 22:00:00,59.24,166.62,67.85,0.0
T101,2026-08-05 23:00:00,47.05,60.54,83.47,0.1
T101,2026-08-06 00:00:00,62.56,64.21,95.38,0.65
T101,2026-08-06 01:00:00,52.49,66.37,62.27,1.23
T101,2026-08-06 02:00:00,51.44,76.02,78.91,1.65
T101,2026-08-06 03:00:00,50.14,56.87,91.86,1.74
T101,2026-08-06 04:00:00,69.67,65.5,118.08,0.57
T101,2026-08-06 05:00:00,65.69,53.69,92.56,0.0
T101,2026-08-06 06:00:00,50.15,70.6,61.38,1.14
T101,2026-08-06 07:00:00,64.35,58.98,67.56,0.42
T101,2026-08-06 08:00:00,51.24,63.79,86.84,0.56
T101,2026-08-06 09:00:00,69.72,56.37,110.05,0.0
T101,2026-08-06 10:00:00,58.51,79.2,105.36,0.46
T101,2026-08-06 11:00:00,61.89,70.05,75.28,1.29
T101,2026-08-06 12:00:00,71.04,70.66,95.19,1.34
T101,2026-08-06 13:00:00,47.77,70.52,66.7,0.33
T101,2026-08-06 14:00:00,73.13,61.96,71.68,1.72
T101,2026-08-06 15:00:00,51.37,59.63,107.48,0.83
T101,2026-08-06 16:00:00,47.07,71.53,77.86,2.03
T101,2026-08-06 17:00:00,53.76,77.61,116.96,0.12
T101,2026-08-06 18:00:00,56.65,69.66,69.57,1.02
T101,2026-08-06 19:00:00,56.43,62.06,85.88,0.86
T101,2026-08-06 20:00:00,59.15,57.81,75.01,0.71
T101,2026-08-06 21:00:00,57.69,59.73,90.83,0.0
T101,2026-08-06 22:00:00,52.89,61.64,69.59,2.1
T101,2026-08-06 23:00:00,58.13,67.12,76.3,0.79
T101,2026-08-07 00:00:00,49.49,62.96,68.13,0.58
T101,2026-08-07 01:00:00,40.08,51.46,111.35,1.46
T101,2026-08-07 02:00:00,67.23,81.65,97.11,0.44
T101,2026-08-07 03:00:00,50.74,78.76,86.16,2.8
T101,2026-08-07 04:00:00,55.44,88.67,82.18,1.87
T101,2026-08-07 05:00:00,69.88,52.72,76.27,0.0
T101,2026-08-07 06:00:00,49.39,73.0,81.46,0.84
T101,2026-08-07 07:00:00,61.89,42.71,108.16,0.52
T101,2026-08-07 08:00:00,61.73,151.26,109.67,0.72
T101,2026-08-07 09:00:00,43.13,65.69,88.61,0.0
T101,2026-08-07 10:00:00,59.03,60.67,60.83,1.34
T101,2026-08-07 11:00:00,54.05,60.12,76.67,1.79
T101,2026-08-07 12:00:00,57.71,65.95,77.07,1.17
T101,2026-08-07 13:00:00,67.45,72.77,97.36,1.28
T101,2026-08-07 14:00:00,48.34,54.49,81.31,0.22
T101,2026-08-07 15:00:00,50.55,42.53,60.76,0.59
T101,2026-08-07 16:00:00,57.51,55.48,86.42,0.45
T101,2026-08-07 17:00:00,65.63,63.06,97.53,0.96
T101,2026-08-07 18:00:00,48.19,63.91,62.76,0.71
T101,2026-08-07 19:00:00,52.78,69.58,60.84,0.81
T101,2026-08-07 20:00:00,62.01,75.89,71.24,0.81
T101,2026-08-07 21:00:00,59.29,83.57,58.34,0.07
T101,2026-08-07 22:00:00,77.63,61.72,50.96,0.33
T101,2026-08-07 23:00:00,38.62,67.89,99.58,0.07
T101,2026-08-08 00:00:00,54.7,76.08,53.5,0.0
T101,2026-08-08 01:00:00,56.4,55.97,79.71,0.0
T101,2026-08-08 02:00:00,59.5,63.21,94.89,0.96
T101,2026-08-08 03:00:00,59.45,47.64,93.87,0.54
T101,2026-08-08 04:00:00,56.83,77.58,72.05,1.88
T101,2026-08-08 05:00:00,68.11,74.03,67.35,0.0
T101,2026-08-08 06:00:00,65.55,66.34,71.59,1.74
T101,2026-08-08 07:00:00,51.97,59.91,94.45,0.0
T101,2026-08-08 08:00:00,57.23,78.07,88.8,1.8
T101,2026-08-08 09:00:00,65.94,65.09,42.94,0.0
T101,2026-08-08 10:00:00,63.34,46.4,79.12,1.07
T101,2026-08-08 11:00:00,68.29,58.1,73.42,0.76
T101,2026-08-08 12:00:00,60.46,63.15,103.89,0.16
T101,2026-08-08 13:00:00,58.84,70.34,77.8,1.47
T101,2026-08-08 14:00:00,59.04,74.47,88.49,1.1
T101,2026-08-08 15:00:00,53.57,57.43,107.04,1.31
T101,2026-08-08 16:00:00,50.84,67.17,42.27,0.34
T101,2026-08-08 17:00:00,64.73,63.5,87.12,0.0
T101,2026-08-08 18:00:00,55.25,69.06,93.38,1.57
T101,2026-08-08 19:00:00,56.53,63.01,61.02,0.64
T101,2026-08-08 20:00:00,49.17,42.83,65.47,2.01
T101,2026-08-08 21:00:00,56.11,67.64,75.76,0.0
T101,2026-08-08 22:00:00,64.55,38.93,75.01,0.76
T101,2026-08-08 23:00:00,59.61,56.28,51.92,0.16
T101,2026-08-09 00:00:00,52.76,55.72,102.46,0.0
T101,2026-08-09 01:00:00,60.11,66.9,102.29,11.21
T101,2026-08-09 02:00:00,63.54,62.93,92.82,0.0
T101,2026-08-09 03:00:00,39.53,69.53,92.76,1.18
T101,2026-08-09 04:00:00,54.33,82.88,76.72,1.14
T101,2026-08-09 05:00:00,62.16,85.62,79.29,0.28
T101,2026-08-09 06:00:00,47.51,83.63,92.59,1.16
T101,2026-08-09 07:00:00,79.82,68.9,61.56,0.64
T101,2026-08-09 08:00:00,51.18,60.25,77.75,0.33
T101,2026-08-09 09:00:00,48.25,84.11,90.38,0.62
T101,2026-08-09 10:00:00,63.3,70.65,89.96,1.35
T101,2026-08-09 11:00:00,58.94,73.04,98.56,0.93
T101,2026-08-09 12:00:00,56.46,83.36,76.4,1.11
T101,2026-08-09 13:00:00,60.9,57.69,70.46,0.52
T101,2026-08-09 14:00:00,54.55,47.5,73.27,1.01
T101,2026-08-09 15:00:00,66.86,71.65,38.21,1.31
T101,2026-08-09 16:00:00,54.09,70.44,84.75,0.65
T101,2026-08-09 17:00:00,57.28,64.73,109.2,0.78
T101,2026-08-09 18:00:00,65.6,76.28,97.01,0.0
T101,2026-08-09 19:00:00,65.82,59.51,97.88,0.02
T101,2026-08-09 20:00:00,49.7,88.72,67.77,1.72
T101,2026-08-09 21:00:00,58.83,59.96,84.19,0.0
T101,2026-08-09 22:00:00,57.9,52.01,77.88,1.54
T101,2026-08-09 23:00:00,59.78,47.21,100.33,0.79
T101,2026-08-10 00:00:00,54.2,73.96,81.99,0.0
T101,2026-08-10 01:00:00,70.93,64.79,83.54,0.48
T101,2026-08-10 02:00:00,66.26,58.7,57.19,0.26
T101,2026-08-10 03:00:00,67.29,74.99,80.41,1.9
T101,2026-08-10 04:00:00,63.24,61.8,82.01,1.06
T101,2026-08-10 05:00:00,52.18,65.05,90.55,0.0
T101,2026-08-10 06:00:00,56.67,61.36,103.51,0.0
T101,2026-08-10 07:00:00,55.33,59.22,102.28,0.77
T101,2026-08-10 08:00:00,70.57,72.95,77.62,0.99
T101,2026-08-10 09:00:00,55.52,75.31,61.02,0.14
T101,2026-08-10 10:00:00,61.19,79.71,45.36,1.9
T101,2026-08-10 11:00:00,57.02,42.39,30.97,0.0
T101,2026-08-10 12:00:00,57.86,64.21,96.4,0.36
T101,2026-08-10 13:00:00,50.24,60.04,85.6,0.98
T101,2026-08-10 14:00:00,52.48,75.82,73.81,0.1
T101,2026-08-10 15:00:00,54.2,77.9,82.61,0.24
T101,2026-08-10 16:00:00,64.48,90.71,88.77,1.79
T101,2026-08-10 17:00:00,65.25,57.73,85.48,0.0
T101,2026-08-10 18:00:00,56.57,57.49,77.75,0.2
T101,2026-08-10 19:00:00,55.99,71.39,82.85,0.0
T101,2026-08-10 20:00:00,52.78,46.77,89.39,1.2
T101,2026-08-10 21:00:00,59.8,55.55,89.44,0.42
T101,2026-08-10 22:00:00,50.03,73.9,99.72,1.56
T101,2026-08-10 23:00:00,53.74,79.15,76.12,1.32
T101,2026-08-11 00:00:00,54.42,62.31,41.42,0.56
T101,2026-08-11 01:00:00,58.64,60.08,116.61,0.0
T101,2026-08-11 02:00:00,54.05,54.14,74.85,1.63
T101,2026-08-11 03:00:00,68.35,56.59,71.99,0.0
T101,2026-08-11 04:00:00,67.14,78.45,83.09,0.0
T101,2026-08-11 05:00:00,48.85,67.05,94.89,0.0
T101,2026-08-11 06:00:00,55.75,84.42,81.08,1.99
T101,2026-08-11 07:00:00,62.54,51.99,79.73,0.7
T101,2026-08-11 08:00:00,51.33,53.36,112.12,0.02
T101,2026-08-11 09:00:00,65.55,59.76,84.54,1.25
T101,2026-08-11 10:00:00,53.81,71.81,48.16,1.15
T101,2026-08-11 11:00:00,40.72,62.28,100.38,1.3
T101,2026-08-11 12:00:00,48.91,50.96,72.6,0.95
T101,2026-08-11 13:00:00,43.78,64.84,90.61,0.57
T101,2026-08-11 14:00:00,61.68,67.68,75.25,0.0
T101,2026-08-11 15:00:00,58.93,53.56,74.59,1.18
T101,2026-08-11 16:00:00,67.92,64.54,94.97,0.0
T101,2026-08-11 17:00:00,59.72,64.28,107.13,0.37
T101,2026-08-11 18:00:00,56.31,77.71,83.34,0.0
T101,2026-08-11 19:00:00,75.86,52.06,83.84,1.08
T101,2026-08-11 20:00:00,59.87,62.72,81.67,0.61
T101,2026-08-11 21:00:00,50.19,90.8,81.04,1.28
T101,2026-08-11 22:00:00,55.66,60.74,76.8,0.0
T101,2026-08-11 23:00:00,56.88,60.12,106.09,0.0
T101,2026-08-12 00:00:00,53.96,54.22,110.97,0.1
T101,2026-08-12 01:00:00,61.94,76.64,82.37,0.0
T101,2026-08-12 02:00:00,48.45,75.32,62.31,1.11
T101,2026-08-12 03:00:00,58.8,69.53,93.49,0.05
T101,2026-08-12 04:00:00,51.17,73.58,73.67,0.0
T101,2026-08-12 05:00:00,62.54,52.56,93.41,1.91
T101,2026-08-12 06:00:00,58.12,76.95,87.77,2.07
T101,2026-08-12 07:00:00,50.57,64.9,97.12,0.65
T101,2026-08-12 08:00:00,66.07,59.82,122.25,2.5
T101,2026-08-12 09:00:00,59.97,71.63,106.45,0.0
T101,2026-08-12 10:00:00,48.82,80.08,89.93,0.62
T101,2026-08-12 11:00:00,58.08,36.37,81.57,0.2
T101,2026-08-12 12:00:00,64.43,76.94,95.38,1.12
T101,2026-08-12 13:00:00,47.52,72.09,96.33,1.8
T101,2026-08-12 14:00:00,72.83,44.69,78.01,0.21
T101,2026-08-12 15:00:00,59.21,65.16,80.79,1.62
T101,2026-08-12 16:00:00,50.29,52.51,66.56,0.51
T101,2026-08-12 17:00:00,49.4,64.42,82.02,0.17
T101,2026-08-12 18:00:00,64.12,64.29,104.13,0.64
T101,2026-08-12 19:00:00,57.83,58.25,84.87,1.37
T101,2026-08-12 20:00:00,55.12,71.22,70.37,1.41
T101,2026-08-12 21:00:00,53.94,75.22,86.1,2.02
T101,2026-08-12 22:00:00,49.92,47.29,73.91,0.0
T101,2026-08-12 23:00:00,48.32,72.46,84.92,0.42
T101,2026-08-13 00:00:00,55.29,57.83,114.71,0.21
T101,2026-08-13 01:00:00,48.75,74.55,81.12,2.43
T101,2026-08-13 02:00:00,54.32,75.15,104.48,0.38
T101,2026-08-13 03:00:00,52.8,73.9,95.35,0.0
T101,2026-08-13 04:00:00,50.1,34.56,95.72,0.59
T101,2026-08-13 05:00:00,56.86,44.7,65.23,0.42
T101,2026-08-13 06:00:00,53.29,66.41,95.5,2.62
T101,2026-08-13 07:00:00,57.86,78.38,70.06,0.0
T101,2026-08-13 08:00:00,55.53,45.83,85.26,0.18
T101,2026-08-13 09:00:00,44.32,85.83,75.32,0.0
T101,2026-08-13 10:00:00,64.29,56.26,104.62,0.21
T101,2026-08-13 11:00:00,54.21,69.14,95.68,1.41
T101,2026-08-13 12:00:00,57.37,71.34,98.42,0.96
T101,2026-08-13 13:00:00,57.0,47.66,95.79,0.83
T101,2026-08-13 14:00:00,55.1,80.33,59.3,2.12
T101,2026-08-13 15:00:00,57.84,68.81,77.89,0.0
T101,2026-08-13 16:00:00,57.02,69.02,97.17,0.64
T101,2026-08-13 17:00:00,42.65,46.5,121.94,0.0
T101,2026-08-13 18:00:00,67.99,53.79,81.72,1.3
T101,2026-08-13 19:00:00,52.26,84.11,86.36,1.17
T101,2026-08-13 20:00:00,56.13,72.9,113.42,0.69
T101,2026-08-13 21:00:00,70.11,57.66,98.75,1.19
T101,2026-08-13 22:00:00,50.52,67.57,85.13,0.12
T101,2026-08-13 23:00:00,60.51,66.76,83.69,0.75
T101,2026-08-14 00:00:00,57.37,60.59,87.52,0.28
T101,2026-08-14 01:00:00,76.6,48.09,74.47,0.4
T101,2026-08-14 02:00:00,72.28,49.16,92.67,1.0
T101,2026-08-14 03:00:00,60.34,79.84,106.88,0.44
T101,2026-08-14 04:00:00,59.36,42.63,86.78,0.16
T101,2026-08-14 05:00:00,56.7,44.78,92.29,0.0
T101,2026-08-14 06:00:00,59.04,50.28,69.71,1.72
T101,2026-08-14 07:00:00,62.12,78.79,113.08,0.18
T101,2026-08-14 08:00:00,68.49,47.41,98.43,0.41
T101,2026-08-14 09:00:00,51.49,72.37,102.01,1.53
T101,2026-08-14 10:00:00,,66.58,94.48,1.04
T101,2026-08-14 11:00:00,61.79,67.45,100.17,0.0
T101,2026-08-14 12:00:00,57.08,48.39,89.98,2.11
T101,2026-08-14 13:00:00,54.68,66.53,98.62,0.0
T101,2026-08-14 14:00:00,54.35,69.37,32.85,0.02
T101,2026-08-14 15:00:00,65.71,77.04,91.74,1.51
T101,2026-08-14 16:00:00,59.51,71.66,79.32,0.89
T101,2026-08-14 17:00:00,53.57,80.16,112.39,1.9
T101,2026-08-14 18:00:00,55.14,53.55,107.99,1.24
T101,2026-08-14 19:00:00,60.3,57.4,92.66,0.0
T101,2026-08-14 20:00:00,62.44,81.55,114.36,1.37
T101,2026-08-14 21:00:00,48.33,67.37,123.51,0.11
T101,2026-08-14 22:00:00,57.59,81.96,96.11,2.78
T101,2026-08-14 23:00:00,52.87,53.12,107.03,0.0
T102,2026-08-01 00:00:00,56.62,64.21,103.65,1.29
T102,2026-08-01 01:00:00,61.2,60.17,106.87,4.02
T102,2026-08-01 02:00:00,62.84,66.2,61.64,0.29
T102,2026-08-01 03:00:00,56.5,58.58,84.71,2.22
T102,2026-08-01 04:00:00,66.73,63.09,63.25,1.87
T102,2026-08-01 05:00:00,57.66,44.28,97.82,1.62
T102,2026-08-01 06:00:00,41.02,55.11,83.01,1.39
T102,2026-08-01 07:00:00,54.39,55.01,98.09,0.43
T102,2026-08-01 08:00:00,61.79,51.66,60.66,1.4
T102,2026-08-01 09:00:00,59.77,76.07,75.41,0.16
T102,2026-08-01 10:00:00,67.53,46.72,107.53,1.86
T102,2026-08-01 11:00:00,64.02,56.75,70.3,0.63
T102,2026-08-01 12:00:00,48.93,53.46,96.61,1.32
T102,2026-08-01 13:00:00,50.65,73.11,93.18,2.01
T102,2026-08-01 14:00:00,61.98,77.7,93.59,1.58
T102,2026-08-01 15:00:00,48.99,63.54,84.3,0.61
T102,2026-08-01 16:00:00,61.11,72.61,92.06,0.66
T102,2026-08-01 17:00:00,52.85,78.17,91.3,0.0
T102,2026-08-01 18:00:00,56.64,44.08,85.64,0.64
T102,2026-08-01 19:00:00,53.98,84.02,64.19,1.37
T102,2026-08-01 20:00:00,73.31,77.93,84.43,0.0
T102,2026-08-01 21:00:00,48.47,60.06,72.63,0.22
T102,2026-08-01 22:00:00,55.72,63.77,93.73,0.0
T102,2026-08-01 23:00:00,53.22,63.08,81.48,2.27
T102,2026-08-02 00:00:00,59.63,45.64,92.53,1.24
T102,2026-08-02 01:00:00,57.12,50.44,116.64,0.0
T102,2026-08-02 02:00:00,62.63,67.4,95.81,11.01
T102,2026-08-02 03:00:00,61.93,58.3,104.91,0.3
T102,2026-08-02 04:00:00,59.14,49.48,66.4,0.84
T102,2026-08-02 05:00:00,60.58,44.57,93.95,0.14
T102,2026-08-02 06:00:00,66.96,60.78,64.77,0.86
T102,2026-08-02 07:00:00,51.59,80.23,85.01,0.68
T102,2026-08-02 08:00:00,62.14,52.94,61.8,1.13
T102,2026-08-02 09:00:00,50.3,51.8,100.06,1.22
T102,2026-08-02 10:00:00,49.22,57.57,68.73,2.22
T102,2026-08-02 11:00:00,64.34,59.95,95.37,0.0
T102,2026-08-02 12:00:00,53.29,66.26,93.14,0.72
T102,2026-08-02 13:00:00,59.74,65.94,82.06,0.56
T102,2026-08-02 14:00:00,55.02,67.78,92.39,0.96
T102,2026-08-02 15:00:00,49.75,53.01,92.18,1.98
T102,2026-08-02 16:00:00,59.07,60.06,89.04,0.0
T102,2026-08-02 17:00:00,67.16,67.24,72.95,0.67
T102,2026-08-02 18:00:00,54.31,80.74,81.36,0.92
T102,2026-08-02 19:00:00,62.02,56.11,88.49,1.02
T102,2026-08-02 20:00:00,47.12,68.03,84.18,0.9
T102,2026-08-02 21:00:00,58.25,68.11,109.07,0.0
T102,2026-08-02 22:00:00,55.6,73.0,93.66,1.17
T102,2026-08-02 23:00:00,77.28,72.37,105.36,0.55
T102,2026-08-03 00:00:00,51.05,61.23,97.82,1.13
T102,2026-08-03 01:00:00,60.82,62.43,78.27,0.66
T102,2026-08-03 02:00:00,63.07,75.09,66.89,1.41
T102,2026-08-03 03:00:00,53.44,70.63,81.54,2.05
T102,2026-08-03 04:00:00,55.07,67.14,95.92,0.1
T102,2026-08-03 05:00:00,57.49,61.8,75.75,0.45
T102,2026-08-03 06:00:00,65.78,57.82,95.2,1.05
T102,2026-08-03 07:00:00,48.22,71.23,59.56,1.3
T102,2026-08-03 08:00:00,54.45,65.1,61.7,0.9
T102,2026-08-03 09:00:00,64.49,55.32,74.07,1.16
T102,2026-08-03 10:00:00,61.36,35.79,121.28,1.22
T102,2026-08-03 11:00:00,62.88,63.28,51.6,1.34
T102,2026-08-03 12:00:00,54.04,71.53,81.06,0.99
T102,2026-08-03 13:00:00,52.58,75.37,63.61,2.6
T102,2026-08-03 14:00:00,73.67,84.59,107.96,0.73
T102,2026-08-03 15:00:00,66.17,63.85,57.04,2.0
T102,2026-08-03 16:00:00,65.9,64.62,62.95,0.33
T102,2026-08-03 17:00:00,45.25,76.34,56.14,1.03
T102,2026-08-03 18:00:00,52.09,47.88,89.29,0.53
T102,2026-08-03 19:00:00,63.87,49.79,71.37,0.0
T102,2026-08-03 20:00:00,42.71,86.58,122.5,0.87
T102,2026-08-03 21:00:00,52.23,61.42,100.72,0.39
T102,2026-08-03 22:00:00,59.66,64.85,74.76,0.38
T102,2026-08-03 23:00:00,60.05,53.28,93.13,0.42
T102,2026-08-04 00:00:00,58.89,81.61,81.97,1.54
T102,2026-08-04 01:00:00,45.46,59.36,85.5,2.34
T102,2026-08-04 02:00:00,44.28,63.85,111.22,0.17
T102,2026-08-04 03:00:00,56.51,68.98,88.32,2.05
T102,2026-08-04 04:00:00,61.14,80.93,78.52,0.21
T102,2026-08-04 05:00:00,56.42,51.09,93.7,0.49
T102,2026-08-04 06:00:00,53.3,70.98,64.41,1.42
T102,2026-08-04 07:00:00,54.65,78.91,77.93,1.31
T102,2026-08-04 08:00:00,59.26,73.93,86.98,0.0
T102,2026-08-04 09:00:00,65.06,63.95,99.21,1.35
T102,2026-08-04 10:00:00,52.59,54.02,96.8,0.56
T102,2026-08-04 11:00:00,64.56,62.86,103.42,1.14
T102,2026-08-04 12:00:00,60.02,60.51,89.18,1.75
T102,2026-08-04 13:00:00,57.62,71.37,85.83,0.9
T102,2026-08-04 14:00:00,70.06,79.42,86.43,0.97
T102,2026-08-04 15:00:00,53.09,62.92,90.57,1.48
T102,2026-08-04 16:00:00,63.24,51.69,102.59,0.73
T102,2026-08-04 17:00:00,51.09,81.04,111.34,1.01
T102,2026-08-04 18:00:00,62.96,74.21,110.12,1.38
T102,2026-08-04 19:00:00,48.71,89.12,104.18,0.39
T102,2026-08-04 20:00:00,50.79,71.06,79.99,1.06
T102,2026-08-04 21:00:00,120.99,58.2,64.91,1.11
T102,2026-08-04 22:00:00,54.27,66.75,60.82,0.6
T102,2026-08-04 23:00:00,63.0,72.27,70.81,0.0
T102,2026-08-05 00:00:00,58.11,71.73,92.29,0.39
T102,2026-08-05 01:00:00,60.08,83.03,88.69,0.0
T102,2026-08-05 02:00:00,59.42,89.53,61.83,0.82
T102,2026-08-05 03:00:00,56.42,66.15,88.5,1.71
T102,2026-08-05 04:00:00,58.59,80.33,82.88,0.52
T102,2026-08-05 05:00:00,53.32,43.19,89.96,2.44
T102,2026-08-05 06:00:00,61.21,73.24,77.57,0.6
T102,2026-08-05 07:00:00,64.89,89.1,111.78,1.44
T102,2026-08-05 08:00:00,58.25,67.52,71.44,0.0
T102,2026-08-05 09:00:00,50.11,65.6,79.74,0.0
T102,2026-08-05 10:00:00,57.74,61.18,63.89,0.5
T102,2026-08-05 11:00:00,55.75,57.6,101.68,0.0
T102,2026-08-05 12:00:00,44.1,65.04,86.73,1.12
T102,2026-08-05 13:00:00,54.23,53.98,84.87,0.45
T102,2026-08-05 14:00:00,68.86,61.11,84.04,2.78
T102,2026-08-05 15:00:00,56.64,71.67,96.63,1.39
T102,2026-08-05 16:00:00,60.03,67.33,86.81,0.34
T102,2026-08-05 17:00:00,60.28,89.34,106.79,1.04
T102,2026-08-05 18:00:00,63.99,54.57,80.31,1.56
T102,2026-08-05 19:00:00,68.41,55.75,76.3,2.55
T102,2026-08-05 20:00:00,58.67,86.88,88.72,1.0
T102,2026-08-05 21:00:00,55.86,76.31,109.44,0.0
T102,2026-08-05 22:00:00,55.53,75.98,82.67,0.41
T102,2026-08-05 23:00:00,65.07,78.24,76.91,0.97
T102,2026-08-06 00:00:00,49.54,54.25,87.23,0.83
T102,2026-08-06 01:00:00,51.23,56.41,65.83,1.16
T102,2026-08-06 02:00:00,44.23,174.25,51.47,1.14
T102,2026-08-06 03:00:00,45.38,65.38,114.51,2.14
T102,2026-08-06 04:00:00,45.36,68.58,67.2,0.0
T102,2026-08-06 05:00:00,57.21,79.74,95.79,0.23
T102,2026-08-06 06:00:00,62.94,38.08,71.45,0.14
T102,2026-08-06 07:00:00,58.55,62.57,82.45,0.66
T102,2026-08-06 08:00:00,58.16,71.48,87.69,0.57
T102,2026-08-06 09:00:00,60.81,74.91,74.99,0.75
T102,2026-08-06 10:00:00,66.13,51.77,117.48,0.0
T102,2026-08-06 11:00:00,55.58,53.6,124.38,0.4
T102,2026-08-06 12:00:00,54.49,60.55,86.72,0.54
T102,2026-08-06 13:00:00,57.07,22.65,86.03,0.81
T102,2026-08-06 14:00:00,65.27,80.71,81.62,1.45
T102,2026-08-06 15:00:00,50.29,74.21,74.7,0.0
T102,2026-08-06 16:00:00,56.7,81.81,88.26,2.0
T102,2026-08-06 17:00:00,52.76,77.57,73.26,0.98
T102,2026-08-06 18:00:00,59.52,72.94,89.51,0.21
T102,2026-08-06 19:00:00,64.16,85.78,74.49,0.0
T102,2026-08-06 20:00:00,61.5,61.03,82.64,1.24
T102,2026-08-06 21:00:00,54.81,61.77,83.2,1.98
T102,2026-08-06 22:00:00,58.21,50.17,63.47,0.91
T102,2026-08-06 23:00:00,50.09,46.25,96.44,1.35
T102,2026-08-07 00:00:00,55.42,68.52,88.39,1.28
T102,2026-08-07 01:00:00,62.23,33.73,80.67,1.21
T102,2026-08-07 02:00:00,55.13,65.43,98.51,0.86
T102,2026-08-07 03:00:00,68.56,78.52,82.87,0.64
T102,2026-08-07 04:00:00,38.05,61.08,60.64,0.98
T102,2026-08-07 05:00:00,59.07,73.35,110.14,0.78
T102,2026-08-07 06:00:00,73.96,67.79,61.42,0.35
T102,2026-08-07 07:00:00,55.39,72.11,67.95,0.56
T102,2026-08-07 08:00:00,56.87,59.62,99.61,1.31
T102,2026-08-07 09:00:00,66.17,61.03,106.65,0.0
T102,2026-08-07 10:00:00,48.28,50.43,85.17,1.76
T102,2026-08-07 11:00:00,53.79,59.28,81.11,1.26
T102,2026-08-07 12:00:00,54.66,58.6,60.78,0.34
T102,2026-08-07 13:00:00,66.24,66.09,71.68,1.79
T102,2026-08-07 14:00:00,53.9,82.04,110.26,0.84
T102,2026-08-07 15:00:00,47.51,92.47,91.97,0.54
T102,2026-08-07 16:00:00,64.69,73.43,108.6,0.27
T102,2026-08-07 17:00:00,60.23,50.77,96.99,0.78
T102,2026-08-07 18:00:00,59.97,63.24,80.48,0.11
T102,2026-08-07 19:00:00,63.53,82.88,74.98,1.24
T102,2026-08-07 20:00:00,61.03,65.1,57.52,0.0
T102,2026-08-07 21:00:00,52.53,39.33,110.34,1.09
T102,2026-08-07 22:00:00,57.79,38.72,52.17,0.8
T102,2026-08-07 23:00:00,71.79,56.62,100.55,0.42
T102,2026-08-08 00:00:00,58.39,79.58,78.77,0.25
T102,2026-08-08 01:00:00,67.93,65.55,104.64,0.25
T102,2026-08-08 02:00:00,67.85,68.28,92.83,0.91
T102,2026-08-08 03:00:00,54.46,64.98,77.03,1.57
T102,2026-08-08 04:00:00,56.58,47.04,54.77,0.0
T102,2026-08-08 05:00:00,62.33,51.18,90.4,0.91
T102,2026-08-08 06:00:00,57.55,70.26,87.85,0.0
T102,2026-08-08 07:00:00,55.73,70.1,114.53,2.15
T102,2026-08-08 08:00:00,48.46,60.8,56.81,2.02
T102,2026-08-08 09:00:00,65.09,69.21,87.99,1.9
T102,2026-08-08 10:00:00,66.48,78.9,93.22,0.52
T102,2026-08-08 11:00:00,63.37,74.79,81.57,0.52
T102,2026-08-08 12:00:00,65.93,84.97,71.51,0.59
T102,2026-08-08 13:00:00,60.46,70.84,75.6,2.31
T102,2026-08-08 14:00:00,60.95,71.38,116.66,0.44
T102,2026-08-08 15:00:00,57.38,49.96,81.9,0.0
T102,2026-08-08 16:00:00,63.23,70.04,80.01,0.72
T102,2026-08-08 17:00:00,63.33,51.37,88.68,1.36
T102,2026-08-08 18:00:00,45.52,73.22,54.87,0.71
T102,2026-08-08 19:00:00,49.86,82.17,64.17,0.0
T102,2026-08-08 20:00:00,58.93,60.04,57.92,1.22
T102,2026-08-08 21:00:00,44.06,52.57,74.65,1.44
T102,2026-08-08 22:00:00,67.07,78.23,82.24,0.0
T102,2026-08-08 23:00:00,60.74,82.65,107.21,1.17
T102,2026-08-09 00:00:00,49.67,58.7,119.81,0.0
T102,2026-08-09 01:00:00,49.97,76.31,77.24,0.0
T102,2026-08-09 02:00:00,68.7,70.53,78.13,0.0
T102,2026-08-09 03:00:00,72.33,64.71,110.15,1.51
T102,2026-08-09 04:00:00,54.35,58.84,111.03,1.97
T102,2026-08-09 05:00:00,44.86,71.6,82.82,0.0
T102,2026-08-09 06:00:00,59.83,48.8,76.6,0.16
T102,2026-08-09 07:00:00,54.5,64.14,66.72,2.06
T102,2026-08-09 08:00:00,61.45,86.53,82.12,0.36
T102,2026-08-09 09:00:00,70.31,58.06,81.79,1.38
T102,2026-08-09 10:00:00,49.34,73.54,95.5,1.82
T102,2026-08-09 11:00:00,64.23,80.6,83.01,0.11
T102,2026-08-09 12:00:00,72.77,46.68,59.32,1.25
T102,2026-08-09 13:00:00,69.37,67.27,102.99,0.0
T102,2026-08-09 14:00:00,54.5,42.51,99.05,0.0
T102,2026-08-09 15:00:00,49.06,71.17,104.11,0.67
T102,2026-08-09 16:00:00,61.99,71.45,81.12,0.0
T102,2026-08-09 17:00:00,61.95,72.36,101.09,1.05
T102,2026-08-09 18:00:00,49.82,73.28,84.98,0.41
T102,2026-08-09 19:00:00,55.94,56.72,101.0,0.0
T102,2026-08-09 20:00:00,51.05,61.05,114.05,1.64
T102,2026-08-09 21:00:00,46.51,81.22,109.29,0.0
T102,2026-08-09 22:00:00,40.35,64.13,105.2,2.07
T102,2026-08-09 23:00:00,51.9,86.02,44.9,0.51
T102,2026-08-10 00:00:00,55.08,78.83,108.37,1.56
T102,2026-08-10 01:00:00,48.55,75.35,94.16,0.0
T102,2026-08-10 02:00:00,43.53,77.46,81.76,0.0
T102,2026-08-10 03:00:00,56.54,69.37,83.51,0.0
T102,2026-08-10 04:00:00,71.2,77.05,78.96,0.56
T102,2026-08-10 05:00:00,60.52,51.44,90.81,0.0
T102,2026-08-10 06:00:00,57.51,50.98,64.87,2.12
T102,2026-08-10 07:00:00,58.41,67.49,48.8,0.32
T102,2026-08-10 08:00:00,61.23,67.33,46.23,0.97
T102,2026-08-10 09:00:00,60.57,80.41,73.21,0.0
T102,2026-08-10 10:00:00,51.02,51.84,98.26,0.0
T102,2026-08-10 11:00:00,54.86,82.11,85.13,1.52
T102,2026-08-10 12:00:00,46.51,45.78,110.87,0.88
T102,2026-08-10 13:00:00,58.72,51.58,86.81,0.0
T102,2026-08-10 14:00:00,66.31,97.73,93.71,0.29
T102,2026-08-10 15:00:00,40.26,44.79,112.99,0.0
T102,2026-08-10 16:00:00,55.4,72.86,111.68,0.64
T102,2026-08-10 17:00:00,55.17,65.86,73.7,0.34
T102,2026-08-10 18:00:00,60.88,67.22,123.37,7.18
T102,2026-08-10 19:00:00,66.06,52.14,94.45,0.22
T102,2026-08-10 20:00:00,60.77,73.26,85.9,2.73
T102,2026-08-10 21:00:00,68.0,79.13,98.76,2.21
T102,2026-08-10 22:00:00,47.94,81.44,67.16,0.35
T102,2026-08-10 23:00:00,61.93,79.8,64.24,0.39
T102,2026-08-11 00:00:00,58.68,62.76,100.37,3.55
T102,2026-08-11 01:00:00,60.94,56.18,61.66,0.54
T102,2026-08-11 02:00:00,51.42,70.61,93.14,0.43
T102,2026-08-11 03:00:00,71.89,56.17,82.85,1.31
T102,2026-08-11 04:00:00,64.24,80.33,92.71,1.64
T102,2026-08-11 05:00:00,53.34,76.02,101.29,2.01
T102,2026-08-11 06:00:00,46.32,54.11,99.82,0.0
T102,2026-08-11 07:00:00,61.44,77.72,74.63,0.46
T102,2026-08-11 08:00:00,50.48,58.74,76.13,0.25
T102,2026-08-11 09:00:00,52.84,61.75,79.9,2.3
T102,2026-08-11 10:00:00,55.24,69.13,74.62,0.33
T102,2026-08-11 11:00:00,46.07,46.14,63.27,0.95
T102,2026-08-11 12:00:00,65.53,43.56,75.12,0.0
T102,2026-08-11 13:00:00,56.15,77.91,76.96,0.76
T102,2026-08-11 14:00:00,68.19,70.49,71.32,0.93
T102,2026-08-11 15:00:00,52.21,70.05,94.28,0.0
T102,2026-08-11 16:00:00,59.23,63.59,94.8,1.47
T102,2026-08-11 17:00:00,61.34,61.36,101.8,0.1
T102,2026-08-11 18:00:00,48.76,26.66,83.74,0.14
T102,2026-08-11 19:00:00,60.78,41.35,73.35,1.18
T102,2026-08-11 20:00:00,50.79,69.91,74.97,0.77
T102,2026-08-11 21:00:00,62.17,76.43,86.66,0.15
T102,2026-08-11 22:00:00,54.79,72.64,66.62,0.66
T102,2026-08-11 23:00:00,55.3,63.76,66.83,0.0
T102,2026-08-12 00:00:00,61.65,76.57,52.74,1.1
T102,2026-08-12 01:00:00,65.58,72.15,77.5,0.05
T102,2026-08-12 02:00:00,58.57,67.97,86.72,0.66
T102,2026-08-12 03:00:00,50.42,70.07,93.48,0.96
T102,2026-08-12 04:00:00,58.78,85.15,73.76,1.83
T102,2026-08-12 05:00:00,52.86,78.31,107.2,0.57
T102,2026-08-12 06:00:00,69.63,70.63,69.21,0.5
T102,2026-08-12 07:00:00,65.93,76.08,65.96,0.69
T102,2026-08-12 08:00:00,59.42,58.91,127.44,0.99
T102,2026-08-12 09:00:00,57.57,79.29,78.43,1.61
T102,2026-08-12 10:00:00,46.33,59.56,103.88,2.06
T102,2026-08-12 11:00:00,52.59,54.32,95.21,0.3
T102,2026-08-12 12:00:00,56.12,75.52,75.21,0.0
T102,2026-08-12 13:00:00,48.89,65.12,51.46,0.56
T102,2026-08-12 14:00:00,48.26,84.68,123.97,0.0
T102,2026-08-12 15:00:00,59.8,53.48,79.43,2.24
T102,2026-08-12 16:00:00,54.73,61.57,68.03,1.72
T102,2026-08-12 17:00:00,35.16,59.69,84.17,0.27
T102,2026-08-12 18:00:00,64.04,79.42,59.58,2.47
T102,2026-08-12 19:00:00,48.04,80.46,87.7,0.4
T102,2026-08-12 20:00:00,55.13,64.6,88.75,0.06
T102,2026-08-12 21:00:00,56.36,55.75,63.13,0.15
T102,2026-08-12 22:00:00,49.95,59.96,92.78,0.9
T102,2026-08-12 23:00:00,71.82,38.47,93.45,0.81
T102,2026-08-13 00:00:00,63.71,73.6,82.03,0.94
T102,2026-08-13 01:00:00,52.79,72.36,51.18,1.42
T102,2026-08-13 02:00:00,57.84,59.16,80.81,0.67
T102,2026-08-13 03:00:00,67.08,103.8,106.96,0.35
T102,2026-08-13 04:00:00,62.41,73.08,68.35,0.0
T102,2026-08-13 05:00:00,57.56,74.69,55.99,0.22
T102,2026-08-13 06:00:00,62.01,65.5,110.49,0.0
T102,2026-08-13 07:00:00,74.47,46.54,48.48,0.75
T102,2026-08-13 08:00:00,50.06,64.53,83.67,0.64
T102,2026-08-13 09:00:00,52.1,70.19,79.29,1.68
T102,2026-08-13 10:00:00,56.74,53.42,54.62,0.66
T102,2026-08-13 11:00:00,49.12,48.8,94.49,0.0
T102,2026-08-13 12:00:00,67.89,66.92,84.21,0.0
T102,2026-08-13 13:00:00,63.35,64.97,72.65,0.96
T102,2026-08-13 14:00:00,46.22,45.38,64.84,1.08
T102,2026-08-13 15:00:00,57.98,77.59,68.44,1.26
T102,2026-08-13 16:00:00,57.2,53.68,91.94,0.75
T102,2026-08-13 17:00:00,53.6,155.21,82.67,0.68
T102,2026-08-13 18:00:00,55.11,49.34,86.35,0.16
T102,2026-08-13 19:00:00,50.86,62.11,98.21,0.95
T102,2026-08-13 20:00:00,54.28,58.14,96.44,0.0
T102,2026-08-13 21:00:00,63.58,42.51,59.52,0.39
T102,2026-08-13 22:00:00,73.19,85.13,97.72,1.09
T102,2026-08-13 23:00:00,44.96,66.88,75.11,0.15
T102,2026-08-14 00:00:00,59.08,59.35,100.65,0.0
T102,2026-08-14 01:00:00,58.53,54.45,77.63,1.04
T102,2026-08-14 02:00:00,50.18,66.97,81.18,0.27
T102,2026-08-14 03:00:00,54.71,63.15,71.18,0.81
T102,2026-08-14 04:00:00,56.05,57.66,113.62,1.13
T102,2026-08-14 05:00:00,55.32,66.75,66.52,0.45
T102,2026-08-14 06:00:00,55.76,50.04,91.97,0.4
T102,2026-08-14 07:00:00,55.51,58.18,138.26,0.27
T102,2026-08-14 08:00:00,43.52,45.8,98.67,1.87
T102,2026-08-14 09:00:00,53.23,80.35,98.35,0.65
T102,2026-08-14 10:00:00,56.18,67.17,100.79,1.12
T102,2026-08-14 11:00:00,53.26,62.91,120.66,1.0
T102,2026-08-14 12:00:00,64.09,71.48,89.92,0.89
T102,2026-08-14 13:00:00,64.28,73.62,89.75,0.24
T102,2026-08-14 14:00:00,60.7,64.2,79.45,2.94
T102,2026-08-14 15:00:00,47.23,76.5,69.47,0.9
T102,2026-08-14 16:00:00,75.98,53.45,71.97,0.79
T102,2026-08-14 17:00:00,52.07,75.61,75.38,1.32
T102,2026-08-14 18:00:00,48.7,43.32,80.88,0.0
T102,2026-08-14 19:00:00,68.63,46.64,66.32,1.13
T102,2026-08-14 20:00:00,53.9,46.78,121.72,0.0
T102,2026-08-14 21:00:00,56.63,62.49,97.79,1.17
T102,2026-08-14 22:00:00,52.21,61.09,80.92,1.4
T102,2026-08-14 23:00:00,,89.22,71.33,0.79
T103,2026-08-01 00:00:00,49.88,49.42,69.26,0.02
T103,2026-08-01 01:00:00,55.1,53.25,97.52,0.17
T103,2026-08-01 02:00:00,51.74,60.28,102.87,0.97
T103,2026-08-01 03:00:00,57.3,47.8,64.43,0.0
T103,2026-08-01 04:00:00,67.15,71.37,69.49,0.35
T103,2026-08-01 05:00:00,52.22,54.37,93.29,0.57
T103,2026-08-01 06:00:00,72.57,80.0,108.57,1.34
T103,2026-08-01 07:00:00,55.04,72.17,78.72,2.1
T103,2026-08-01 08:00:00,60.83,68.15,87.29,2.19
T103,2026-08-01 09:00:00,47.96,87.06,81.65,0.0
T103,2026-08-01 10:00:00,52.73,45.19,96.77,0.0
T103,2026-08-01 11:00:00,59.18,78.61,72.9,0.59
T103,2026-08-01 12:00:00,48.88,60.34,131.33,1.42
T103,2026-08-01 13:00:00,56.15,57.66,84.23,0.9
T103,2026-08-01 14:00:00,55.07,71.36,67.84,0.03
T103,2026-08-01 15:00:00,60.59,50.98,98.12,0.79
T103,2026-08-01 16:00:00,45.2,66.31,54.67,1.35
T103,2026-08-01 17:00:00,56.26,87.21,104.28,0.0
T103,2026-08-01 18:00:00,43.85,55.94,63.02,2.26
T103,2026-08-01 19:00:00,57.93,76.2,79.87,0.66
T103,2026-08-01 20:00:00,57.77,78.28,90.61,0.0
T103,2026-08-01 21:00:00,69.36,61.49,76.8,0.0
T103,2026-08-01 22:00:00,62.44,66.21,86.8,0.48
T103,2026-08-01 23:00:00,53.97,60.57,93.34,1.31
T103,2026-08-02 00:00:00,56.38,76.39,83.58,0.4
T103,2026-08-02 01:00:00,59.39,48.69,89.19,0.0
T103,2026-08-02 02:00:00,50.81,40.78,81.85,2.09
T103,2026-08-02 03:00:00,57.18,72.72,127.34,1.12
T103,2026-08-02 04:00:00,52.64,57.47,85.01,0.29
T103,2026-08-02 05:00:00,54.09,76.82,103.47,0.0
T103,2026-08-02 06:00:00,52.27,59.43,95.78,1.71
T103,2026-08-02 07:00:00,76.91,59.41,77.52,1.27
T103,2026-08-02 08:00:00,53.22,63.31,77.53,0.0
T103,2026-08-02 09:00:00,58.86,62.81,107.88,0.8
T103,2026-08-02 10:00:00,49.22,61.9,47.36,0.0
T103,2026-08-02 11:00:00,62.45,62.03,101.61,11.56
T103,2026-08-02 12:00:00,56.3,59.29,102.21,1.34
T103,2026-08-02 13:00:00,62.5,83.5,78.37,1.87
T103,2026-08-02 14:00:00,50.69,52.03,98.55,0.0
T103,2026-08-02 15:00:00,62.01,66.22,104.29,0.75
T103,2026-08-02 16:00:00,58.39,71.11,73.07,0.24
T103,2026-08-02 17:00:00,61.32,64.65,77.67,0.73
T103,2026-08-02 18:00:00,69.16,59.68,76.5,0.0
T103,2026-08-02 19:00:00,57.7,72.88,100.05,0.89
T103,2026-08-02 20:00:00,64.69,73.77,105.03,1.59
T103,2026-08-02 21:00:00,68.99,62.96,61.11,1.33
T103,2026-08-02 22:00:00,63.46,83.84,108.06,2.36
T103,2026-08-02 23:00:00,62.34,67.75,60.07,1.05
T103,2026-08-03 00:00:00,54.13,67.54,85.98,1.18
T103,2026-08-03 01:00:00,57.32,76.22,35.98,0.95
T103,2026-08-03 02:00:00,66.42,87.44,98.18,2.15
T103,2026-08-03 03:00:00,59.18,65.03,94.53,0.8
T103,2026-08-03 04:00:00,52.52,58.82,64.98,1.22
T103,2026-08-03 05:00:00,58.08,60.68,74.8,1.2
T103,2026-08-03 06:00:00,63.46,51.43,61.82,1.56
T103,2026-08-03 07:00:00,48.37,71.57,114.1,2.1
T103,2026-08-03 08:00:00,63.17,73.51,125.53,0.0
T103,2026-08-03 09:00:00,54.75,75.18,78.93,1.79
T103,2026-08-03 10:00:00,57.72,66.58,80.06,0.38
T103,2026-08-03 11:00:00,54.17,68.25,71.06,1.56
T103,2026-08-03 12:00:00,62.57,78.19,64.68,0.0
T103,2026-08-03 13:00:00,57.97,99.79,107.79,0.36
T103,2026-08-03 14:00:00,60.97,73.73,60.37,1.9
T103,2026-08-03 15:00:00,56.83,63.91,85.43,1.72
T103,2026-08-03 16:00:00,52.71,44.52,90.81,0.0
T103,2026-08-03 17:00:00,55.89,79.24,95.42,1.63
T103,2026-08-03 18:00:00,62.34,93.92,74.41,1.12
T103,2026-08-03 19:00:00,54.93,76.48,83.89,2.18
T103,2026-08-03 20:00:00,54.28,81.89,95.68,0.77
T103,2026-08-03 21:00:00,61.8,68.14,91.41,0.63
T103,2026-08-03 22:00:00,53.09,60.98,54.7,1.47
T103,2026-08-03 23:00:00,49.35,62.39,96.66,1.47
T103,2026-08-04 00:00:00,45.58,63.9,93.28,0.84
T103,2026-08-04 01:00:00,67.41,55.14,48.12,1.45
T103,2026-08-04 02:00:00,54.24,43.9,82.15,1.78
T103,2026-08-04 03:00:00,49.16,93.03,69.92,0.87
T103,2026-08-04 04:00:00,49.47,65.5,82.59,0.0
T103,2026-08-04 05:00:00,77.78,59.06,76.1,1.58
T103,2026-08-04 06:00:00,70.7,78.52,63.38,0.97
T103,2026-08-04 07:00:00,44.83,75.82,55.57,0.16
T103,2026-08-04 08:00:00,57.98,70.34,80.3,2.02
T103,2026-08-04 09:00:00,63.06,72.74,62.87,2.16
T103,2026-08-04 10:00:00,52.38,85.85,121.4,1.21
T103,2026-08-04 11:00:00,65.22,28.0,81.49,1.68
T103,2026-08-04 12:00:00,64.47,50.36,79.71,0.0
T103,2026-08-04 13:00:00,60.89,42.4,105.35,1.75
T103,2026-08-04 14:00:00,54.68,71.26,81.09,0.99
T103,2026-08-04 15:00:00,49.97,72.47,55.46,0.0
T103,2026-08-04 16:00:00,57.15,62.47,89.9,0.28
T103,2026-08-04 17:00:00,71.2,66.93,89.19,0.96
T103,2026-08-04 18:00:00,65.02,71.91,92.96,1.39
T103,2026-08-04 19:00:00,45.23,43.56,83.63,0.64
T103,2026-08-04 20:00:00,62.06,65.24,95.47,0.0
T103,2026-08-04 21:00:00,57.92,48.91,91.96,0.0
T103,2026-08-04 22:00:00,60.44,47.37,78.1,1.52
T103,2026-08-04 23:00:00,59.59,45.25,72.9,0.0
T103,2026-08-05 00:00:00,46.14,66.41,95.09,1.15
T103,2026-08-05 01:00:00,62.22,64.86,80.08,0.0
T103,2026-08-05 02:00:00,54.92,49.14,69.79,0.87
T103,2026-08-05 03:00:00,57.18,101.78,60.78,0.7
T103,2026-08-05 04:00:00,48.03,60.35,78.75,1.48
T103,2026-08-05 05:00:00,54.85,62.7,77.25,0.0
T103,2026-08-05 06:00:00,53.44,60.42,86.33,1.25
T103,2026-08-05 07:00:00,56.36,61.97,54.03,1.23
T103,2026-08-05 08:00:00,53.13,73.97,108.7,0.65
T103,2026-08-05 09:00:00,50.84,64.8,91.28,0.55
T103,2026-08-05 10:00:00,54.05,71.76,93.96,0.52
T103,2026-08-05 11:00:00,46.42,70.48,71.19,0.97
T103,2026-08-05 12:00:00,59.06,42.33,86.46,1.21
T103,2026-08-05 13:00:00,62.46,66.41,49.41,1.82
T103,2026-08-05 14:00:00,60.88,50.56,70.82,0.98
T103,2026-08-05 15:00:00,62.76,59.14,99.86,0.0
T103,2026-08-05 16:00:00,50.7,40.23,68.85,2.01
T103,2026-08-05 17:00:00,72.4,67.82,73.51,0.62
T103,2026-08-05 18:00:00,61.31,46.24,74.7,1.95
T103,2026-08-05 19:00:00,50.68,56.01,85.24,1.03
T103,2026-08-05 20:00:00,53.62,65.92,95.94,2.37
T103,2026-08-05 21:00:00,57.12,64.5,112.49,0.36
T103,2026-08-05 22:00:00,48.73,68.0,104.37,1.09
T103,2026-08-05 23:00:00,57.32,47.62,83.95,1.79
T103,2026-08-06 00:00:00,49.36,62.06,78.03,0.24
T103,2026-08-06 01:00:00,59.74,70.32,92.79,0.02
T103,2026-08-06 02:00:00,46.48,68.15,75.89,2.27
T103,2026-08-06 03:00:00,71.19,88.89,68.08,1.26
T103,2026-08-06 04:00:00,64.1,74.1,78.62,1.82
T103,2026-08-06 05:00:00,58.0,66.54,57.32,1.32
T103,2026-08-06 06:00:00,56.18,70.58,89.23,0.94
T103,2026-08-06 07:00:00,57.68,74.44,81.42,0.0
T103,2026-08-06 08:00:00,61.98,55.29,61.16,0.0
T103,2026-08-06 09:00:00,59.98,63.84,46.61,0.49
T103,2026-08-06 10:00:00,66.18,59.58,82.02,1.63
T103,2026-08-06 11:00:00,63.57,77.26,35.09,2.19
T103,2026-08-06 12:00:00,62.45,94.54,70.92,0.0
T103,2026-08-06 13:00:00,58.05,61.7,96.77,1.66
T103,2026-08-06 14:00:00,57.39,62.11,94.41,0.59
T103,2026-08-06 15:00:00,55.62,77.45,107.68,1.67
T103,2026-08-06 16:00:00,56.82,39.32,82.33,0.19
T103,2026-08-06 17:00:00,57.09,56.95,84.63,0.0
T103,2026-08-06 18:00:00,49.03,79.67,67.55,0.8
T103,2026-08-06 19:00:00,64.68,75.97,99.31,1.04
T103,2026-08-06 20:00:00,63.07,81.48,92.65,0.0
T103,2026-08-06 21:00:00,54.3,73.36,73.71,2.1
T103,2026-08-06 22:00:00,57.56,66.02,105.25,0.65
T103,2026-08-06 23:00:00,59.23,75.79,58.5,0.57
T103,2026-08-07 00:00:00,63.8,65.79,111.41,0.0
T103,2026-08-07 01:00:00,46.17,74.24,100.58,0.65
T103,2026-08-07 02:00:00,60.8,73.94,70.35,0.23
T103,2026-08-07 03:00:00,59.33,75.85,64.01,0.64
T103,2026-08-07 04:00:00,56.29,70.02,84.84,0.36
T103,2026-08-07 05:00:00,66.74,58.53,79.74,0.0
T103,2026-08-07 06:00:00,53.0,71.19,90.77,1.28
T103,2026-08-07 07:00:00,61.86,90.05,71.54,0.0
T103,2026-08-07 08:00:00,50.65,56.56,67.46,0.87
T103,2026-08-07 09:00:00,66.77,83.48,94.08,2.51
T103,2026-08-07 10:00:00,55.51,45.41,103.96,0.0
T103,2026-08-07 11:00:00,52.71,71.24,83.16,0.65
T103,2026-08-07 12:00:00,49.73,64.87,103.07,0.82
T103,2026-08-07 13:00:00,52.19,50.03,70.43,1.11
T103,2026-08-07 14:00:00,60.41,55.39,45.21,1.14
T103,2026-08-07 15:00:00,51.72,73.27,71.39,0.01
T103,2026-08-07 16:00:00,59.07,93.29,98.48,0.91
T103,2026-08-07 17:00:00,60.51,43.99,64.8,0.0
T103,2026-08-07 18:00:00,70.11,83.33,92.07,0.91
T103,2026-08-07 19:00:00,47.14,62.37,117.26,0.91
T103,2026-08-07 20:00:00,54.05,43.9,109.85,0.74
T103,2026-08-07 21:00:00,45.7,53.91,62.0,0.69
T103,2026-08-07 22:00:00,59.45,,98.99,0.86
T103,2026-08-07 23:00:00,65.44,60.71,139.82,0.35
T103,2026-08-08 00:00:00,51.68,52.68,81.2,0.0
T103,2026-08-08 01:00:00,60.06,42.14,87.91,0.0
T103,2026-08-08 02:00:00,55.33,72.25,126.47,0.0
T103,2026-08-08 03:00:00,56.95,56.31,69.34,0.23
T103,2026-08-08 04:00:00,63.77,59.14,125.49,1.13
T103,2026-08-08 05:00:00,50.93,60.6,70.57,1.44
T103,2026-08-08 06:00:00,46.53,48.91,74.35,1.35
T103,2026-08-08 07:00:00,66.63,81.57,94.54,0.73
T103,2026-08-08 08:00:00,63.56,51.27,51.8,1.15
T103,2026-08-08 09:00:00,50.96,64.22,87.15,1.0
T103,2026-08-08 10:00:00,64.56,74.98,88.51,0.45
T103,2026-08-08 11:00:00,58.75,57.85,81.46,2.89
T103,2026-08-08 12:00:00,59.28,70.4,72.3,1.62
T103,2026-08-08 13:00:00,63.32,74.21,88.87,1.63
T103,2026-08-08 14:00:00,66.9,68.4,82.94,1.52
T103,2026-08-08 15:00:00,51.67,56.38,84.04,0.0
T103,2026-08-08 16:00:00,63.79,53.45,76.51,0.63
T103,2026-08-08 17:00:00,58.28,60.88,83.79,0.75
T103,2026-08-08 18:00:00,54.87,55.72,104.47,0.0
T103,2026-08-08 19:00:00,56.56,59.37,92.54,0.0
T103,2026-08-08 20:00:00,54.5,63.77,104.26,1.07
T103,2026-08-08 21:00:00,49.72,59.15,100.95,0.0
T103,2026-08-08 22:00:00,57.45,64.89,78.06,2.96
T103,2026-08-08 23:00:00,55.11,70.4,71.21,1.22
T103,2026-08-09 00:00:00,64.1,57.94,84.02,0.08
T103,2026-08-09 01:00:00,49.99,77.44,75.03,0.0
T103,2026-08-09 02:00:00,70.36,55.37,80.57,2.11
T103,2026-08-09 03:00:00,57.01,63.04,62.89,0.0
T103,2026-08-09 04:00:00,56.84,69.35,90.5,0.41
T103,2026-08-09 05:00:00,58.14,42.95,93.28,0.93
T103,2026-08-09 06:00:00,71.82,65.09,68.03,0.76
T103,2026-08-09 07:00:00,55.71,70.22,85.48,0.0
T103,2026-08-09 08:00:00,46.55,68.15,109.9,0.86
T103,2026-08-09 09:00:00,63.69,77.15,89.8,0.15
T103,2026-08-09 10:00:00,59.37,79.48,94.54,1.4
T103,2026-08-09 11:00:00,54.76,62.57,82.86,0.76
T103,2026-08-09 12:00:00,66.18,36.83,85.55,0.74
T103,2026-08-09 13:00:00,48.4,73.06,71.96,0.51
T103,2026-08-09 14:00:00,70.94,77.12,95.34,1.1
T103,2026-08-09 15:00:00,56.85,88.99,99.44,0.2
T103,2026-08-09 16:00:00,48.2,71.8,83.99,0.0
T103,2026-08-09 17:00:00,61.0,61.77,94.55,1.15
T103,2026-08-09 18:00:00,53.74,72.59,76.04,0.45
T103,2026-08-09 19:00:00,54.27,78.57,79.95,1.9
T103,2026-08-09 20:00:00,70.48,56.14,32.42,1.64
T103,2026-08-09 21:00:00,55.61,54.61,74.4,0.47
T103,2026-08-09 22:00:00,67.08,66.92,108.1,1.2
T103,2026-08-09 23:00:00,55.84,60.32,95.11,1.46
T103,2026-08-10 00:00:00,64.98,61.86,88.15,1.27
T103,2026-08-10 01:00:00,55.31,51.38,70.49,0.61
T103,2026-08-10 02:00:00,62.64,80.11,60.59,0.32
T103,2026-08-10 03:00:00,55.49,74.54,75.49,0.46
T103,2026-08-10 04:00:00,48.12,70.8,82.09,0.28
T103,2026-08-10 05:00:00,56.18,78.52,66.91,0.13
T103,2026-08-10 06:00:00,66.77,65.91,97.06,1.12
T103,2026-08-10 07:00:00,57.75,60.82,99.97,1.73
T103,2026-08-10 08:00:00,65.59,50.77,108.49,0.51
T103,2026-08-10 09:00:00,52.71,62.97,99.96,1.23
T103,2026-08-10 10:00:00,56.21,75.05,87.52,0.34
T103,2026-08-10 11:00:00,53.04,69.92,83.51,0.0
T103,2026-08-10 12:00:00,63.93,59.24,113.66,8.3
T103,2026-08-10 13:00:00,56.74,56.6,67.44,0.41
T103,2026-08-10 14:00:00,70.39,66.72,70.75,0.0
T103,2026-08-10 15:00:00,45.95,58.56,73.59,0.62
T103,2026-08-10 16:00:00,42.09,63.9,103.5,2.1
T103,2026-08-10 17:00:00,44.74,55.38,69.62,0.92
T103,2026-08-10 18:00:00,49.46,85.19,85.78,0.7
T103,2026-08-10 19:00:00,69.15,64.81,92.21,0.2
T103,2026-08-10 20:00:00,48.41,57.68,124.37,1.31
T103,2026-08-10 21:00:00,59.92,53.28,101.4,0.0
T103,2026-08-10 22:00:00,47.03,58.29,120.18,2.32
T103,2026-08-10 23:00:00,54.84,56.91,55.47,0.86
T103,2026-08-11 00:00:00,59.13,74.47,101.39,0.64
T103,2026-08-11 01:00:00,61.89,56.59,94.67,0.39
T103,2026-08-11 02:00:00,61.22,69.54,86.24,1.44
T103,2026-08-11 03:00:00,47.01,52.22,80.14,0.0
T103,2026-08-11 04:00:00,55.15,60.5,108.57,0.91
T103,2026-08-11 05:00:00,65.21,68.62,75.36,0.91
T103,2026-08-11 06:00:00,63.11,79.32,82.62,0.0
T103,2026-08-11 07:00:00,45.98,61.08,42.92,2.24
T103,2026-08-11 08:00:00,62.18,57.37,65.03,1.62
T103,2026-08-11 09:00:00,50.2,52.78,71.21,0.89
T103,2026-08-11 10:00:00,62.35,79.31,103.81,0.8
T103,2026-08-11 11:00:00,65.14,56.95,52.22,0.26
T103,2026-08-11 12:00:00,52.36,57.42,67.73,0.43
T103,2026-08-11 13:00:00,62.34,85.58,53.94,0.0
T103,2026-08-11 14:00:00,52.46,74.19,81.31,0.22
T103,2026-08-11 15:00:00,63.02,76.48,84.66,0.15
T103,2026-08-11 16:00:00,59.89,62.2,80.66,0.39
T103,2026-08-11 17:00:00,64.47,68.0,103.64,1.87
T103,2026-08-11 18:00:00,61.21,58.92,103.73,1.17
T103,2026-08-11 19:00:00,76.22,68.72,97.56,1.03
T103,2026-08-11 20:00:00,57.31,61.89,90.3,1.22
T103,2026-08-11 21:00:00,66.08,68.71,76.67,0.54
T103,2026-08-11 22:00:00,48.74,84.93,75.26,1.57
T103,2026-08-11 23:00:00,59.94,68.64,82.89,0.17
T103,2026-08-12 00:00:00,51.22,85.74,87.05,1.7
T103,2026-08-12 01:00:00,67.69,60.07,92.62,0.84
T103,2026-08-12 02:00:00,49.9,62.77,95.58,0.4
T103,2026-08-12 03:00:00,55.73,62.92,123.01,0.0
T103,2026-08-12 04:00:00,61.51,61.96,73.47,0.58
T103,2026-08-12 05:00:00,62.67,73.69,88.35,1.67
T103,2026-08-12 06:00:00,66.88,74.8,75.17,1.2
T103,2026-08-12 07:00:00,61.49,55.21,56.75,0.0
T103,2026-08-12 08:00:00,58.49,68.58,63.73,1.64
T103,2026-08-12 09:00:00,59.07,81.19,91.67,0.0
T103,2026-08-12 10:00:00,61.21,73.04,75.14,0.0
T103,2026-08-12 11:00:00,58.7,52.99,105.18,0.47
T103,2026-08-12 12:00:00,70.07,39.51,87.43,1.94
T103,2026-08-12 13:00:00,51.77,63.09,77.75,0.25
T103,2026-08-12 14:00:00,59.71,49.45,83.0,1.21
T103,2026-08-12 15:00:00,56.49,53.0,103.54,1.38
T103,2026-08-12 16:00:00,50.71,49.47,67.87,1.24
T103,2026-08-12 17:00:00,59.93,74.48,79.13,0.06
T103,2026-08-12 18:00:00,64.43,58.36,88.36,0.0
T103,2026-08-12 19:00:00,54.01,77.11,72.11,1.45
T103,2026-08-12 20:00:00,41.68,58.29,81.92,2.19
T103,2026-08-12 21:00:00,49.82,73.05,104.02,0.22
T103,2026-08-12 22:00:00,55.39,66.7,58.33,0.44
T103,2026-08-12 23:00:00,66.93,71.27,82.18,0.89
T103,2026-08-13 00:00:00,62.07,74.27,74.98,2.03
T103,2026-08-13 01:00:00,67.21,73.13,69.83,0.0
T103,2026-08-13 02:00:00,55.71,65.73,53.17,1.2
T103,2026-08-13 03:00:00,67.01,71.92,72.83,0.16
T103,2026-08-13 04:00:00,60.1,63.16,92.97,1.28
T103,2026-08-13 05:00:00,65.64,51.41,88.99,0.51
T103,2026-08-13 06:00:00,57.31,75.37,102.52,1.92
T103,2026-08-13 07:00:00,60.98,63.68,80.45,0.0
T103,2026-08-13 08:00:00,67.38,61.14,94.11,1.34
T103,2026-08-13 09:00:00,49.28,53.92,112.85,1.03
T103,2026-08-13 10:00:00,53.94,63.48,104.55,1.55
T103,2026-08-13 11:00:00,47.74,84.61,102.39,0.68
T103,2026-08-13 12:00:00,49.66,77.65,93.58,0.0
T103,2026-08-13 13:00:00,56.38,102.51,85.3,0.21
T103,2026-08-13 14:00:00,50.94,86.27,100.26,1.93
T103,2026-08-13 15:00:00,59.74,80.05,69.73,0.93
T103,2026-08-13 16:00:00,60.01,81.59,90.74,0.3
T103,2026-08-13 17:00:00,,44.88,43.22,1.47
T103,2026-08-13 18:00:00,55.38,61.86,99.96,1.92
T103,2026-08-13 19:00:00,61.74,88.14,94.05,1.04
T103,2026-08-13 20:00:00,59.68,49.57,102.21,0.0
T103,2026-08-13 21:00:00,53.9,65.28,70.78,0.44
T103,2026-08-13 22:00:00,70.88,78.25,72.66,0.42
T103,2026-08-13 23:00:00,49.06,73.46,80.5,0.0
T103,2026-08-14 00:00:00,58.71,70.27,102.34,0.74
T103,2026-08-14 01:00:00,55.39,88.84,85.12,1.38
T103,2026-08-14 02:00:00,54.22,73.28,58.8,0.43
T103,2026-08-14 03:00:00,49.54,57.74,107.51,0.31
T103,2026-08-14 04:00:00,63.03,83.21,84.5,1.6
T103,2026-08-14 05:00:00,61.72,66.4,98.51,2.27
T103,2026-08-14 06:00:00,53.54,53.49,66.68,1.6
T103,2026-08-14 07:00:00,65.91,58.56,46.55,0.26
T103,2026-08-14 08:00:00,61.83,64.2,88.25,0.38
T103,2026-08-14 09:00:00,65.1,69.12,95.56,0.93
T103,2026-08-14 10:00:00,61.67,70.5,68.29,1.1
T103,2026-08-14 11:00:00,63.54,78.86,92.49,0.03
T103,2026-08-14 12:00:00,52.32,59.78,88.41,0.7
T103,2026-08-14 13:00:00,50.13,51.44,47.23,0.0
T103,2026-08-14 14:00:00,57.08,92.84,117.34,0.02
T103,2026-08-14 15:00:00,59.05,47.43,61.38,0.0
T103,2026-08-14 16:00:00,56.42,62.81,89.55,1.33
T103,2026-08-14 17:00:00,55.64,65.43,65.31,0.0
T103,2026-08-14 18:00:00,47.51,72.79,78.92,0.0
T103,2026-08-14 19:00:00,57.56,50.01,114.89,0.34
T103,2026-08-14 20:00:00,62.77,78.07,67.81,0.86
T103,2026-08-14 21:00:00,61.87,66.39,91.5,0.0
T103,2026-08-14 22:00:00,61.88,59.17,91.29,1.54
T103,2026-08-14 23:00:00,62.68,69.18,96.56,1.35
T104,2026-08-01 00:00:00,68.47,64.59,87.95,1.55
T104,2026-08-01 01:00:00,54.57,48.98,93.88,0.64
T104,2026-08-01 02:00:00,49.55,71.01,110.76,0.0
T104,2026-08-01 03:00:00,65.16,34.56,77.79,2.27
T104,2026-08-01 04:00:00,55.7,66.08,98.73,0.0
T104,2026-08-01 05:00:00,58.5,65.77,118.52,0.0
T104,2026-08-01 06:00:00,55.33,53.86,66.38,1.7
T104,2026-08-01 07:00:00,58.19,58.33,75.68,0.35
T104,2026-08-01 08:00:00,54.68,49.83,80.34,0.51
T104,2026-08-01 09:00:00,52.7,166.46,89.32,0.35
T104,2026-08-01 10:00:00,56.99,90.9,123.17,0.0
T104,2026-08-01 11:00:00,51.6,52.29,104.03,0.48
T104,2026-08-01 12:00:00,59.68,88.96,84.81,1.36
T104,2026-08-01 13:00:00,61.64,57.94,104.06,0.12
T104,2026-08-01 14:00:00,67.38,57.95,76.4,0.0
T104,2026-08-01 15:00:00,51.53,59.88,41.24,0.61
T104,2026-08-01 16:00:00,54.44,74.48,92.61,0.23
T104,2026-08-01 17:00:00,54.79,62.18,111.75,0.14
T104,2026-08-01 18:00:00,52.96,51.46,58.32,1.05
T104,2026-08-01 19:00:00,59.42,80.39,103.75,2.72
T104,2026-08-01 20:00:00,57.48,61.87,61.6,1.36
T104,2026-08-01 21:00:00,58.83,72.82,64.5,1.08
T104,2026-08-01 22:00:00,59.44,66.67,72.7,1.75
T104,2026-08-01 23:00:00,72.35,51.68,97.97,0.0
T104,2026-08-02 00:00:00,62.68,42.56,75.55,0.0
T104,2026-08-02 01:00:00,56.49,75.07,51.57,0.51
T104,2026-08-02 02:00:00,54.41,83.97,92.77,0.0
T104,2026-08-02 03:00:00,54.7,83.67,97.86,0.07
T104,2026-08-02 04:00:00,56.13,62.18,75.32,0.0
T104,2026-08-02 05:00:00,53.26,81.67,78.14,0.72
T104,2026-08-02 06:00:00,58.98,91.62,85.16,1.68
T104,2026-08-02 07:00:00,53.81,61.89,85.23,0.18
T104,2026-08-02 08:00:00,56.57,75.66,70.59,0.8
T104,2026-08-02 09:00:00,107.93,55.11,104.72,0.86
T104,2026-08-02 10:00:00,56.84,40.9,78.27,1.1
T104,2026-08-02 11:00:00,70.22,71.81,105.27,0.0
T104,2026-08-02 12:00:00,57.11,79.65,69.02,1.57
T104,2026-08-02 13:00:00,63.13,68.3,79.08,0.01
T104,2026-08-02 14:00:00,70.43,72.58,91.13,0.47
T104,2026-08-02 15:00:00,58.27,66.98,92.2,1.39
T104,2026-08-02 16:00:00,52.52,47.4,86.52,0.0
T104,2026-08-02 17:00:00,55.73,58.89,93.85,2.39
T104,2026-08-02 18:00:00,44.39,92.29,80.8,1.08
T104,2026-08-02 19:00:00,48.1,76.96,85.75,0.75
T104,2026-08-02 20:00:00,44.44,65.89,100.22,0.61
T104,2026-08-02 21:00:00,66.22,78.59,73.46,2.08
T104,2026-08-02 22:00:00,58.32,65.6,86.78,0.86
T104,2026-08-02 23:00:00,39.59,62.77,60.45,2.1
T104,2026-08-03 00:00:00,69.1,75.22,80.71,0.0
T104,2026-08-03 01:00:00,53.4,88.31,72.54,0.0
T104,2026-08-03 02:00:00,65.21,83.01,114.87,1.63
T104,2026-08-03 03:00:00,66.41,65.64,47.63,0.82
T104,2026-08-03 04:00:00,62.35,63.38,81.74,0.03
T104,2026-08-03 05:00:00,50.99,87.06,118.74,0.8
T104,2026-08-03 06:00:00,59.97,53.23,96.57,2.21
T104,2026-08-03 07:00:00,47.3,70.57,94.7,1.22
T104,2026-08-03 08:00:00,69.5,89.43,80.8,1.34
T104,2026-08-03 09:00:00,58.59,57.41,89.87,1.34
T104,2026-08-03 10:00:00,59.52,54.43,76.66,0.44
T104,2026-08-03 11:00:00,52.1,68.76,92.53,1.58
T104,2026-08-03 12:00:00,52.0,58.07,112.98,0.67
T104,2026-08-03 13:00:00,58.21,62.9,105.39,1.74
T104,2026-08-03 14:00:00,65.79,65.32,69.3,2.34
T104,2026-08-03 15:00:00,63.99,59.52,110.63,0.37
T104,2026-08-03 16:00:00,67.87,82.74,68.41,1.27
T104,2026-08-03 17:00:00,63.48,,71.64,1.95
T104,2026-08-03 18:00:00,58.12,50.1,82.84,0.8
T104,2026-08-03 19:00:00,50.59,68.75,102.24,0.99
T104,2026-08-03 20:00:00,54.21,63.22,84.92,0.97
T104,2026-08-03 21:00:00,65.77,68.26,59.75,0.35
T104,2026-08-03 22:00:00,59.16,78.49,108.36,2.22
T104,2026-08-03 23:00:00,58.91,74.16,58.82,1.14
T104,2026-08-04 00:00:00,50.47,64.25,139.54,1.04
T104,2026-08-04 01:00:00,51.95,69.89,75.69,0.03
T104,2026-08-04 02:00:00,72.72,77.8,91.22,0.49
T104,2026-08-04 03:00:00,55.82,83.51,90.52,0.0
T104,2026-08-04 04:00:00,74.95,67.2,91.18,1.67
T104,2026-08-04 05:00:00,61.26,73.96,77.37,0.0
T104,2026-08-04 06:00:00,59.96,82.18,73.34,0.22
T104,2026-08-04 07:00:00,66.55,59.51,77.61,0.5
T104,2026-08-04 08:00:00,57.55,46.12,75.29,0.98
T104,2026-08-04 09:00:00,59.56,78.9,118.11,2.01
T104,2026-08-04 10:00:00,64.4,63.22,73.78,0.81
T104,2026-08-04 11:00:00,62.1,74.86,96.22,0.7
T104,2026-08-04 12:00:00,63.51,80.13,100.84,0.77
T104,2026-08-04 13:00:00,52.16,54.71,72.74,1.01
T104,2026-08-04 14:00:00,61.64,48.03,75.93,0.99
T104,2026-08-04 15:00:00,51.7,70.21,79.47,0.22
T104,2026-08-04 16:00:00,58.37,69.71,69.73,0.61
T104,2026-08-04 17:00:00,61.27,55.85,55.16,0.0
T104,2026-08-04 18:00:00,55.07,49.18,78.74,2.13
T104,2026-08-04 19:00:00,48.35,61.61,123.38,1.13
T104,2026-08-04 20:00:00,55.43,63.12,92.73,2.16
T104,2026-08-04 21:00:00,54.28,55.91,60.18,0.88
T104,2026-08-04 22:00:00,48.16,59.43,68.64,1.66
T104,2026-08-04 23:00:00,54.44,69.76,56.13,0.91
T104,2026-08-05 00:00:00,49.58,59.89,124.8,1.55
T104,2026-08-05 01:00:00,57.1,103.39,68.53,1.73
T104,2026-08-05 02:00:00,47.27,62.07,60.74,1.01
T104,2026-08-05 03:00:00,58.39,61.31,104.66,0.35
T104,2026-08-05 04:00:00,60.29,74.85,58.3,0.2
T104,2026-08-05 05:00:00,58.38,72.56,110.58,0.63
T104,2026-08-05 06:00:00,55.78,54.53,90.94,0.56
T104,2026-08-05 07:00:00,56.08,63.87,94.93,0.35
T104,2026-08-05 08:00:00,52.59,153.07,30.54,0.32
T104,2026-08-05 09:00:00,49.94,79.44,77.06,0.35
T104,2026-08-05 10:00:00,57.66,57.86,77.75,0.88
T104,2026-08-05 11:00:00,55.05,59.85,66.82,0.0
T104,2026-08-05 12:00:00,58.42,68.68,59.29,1.41
T104,2026-08-05 13:00:00,63.35,76.7,90.4,1.31
T104,2026-08-05 14:00:00,73.3,61.38,66.18,0.0
T104,2026-08-05 15:00:00,70.29,86.23,68.36,0.22
T104,2026-08-05 16:00:00,55.73,79.69,61.83,0.0
T104,2026-08-05 17:00:00,73.17,68.75,93.18,0.64
T104,2026-08-05 18:00:00,61.26,46.83,69.86,0.88
T104,2026-08-05 19:00:00,42.1,61.37,78.45,0.56
T104,2026-08-05 20:00:00,54.14,53.05,52.2,0.92
T104,2026-08-05 21:00:00,55.9,48.5,86.13,0.56
T104,2026-08-05 22:00:00,54.77,39.12,97.29,0.0
T104,2026-08-05 23:00:00,58.44,55.3,78.0,1.72
T104,2026-08-06 00:00:00,61.72,78.56,90.95,1.12
T104,2026-08-06 01:00:00,45.53,61.19,80.95,1.78
T104,2026-08-06 02:00:00,54.46,68.18,89.06,1.73
T104,2026-08-06 03:00:00,57.06,74.93,54.31,0.0
T104,2026-08-06 04:00:00,42.02,74.43,97.13,1.52
T104,2026-08-06 05:00:00,53.26,58.24,82.82,1.95
T104,2026-08-06 06:00:00,69.86,74.53,90.96,1.87
T104,2026-08-06 07:00:00,56.21,60.31,82.68,0.02
T104,2026-08-06 08:00:00,56.77,51.59,103.45,1.23
T104,2026-08-06 09:00:00,68.01,45.45,119.23,0.0
T104,2026-08-06 10:00:00,49.61,57.55,108.54,0.98
T104,2026-08-06 11:00:00,56.29,55.49,60.23,1.71
T104,2026-08-06 12:00:00,63.59,81.23,92.14,0.0
T104,2026-08-06 13:00:00,49.29,70.58,78.35,0.35
T104,2026-08-06 14:00:00,50.28,76.37,93.21,1.2
T104,2026-08-06 15:00:00,53.56,67.12,60.92,0.7
T104,2026-08-06 16:00:00,40.3,46.18,79.2,2.7
T104,2026-08-06 17:00:00,45.39,50.08,88.9,2.22
T104,2026-08-06 18:00:00,59.42,73.43,78.92,0.39
T104,2026-08-06 19:00:00,58.58,57.1,98.04,0.0
T104,2026-08-06 20:00:00,64.23,65.47,81.14,0.0
T104,2026-08-06 21:00:00,51.14,79.38,81.25,1.02
T104,2026-08-06 22:00:00,51.84,64.65,60.3,0.88
T104,2026-08-06 23:00:00,60.59,68.85,68.74,0.53
T104,2026-08-07 00:00:00,61.76,62.46,79.83,2.32
T104,2026-08-07 01:00:00,51.34,77.97,64.22,1.32
T104,2026-08-07 02:00:00,62.96,58.88,63.09,0.0
T104,2026-08-07 03:00:00,53.69,71.31,65.6,0.88
T104,2026-08-07 04:00:00,47.66,62.19,64.35,0.74
T104,2026-08-07 05:00:00,54.49,50.72,73.14,0.05
T104,2026-08-07 06:00:00,48.8,77.99,78.52,0.0
T104,2026-08-07 07:00:00,53.64,75.98,71.3,2.0
T104,2026-08-07 08:00:00,52.0,71.04,103.66,1.16
T104,2026-08-07 09:00:00,48.38,53.69,106.06,0.16
T104,2026-08-07 10:00:00,64.83,59.84,87.55,0.0
T104,2026-08-07 11:00:00,53.74,54.5,89.06,0.87
T104,2026-08-07 12:00:00,61.24,59.11,68.26,0.95
T104,2026-08-07 13:00:00,50.79,77.94,82.94,0.54
T104,2026-08-07 14:00:00,61.24,64.08,55.16,0.0
T104,2026-08-07 15:00:00,65.4,66.01,54.73,1.08
T104,2026-08-07 16:00:00,54.09,54.51,64.39,1.6
T104,2026-08-07 17:00:00,113.95,54.95,87.16,2.06
T104,2026-08-07 18:00:00,61.88,54.85,112.53,0.0
T104,2026-08-07 19:00:00,59.86,70.85,69.14,1.36
T104,2026-08-07 20:00:00,54.4,73.34,51.89,1.07
T104,2026-08-07 21:00:00,55.12,78.8,84.21,1.8
T104,2026-08-07 22:00:00,61.55,63.47,99.18,1.44
T104,2026-08-07 23:00:00,61.3,37.49,67.31,1.91
T104,2026-08-08 00:00:00,49.21,75.59,97.72,0.22
T104,2026-08-08 01:00:00,44.03,58.17,122.4,0.11
T104,2026-08-08 02:00:00,52.44,53.03,106.87,0.61
T104,2026-08-08 03:00:00,53.62,81.96,95.43,0.06
T104,2026-08-08 04:00:00,49.43,78.9,85.3,0.0
T104,2026-08-08 05:00:00,45.52,51.61,62.69,0.0
T104,2026-08-08 06:00:00,50.3,53.97,76.67,2.15
T104,2026-08-08 07:00:00,56.13,62.99,94.17,0.61
T104,2026-08-08 08:00:00,60.8,68.37,87.21,3.01
T104,2026-08-08 09:00:00,64.38,52.02,91.66,0.17
T104,2026-08-08 10:00:00,61.12,48.5,65.06,1.08
T104,2026-08-08 11:00:00,64.98,71.03,100.37,1.1
T104,2026-08-08 12:00:00,59.21,58.96,99.63,1.62
T104,2026-08-08 13:00:00,,63.6,113.65,0.78
T104,2026-08-08 14:00:00,58.53,70.81,83.24,0.14
T104,2026-08-08 15:00:00,60.65,64.53,118.16,1.43
T104,2026-08-08 16:00:00,53.83,73.75,90.54,1.85
T104,2026-08-08 17:00:00,54.33,67.26,83.22,0.85
T104,2026-08-08 18:00:00,51.8,71.91,92.52,1.83
T104,2026-08-08 19:00:00,57.93,60.06,99.21,0.16
T104,2026-08-08 20:00:00,65.59,77.99,107.63,1.1
T104,2026-08-08 21:00:00,54.59,66.31,91.84,0.35
T104,2026-08-08 22:00:00,67.33,71.96,68.94,2.31
T104,2026-08-08 23:00:00,58.68,51.87,70.06,1.99
T104,2026-08-09 00:00:00,70.77,77.11,108.75,1.77
T104,2026-08-09 01:00:00,61.9,68.95,94.72,1.39
T104,2026-08-09 02:00:00,52.81,73.78,111.26,0.63
T104,2026-08-09 03:00:00,55.81,70.72,73.31,0.0
T104,2026-08-09 04:00:00,66.03,59.59,85.33,0.31
T104,2026-08-09 05:00:00,66.94,75.24,80.67,0.0
T104,2026-08-09 06:00:00,55.57,71.84,88.4,0.89
T104,2026-08-09 07:00:00,59.48,74.11,84.25,1.16
T104,2026-08-09 08:00:00,51.09,95.65,79.89,0.96
T104,2026-08-09 09:00:00,61.97,60.07,85.14,0.8
T104,2026-08-09 10:00:00,51.6,70.26,55.31,2.2
T104,2026-08-09 11:00:00,63.55,72.67,53.74,0.17
T104,2026-08-09 12:00:00,67.73,114.81,106.5,1.63
T104,2026-08-09 13:00:00,61.67,54.83,102.91,0.0
T104,2026-08-09 14:00:00,49.53,49.72,102.56,0.75
T104,2026-08-09 15:00:00,58.71,64.82,64.74,0.26
T104,2026-08-09 16:00:00,53.66,48.14,75.92,0.0
T104,2026-08-09 17:00:00,62.04,72.93,61.71,0.56
T104,2026-08-09 18:00:00,70.99,53.23,92.68,0.88
T104,2026-08-09 19:00:00,65.65,68.55,77.24,0.85
T104,2026-08-09 20:00:00,58.57,63.9,61.26,1.79
T104,2026-08-09 21:00:00,65.47,52.47,79.59,0.62
T104,2026-08-09 22:00:00,49.9,42.6,72.93,0.51
T104,2026-08-09 23:00:00,47.91,67.12,105.93,1.47
T104,2026-08-10 00:00:00,57.11,179.86,97.88,0.92
T104,2026-08-10 01:00:00,60.97,88.23,70.15,0.0
T104,2026-08-10 02:00:00,50.63,70.83,85.48,0.0
T104,2026-08-10 03:00:00,48.06,60.74,62.57,1.22
T104,2026-08-10 04:00:00,55.12,57.47,71.35,1.01
T104,2026-08-10 05:00:00,58.3,67.42,88.24,0.74
T104,2026-08-10 06:00:00,50.77,56.24,77.9,2.45
T104,2026-08-10 07:00:00,48.56,59.97,86.77,0.56
T104,2026-08-10 08:00:00,65.52,61.3,80.78,1.45
T104,2026-08-10 09:00:00,70.67,81.89,82.54,0.76
T104,2026-08-10 10:00:00,58.33,66.76,69.75,1.55
T104,2026-08-10 11:00:00,59.45,64.46,62.12,0.85
T104,2026-08-10 12:00:00,44.75,58.02,74.86,1.03
T104,2026-08-10 13:00:00,71.16,71.86,111.07,1.32
T104,2026-08-10 14:00:00,65.88,87.29,71.83,0.16
T104,2026-08-10 15:00:00,62.68,64.96,88.97,0.6
T104,2026-08-10 16:00:00,53.83,84.45,65.2,1.35
T104,2026-08-10 17:00:00,61.67,46.05,70.05,0.27
T104,2026-08-10 18:00:00,61.95,60.6,83.46,0.0
T104,2026-08-10 19:00:00,74.28,65.85,93.98,0.37
T104,2026-08-10 20:00:00,53.43,87.95,50.5,1.02
T104,2026-08-10 21:00:00,49.52,60.14,73.51,0.01
T104,2026-08-10 22:00:00,58.25,34.18,79.32,0.73
T104,2026-08-10 23:00:00,48.49,83.16,74.3,0.61
T104,2026-08-11 00:00:00,53.85,64.02,108.55,2.78
T104,2026-08-11 01:00:00,63.22,78.06,115.9,1.0
T104,2026-08-11 02:00:00,68.99,74.51,87.59,1.08
T104,2026-08-11 03:00:00,45.25,68.51,57.21,0.0
T104,2026-08-11 04:00:00,59.35,51.63,84.87,0.91
T104,2026-08-11 05:00:00,59.28,54.15,101.18,0.73
T104,2026-08-11 06:00:00,61.09,50.64,81.79,1.68
T104,2026-08-11 07:00:00,64.79,55.43,75.18,0.01
T104,2026-08-11 08:00:00,53.41,48.21,82.51,1.31
T104,2026-08-11 09:00:00,52.5,63.91,81.03,1.64
T104,2026-08-11 10:00:00,53.72,58.1,69.77,0.0
T104,2026-08-11 11:00:00,61.7,63.38,85.99,1.82
T104,2026-08-11 12:00:00,67.32,45.25,96.66,0.98
T104,2026-08-11 13:00:00,54.77,68.93,53.93,1.97
T104,2026-08-11 14:00:00,61.6,54.62,74.46,0.0
T104,2026-08-11 15:00:00,55.8,59.21,61.15,1.42
T104,2026-08-11 16:00:00,66.94,64.67,79.5,1.15
T104,2026-08-11 17:00:00,57.86,52.01,73.25,0.56
T104,2026-08-11 18:00:00,59.74,65.11,88.79,0.0
T104,2026-08-11 19:00:00,62.66,65.04,130.95,0.49
T104,2026-08-11 20:00:00,60.26,98.95,88.49,0.75
T104,2026-08-11 21:00:00,51.09,83.34,64.14,1.14
T104,2026-08-11 22:00:00,54.69,62.73,59.37,1.87
T104,2026-08-11 23:00:00,56.06,50.42,107.55,0.4
T104,2026-08-12 00:00:00,60.34,75.1,93.53,0.0
T104,2026-08-12 01:00:00,62.87,63.79,79.08,0.71
T104,2026-08-12 02:00:00,46.73,67.31,60.44,0.57
T104,2026-08-12 03:00:00,59.09,77.89,70.25,1.96
T104,2026-08-12 04:00:00,64.63,59.85,65.04,0.0
T104,2026-08-12 05:00:00,59.9,157.7,106.59,0.26
T104,2026-08-12 06:00:00,51.7,67.8,72.65,0.81
T104,2026-08-12 07:00:00,64.9,66.41,87.18,0.96
T104,2026-08-12 08:00:00,46.15,69.7,87.88,1.51
T104,2026-08-12 09:00:00,62.24,62.58,103.58,0.57
T104,2026-08-12 10:00:00,59.73,61.27,93.31,0.5
T104,2026-08-12 11:00:00,69.53,89.21,100.73,2.03
T104,2026-08-12 12:00:00,47.23,47.94,79.21,0.83
T104,2026-08-12 13:00:00,56.61,45.29,105.73,2.52
T104,2026-08-12 14:00:00,66.97,78.03,89.07,0.13
T104,2026-08-12 15:00:00,58.51,90.27,78.66,0.44
T104,2026-08-12 16:00:00,65.75,79.08,69.74,0.59
T104,2026-08-12 17:00:00,54.49,65.84,104.87,0.16
T104,2026-08-12 18:00:00,65.63,66.22,126.87,1.06
T104,2026-08-12 19:00:00,57.32,71.9,78.93,0.0
T104,2026-08-12 20:00:00,56.32,61.92,56.34,0.74
T104,2026-08-12 21:00:00,43.53,60.83,89.38,0.88
T104,2026-08-12 22:00:00,55.12,63.97,70.89,0.81
T104,2026-08-12 23:00:00,58.41,54.2,89.82,1.01
T104,2026-08-13 00:00:00,56.84,94.05,82.47,0.58
T104,2026-08-13 01:00:00,55.04,53.35,97.35,0.25
T104,2026-08-13 02:00:00,54.02,58.54,67.27,0.0
T104,2026-08-13 03:00:00,54.76,75.48,88.55,2.05
T104,2026-08-13 04:00:00,63.26,71.29,118.89,0.72
T104,2026-08-13 05:00:00,58.44,64.86,112.79,0.8
T104,2026-08-13 06:00:00,53.46,72.05,70.31,1.23
T104,2026-08-13 07:00:00,60.9,62.73,95.18,0.0
T104,2026-08-13 08:00:00,59.14,59.45,136.52,0.92
T104,2026-08-13 09:00:00,53.83,48.46,108.5,0.52
T104,2026-08-13 10:00:00,52.46,69.04,96.69,1.31
T104,2026-08-13 11:00:00,58.14,66.91,89.18,1.07
T104,2026-08-13 12:00:00,60.97,78.13,86.02,0.15
T104,2026-08-13 13:00:00,56.99,74.05,52.84,0.0
T104,2026-08-13 14:00:00,64.43,83.24,62.23,0.88
T104,2026-08-13 15:00:00,55.2,61.87,90.5,0.0
T104,2026-08-13 16:00:00,50.25,61.38,82.38,0.0
T104,2026-08-13 17:00:00,63.53,59.99,77.41,1.03
T104,2026-08-13 18:00:00,57.1,75.05,68.2,0.0
T104,2026-08-13 19:00:00,55.83,65.72,62.67,0.0
T104,2026-08-13 20:00:00,59.28,55.91,58.85,1.57
T104,2026-08-13 21:00:00,53.58,78.8,85.51,1.04
T104,2026-08-13 22:00:00,56.52,,64.54,0.7
T104,2026-08-13 23:00:00,60.55,43.52,84.04,0.0
T104,2026-08-14 00:00:00,59.64,64.77,98.38,1.65
T104,2026-08-14 01:00:00,61.21,75.32,78.69,3.06
T104,2026-08-14 02:00:00,49.47,58.67,101.22,1.4
T104,2026-08-14 03:00:00,61.41,73.1,47.5,2.07
T104,2026-08-14 04:00:00,56.57,79.95,48.4,1.01
T104,2026-08-14 05:00:00,54.06,71.87,90.71,1.09
T104,2026-08-14 06:00:00,50.59,64.32,81.76,1.2
T104,2026-08-14 07:00:00,64.93,66.81,62.03,0.89
T104,2026-08-14 08:00:00,76.28,84.75,31.46,0.85
T104,2026-08-14 09:00:00,64.52,62.81,76.72,0.59
T104,2026-08-14 10:00:00,61.87,51.22,106.4,0.76
T104,2026-08-14 11:00:00,51.45,78.49,57.19,0.36
T104,2026-08-14 12:00:00,54.0,90.73,72.67,0.0
T104,2026-08-14 13:00:00,53.93,70.47,99.11,2.62
T104,2026-08-14 14:00:00,67.85,67.26,68.95,2.1
T104,2026-08-14 15:00:00,55.42,57.1,77.49,0.0
T104,2026-08-14 16:00:00,54.74,62.2,98.15,0.49
T104,2026-08-14 17:00:00,49.13,45.75,88.77,0.86
T104,2026-08-14 18:00:00,54.12,59.39,91.99,1.91
T104,2026-08-14 19:00:00,52.54,66.07,102.25,0.18
T104,2026-08-14 20:00:00,57.89,64.54,61.4,0.93
T104,2026-08-14 21:00:00,58.22,71.66,63.64,0.81
T104,2026-08-14 22:00:00,67.67,89.93,108.04,0.0
T104,2026-08-14 23:00:00,61.16,59.2,90.11,0.18
T105,2026-08-01 00:00:00,46.01,60.87,98.01,1.03
T105,2026-08-01 01:00:00,60.82,67.6,92.28,1.22
T105,2026-08-01 02:00:00,56.08,65.99,116.38,0.91
T105,2026-08-01 03:00:00,58.3,66.23,81.08,0.45
T105,2026-08-01 04:00:00,59.46,58.93,82.38,0.17
T105,2026-08-01 05:00:00,58.76,72.01,81.19,0.0
T105,2026-08-01 06:00:00,62.13,66.44,67.12,1.42
T105,2026-08-01 07:00:00,48.21,77.54,83.97,0.0
T105,2026-08-01 08:00:00,59.25,60.13,74.98,0.21
T105,2026-08-01 09:00:00,57.11,59.18,51.58,1.82
T105,2026-08-01 10:00:00,56.29,56.22,64.69,1.42
T105,2026-08-01 11:00:00,48.91,,74.49,0.38
T105,2026-08-01 12:00:00,50.28,57.56,85.16,0.99
T105,2026-08-01 13:00:00,52.5,63.91,100.99,0.0
T105,2026-08-01 14:00:00,57.96,53.59,66.05,1.01
T105,2026-08-01 15:00:00,54.18,50.4,108.84,1.54
T105,2026-08-01 16:00:00,44.47,47.31,95.68,0.57
T105,2026-08-01 17:00:00,68.5,72.4,90.39,0.0
T105,2026-08-01 18:00:00,61.44,49.69,108.49,1.14
T105,2026-08-01 19:00:00,52.23,74.66,125.35,0.63
T105,2026-08-01 20:00:00,61.85,59.82,86.54,0.0
T105,2026-08-01 21:00:00,58.0,65.52,117.38,0.0
T105,2026-08-01 22:00:00,56.03,80.46,80.65,0.66
T105,2026-08-01 23:00:00,52.17,53.81,52.13,0.3
T105,2026-08-02 00:00:00,51.07,66.42,70.82,0.42
T105,2026-08-02 01:00:00,54.83,64.42,75.49,0.0
T105,2026-08-02 02:00:00,58.6,77.81,87.31,0.31
T105,2026-08-02 03:00:00,57.14,40.39,82.49,0.48
T105,2026-08-02 04:00:00,51.47,55.97,77.62,1.59
T105,2026-08-02 05:00:00,65.64,53.86,75.67,0.41
T105,2026-08-02 06:00:00,63.67,66.75,86.67,1.23
T105,2026-08-02 07:00:00,53.83,81.37,84.97,0.12
T105,2026-08-02 08:00:00,56.39,,77.35,1.56
T105,2026-08-02 09:00:00,53.62,55.81,96.87,0.1
T105,2026-08-02 10:00:00,63.76,69.22,69.28,0.74
T105,2026-08-02 11:00:00,54.16,69.19,118.98,0.5
T105,2026-08-02 12:00:00,61.74,65.29,85.43,0.67
T105,2026-08-02 13:00:00,52.0,69.02,79.8,0.08
T105,2026-08-02 14:00:00,65.1,66.19,80.89,1.87
T105,2026-08-02 15:00:00,45.15,80.27,69.16,0.97
T105,2026-08-02 16:00:00,53.88,53.92,108.65,2.28
T105,2026-08-02 17:00:00,56.45,69.03,86.03,2.18
T105,2026-08-02 18:00:00,43.21,69.53,71.91,0.0
T105,2026-08-02 19:00:00,55.48,87.18,73.19,1.43
T105,2026-08-02 20:00:00,66.39,64.85,87.17,0.0
T105,2026-08-02 21:00:00,52.99,75.88,86.09,1.09
T105,2026-08-02 22:00:00,58.93,154.14,77.25,2.08
T105,2026-08-02 23:00:00,58.93,85.33,62.95,0.95
T105,2026-08-03 00:00:00,55.24,66.67,107.0,1.1
T105,2026-08-03 01:00:00,66.54,56.96,70.19,0.81
T105,2026-08-03 02:00:00,57.73,62.77,67.74,1.76
T105,2026-08-03 03:00:00,55.46,82.11,85.23,1.32
T105,2026-08-03 04:00:00,61.9,55.11,91.61,2.34
T105,2026-08-03 05:00:00,59.76,75.82,97.48,1.05
T105,2026-08-03 06:00:00,59.31,71.57,98.74,0.0
T105,2026-08-03 07:00:00,59.73,62.79,77.95,1.84
T105,2026-08-03 08:00:00,52.87,48.26,99.32,0.0
T105,2026-08-03 09:00:00,44.5,75.9,87.86,1.18
T105,2026-08-03 10:00:00,54.9,48.39,63.66,0.58
T105,2026-08-03 11:00:00,49.09,68.68,76.68,0.95
T105,2026-08-03 12:00:00,59.09,69.64,93.99,0.52
T105,2026-08-03 13:00:00,59.29,67.83,41.28,1.32
T105,2026-08-03 14:00:00,59.05,71.77,61.84,0.55
T105,2026-08-03 15:00:00,50.36,73.94,59.71,0.06
T105,2026-08-03 16:00:00,61.74,57.45,68.29,1.53
T105,2026-08-03 17:00:00,64.63,73.66,100.28,0.61
T105,2026-08-03 18:00:00,56.57,57.22,88.02,0.38
T105,2026-08-03 19:00:00,54.97,72.2,106.32,1.12
T105,2026-08-03 20:00:00,70.56,56.53,51.92,1.37
T105,2026-08-03 21:00:00,52.6,61.72,53.14,0.08
T105,2026-08-03 22:00:00,47.48,59.79,77.9,0.87
T105,2026-08-03 23:00:00,66.68,73.12,55.8,1.29
T105,2026-08-04 00:00:00,58.78,63.83,84.59,0.96
T105,2026-08-04 01:00:00,53.16,62.81,106.31,0.24
T105,2026-08-04 02:00:00,50.79,64.26,64.65,0.0
T105,2026-08-04 03:00:00,55.59,82.38,84.31,0.94
T105,2026-08-04 04:00:00,43.09,70.26,86.68,0.27
T105,2026-08-04 05:00:00,59.26,67.04,65.93,1.07
T105,2026-08-04 06:00:00,66.38,62.26,69.38,0.66
T105,2026-08-04 07:00:00,63.98,50.28,95.41,0.26
T105,2026-08-04 08:00:00,59.69,58.23,74.79,2.02
T105,2026-08-04 09:00:00,48.14,70.82,116.16,1.35
T105,2026-08-04 10:00:00,48.68,49.62,71.47,0.93
T105,2026-08-04 11:00:00,59.58,49.74,69.29,0.15
T105,2026-08-04 12:00:00,56.73,88.82,68.2,0.02
T105,2026-08-04 13:00:00,50.07,72.63,84.26,0.08
T105,2026-08-04 14:00:00,55.46,55.5,90.33,2.95
T105,2026-08-04 15:00:00,61.86,63.88,73.03,0.0
T105,2026-08-04 16:00:00,63.14,73.15,76.61,1.77
T105,2026-08-04 17:00:00,58.15,74.3,90.33,0.66
T105,2026-08-04 18:00:00,51.32,63.25,100.16,0.39
T105,2026-08-04 19:00:00,61.08,52.01,99.04,1.05
T105,2026-08-04 20:00:00,49.59,62.31,101.77,0.0
T105,2026-08-04 21:00:00,50.5,64.17,123.4,0.26
T105,2026-08-04 22:00:00,61.47,68.12,74.39,0.93
T105,2026-08-04 23:00:00,54.87,60.71,55.1,0.78
T105,2026-08-05 00:00:00,64.29,65.69,104.63,1.26
T105,2026-08-05 01:00:00,57.58,57.46,76.25,0.0
T105,2026-08-05 02:00:00,56.13,66.75,115.88,1.22
T105,2026-08-05 03:00:00,51.95,47.73,81.28,1.45
T105,2026-08-05 04:00:00,56.46,71.5,81.74,1.37
T105,2026-08-05 05:00:00,121.47,84.25,64.98,1.43
T105,2026-08-05 06:00:00,56.09,63.61,80.66,1.0
T105,2026-08-05 07:00:00,61.2,77.7,110.34,1.07
T105,2026-08-05 08:00:00,70.0,66.12,104.39,1.14
T105,2026-08-05 09:00:00,54.16,67.17,94.06,0.77
T105,2026-08-05 10:00:00,60.89,75.38,84.58,0.0
T105,2026-08-05 11:00:00,69.75,61.43,70.18,0.0
T105,2026-08-05 12:00:00,55.64,58.25,71.73,0.25
T105,2026-08-05 13:00:00,61.71,89.36,99.77,1.7
T105,2026-08-05 14:00:00,55.36,66.26,92.68,0.27
T105,2026-08-05 15:00:00,55.02,75.25,104.63,0.85
T105,2026-08-05 16:00:00,49.63,61.45,59.06,0.86
T105,2026-08-05 17:00:00,59.79,61.75,89.35,1.13
T105,2026-08-05 18:00:00,59.8,50.58,80.44,1.13
T105,2026-08-05 19:00:00,69.05,61.74,94.92,1.5
T105,2026-08-05 20:00:00,56.62,78.78,106.64,1.9
T105,2026-08-05 21:00:00,61.21,93.32,73.92,2.5
T105,2026-08-05 22:00:00,63.38,81.08,79.24,1.48
T105,2026-08-05 23:00:00,67.99,51.95,82.06,0.0
T105,2026-08-06 00:00:00,56.75,55.21,81.08,3.14
T105,2026-08-06 01:00:00,70.02,47.73,95.0,1.44
T105,2026-08-06 02:00:00,55.63,67.14,89.97,0.0
T105,2026-08-06 03:00:00,50.78,67.07,86.79,0.23
T105,2026-08-06 04:00:00,52.44,63.92,100.95,0.74
T105,2026-08-06 05:00:00,69.36,56.65,88.48,0.52
T105,2026-08-06 06:00:00,62.12,55.62,119.69,0.0
T105,2026-08-06 07:00:00,70.01,66.08,94.94,1.87
T105,2026-08-06 08:00:00,64.0,56.24,95.8,2.29
T105,2026-08-06 09:00:00,51.79,90.42,91.94,0.45
T105,2026-08-06 10:00:00,51.75,62.32,49.8,0.47
T105,2026-08-06 11:00:00,56.16,52.11,98.46,0.62
T105,2026-08-06 12:00:00,53.55,61.1,91.39,0.86
T105,2026-08-06 13:00:00,53.09,66.51,84.09,0.0
T105,2026-08-06 14:00:00,55.98,71.95,95.3,0.62
T105,2026-08-06 15:00:00,62.74,53.24,67.92,0.6
T105,2026-08-06 16:00:00,68.48,66.96,80.04,2.04
T105,2026-08-06 17:00:00,55.99,91.82,75.8,0.0
T105,2026-08-06 18:00:00,56.84,62.01,70.46,2.88
T105,2026-08-06 19:00:00,60.23,70.57,76.69,0.34
T105,2026-08-06 20:00:00,65.18,44.89,64.43,0.6
T105,2026-08-06 21:00:00,67.46,60.51,92.49,0.82
T105,2026-08-06 22:00:00,67.07,45.98,98.25,0.64
T105,2026-08-06 23:00:00,64.47,55.17,85.44,0.72
T105,2026-08-07 00:00:00,50.98,49.64,74.55,0.9
T105,2026-08-07 01:00:00,52.7,61.04,51.06,0.5
T105,2026-08-07 02:00:00,65.17,73.46,83.44,0.99
T105,2026-08-07 03:00:00,52.2,84.49,122.22,0.93
T105,2026-08-07 04:00:00,76.13,56.84,62.48,0.23
T105,2026-08-07 05:00:00,56.46,92.74,79.94,0.11
T105,2026-08-07 06:00:00,51.71,78.68,102.95,0.41
T105,2026-08-07 07:00:00,44.87,51.46,115.98,1.35
T105,2026-08-07 08:00:00,58.46,87.43,120.25,0.77
T105,2026-08-07 09:00:00,57.88,58.02,79.88,0.0
T105,2026-08-07 10:00:00,47.57,44.33,104.52,0.0
T105,2026-08-07 11:00:00,71.65,56.24,116.27,0.51
T105,2026-08-07 12:00:00,47.04,80.41,110.23,0.08
T105,2026-08-07 13:00:00,55.68,54.13,82.83,0.89
T105,2026-08-07 14:00:00,55.54,43.17,74.54,1.36
T105,2026-08-07 15:00:00,56.54,61.07,68.25,0.31
T105,2026-08-07 16:00:00,67.86,51.32,97.97,0.84
T105,2026-08-07 17:00:00,59.71,56.21,78.67,0.8
T105,2026-08-07 18:00:00,54.36,68.98,93.23,2.54
T105,2026-08-07 19:00:00,59.95,42.05,105.93,0.64
T105,2026-08-07 20:00:00,72.08,82.65,75.91,1.38
T105,2026-08-07 21:00:00,53.84,65.03,97.17,1.69
T105,2026-08-07 22:00:00,64.27,65.9,129.7,0.51
T105,2026-08-07 23:00:00,46.75,48.02,111.53,0.74
T105,2026-08-08 00:00:00,59.11,58.49,76.85,0.17
T105,2026-08-08 01:00:00,61.3,63.83,92.83,1.07
T105,2026-08-08 02:00:00,55.02,47.5,57.18,3.22
T105,2026-08-08 03:00:00,68.35,81.08,72.86,0.81
T105,2026-08-08 04:00:00,52.29,49.26,74.4,1.86
T105,2026-08-08 05:00:00,63.89,53.36,79.33,1.4
T105,2026-08-08 06:00:00,54.0,65.96,92.23,1.11
T105,2026-08-08 07:00:00,59.78,57.16,75.08,0.0
T105,2026-08-08 08:00:00,47.07,63.62,99.69,0.0
T105,2026-08-08 09:00:00,59.91,74.42,51.94,0.58
T105,2026-08-08 10:00:00,69.52,71.62,51.33,1.33
T105,2026-08-08 11:00:00,52.77,73.3,72.58,0.76
T105,2026-08-08 12:00:00,54.24,65.04,74.79,0.62
T105,2026-08-08 13:00:00,49.77,70.89,88.16,0.0
T105,2026-08-08 14:00:00,64.95,62.88,87.91,1.41
T105,2026-08-08 15:00:00,60.3,78.98,79.72,1.63
T105,2026-08-08 16:00:00,58.86,71.09,92.27,1.79
T105,2026-08-08 17:00:00,63.05,59.68,73.46,0.76
T105,2026-08-08 18:00:00,52.68,52.37,46.7,0.0
T105,2026-08-08 19:00:00,71.9,57.12,119.26,1.12
T105,2026-08-08 20:00:00,57.65,46.99,85.08,2.31
T105,2026-08-08 21:00:00,68.9,68.29,64.32,0.03
T105,2026-08-08 22:00:00,52.03,80.34,114.37,0.96
T105,2026-08-08 23:00:00,55.88,83.58,67.39,0.84
T105,2026-08-09 00:00:00,61.24,54.65,73.55,0.23
T105,2026-08-09 01:00:00,67.92,87.97,87.07,0.59
T105,2026-08-09 02:00:00,53.8,65.02,75.1,0.72
T105,2026-08-09 03:00:00,60.89,60.14,81.59,0.65
T105,2026-08-09 04:00:00,55.78,59.7,98.72,0.0
T105,2026-08-09 05:00:00,69.02,66.63,95.98,1.38
T105,2026-08-09 06:00:00,53.04,54.03,66.42,0.6
T105,2026-08-09 07:00:00,62.89,57.99,95.94,0.0
T105,2026-08-09 08:00:00,55.3,79.01,81.92,0.14
T105,2026-08-09 09:00:00,53.4,28.66,66.79,1.65
T105,2026-08-09 10:00:00,53.92,59.43,43.03,0.0
T105,2026-08-09 11:00:00,66.33,72.41,61.65,0.3
T105,2026-08-09 12:00:00,57.8,50.65,48.93,0.67
T105,2026-08-09 13:00:00,62.01,72.1,100.75,0.0
T105,2026-08-09 14:00:00,58.41,61.78,83.43,0.63
T105,2026-08-09 15:00:00,53.38,28.79,105.91,1.06
T105,2026-08-09 16:00:00,47.61,70.68,76.95,0.46
T105,2026-08-09 17:00:00,52.62,71.44,70.6,0.0
T105,2026-08-09 18:00:00,65.92,62.85,82.35,1.35
T105,2026-08-09 19:00:00,53.33,59.38,90.5,0.0
T105,2026-08-09 20:00:00,59.55,55.93,100.4,1.24
T105,2026-08-09 21:00:00,60.9,45.72,83.14,0.0
T105,2026-08-09 22:00:00,57.74,37.22,57.27,1.75
T105,2026-08-09 23:00:00,60.58,60.75,68.64,0.0
T105,2026-08-10 00:00:00,59.4,60.88,112.84,0.65
T105,2026-08-10 01:00:00,58.41,48.34,78.51,0.94
T105,2026-08-10 02:00:00,55.39,59.17,90.88,2.01
T105,2026-08-10 03:00:00,59.01,78.73,96.19,1.67
T105,2026-08-10 04:00:00,53.73,62.52,81.35,1.24
T105,2026-08-10 05:00:00,63.55,66.5,100.78,0.35
T105,2026-08-10 06:00:00,64.2,77.19,97.19,0.91
T105,2026-08-10 07:00:00,62.99,54.27,88.57,1.04
T105,2026-08-10 08:00:00,48.69,70.7,62.52,0.46
T105,2026-08-10 09:00:00,58.28,56.23,86.49,0.85
T105,2026-08-10 10:00:00,52.26,71.82,71.25,2.63
T105,2026-08-10 11:00:00,57.23,50.94,67.28,1.72
T105,2026-08-10 12:00:00,55.14,48.63,100.37,0.47
T105,2026-08-10 13:00:00,62.57,76.23,89.94,2.72
T105,2026-08-10 14:00:00,45.93,55.18,80.39,2.61
T105,2026-08-10 15:00:00,70.59,80.46,70.71,0.26
T105,2026-08-10 16:00:00,52.2,55.6,111.87,0.6
T105,2026-08-10 17:00:00,57.22,74.29,55.06,0.84
T105,2026-08-10 18:00:00,50.32,61.47,74.44,0.29
T105,2026-08-10 19:00:00,59.58,67.65,81.04,1.1
T105,2026-08-10 20:00:00,51.92,73.18,81.29,0.41
T105,2026-08-10 21:00:00,52.44,62.1,118.67,0.75
T105,2026-08-10 22:00:00,49.99,76.03,76.51,1.03
T105,2026-08-10 23:00:00,53.76,80.37,74.37,1.92
T105,2026-08-11 00:00:00,50.66,61.49,110.2,0.93
T105,2026-08-11 01:00:00,73.9,61.77,89.63,2.32
T105,2026-08-11 02:00:00,47.4,45.35,70.68,1.45
T105,2026-08-11 03:00:00,46.73,72.16,94.48,2.41
T105,2026-08-11 04:00:00,65.32,69.37,109.46,1.23
T105,2026-08-11 05:00:00,54.78,51.26,74.75,0.77
T105,2026-08-11 06:00:00,59.23,39.38,81.05,0.82
T105,2026-08-11 07:00:00,121.38,84.52,88.34,0.07
T105,2026-08-11 08:00:00,45.27,73.24,69.36,1.49
T105,2026-08-11 09:00:00,67.78,46.47,94.97,1.83
T105,2026-08-11 10:00:00,65.13,39.84,69.63,0.0
T105,2026-08-11 11:00:00,61.66,69.96,36.44,0.56
T105,2026-08-11 12:00:00,63.61,66.78,87.63,0.51
T105,2026-08-11 13:00:00,50.59,64.8,85.94,1.29
T105,2026-08-11 14:00:00,62.88,66.03,104.71,0.5
T105,2026-08-11 15:00:00,47.89,70.72,87.27,1.2
T105,2026-08-11 16:00:00,49.15,86.49,97.79,0.57
T105,2026-08-11 17:00:00,51.45,77.93,65.17,2.61
T105,2026-08-11 18:00:00,53.71,85.65,81.68,2.06
T105,2026-08-11 19:00:00,52.86,65.23,99.49,1.33
T105,2026-08-11 20:00:00,65.71,59.15,86.53,1.8
T105,2026-08-11 21:00:00,53.06,71.87,81.06,0.96
T105,2026-08-11 22:00:00,58.59,55.54,80.31,0.92
T105,2026-08-11 23:00:00,57.28,83.87,103.18,1.03
T105,2026-08-12 00:00:00,52.66,55.11,120.53,0.0
T105,2026-08-12 01:00:00,58.8,,79.4,0.0
T105,2026-08-12 02:00:00,52.51,58.44,72.23,1.86
T105,2026-08-12 03:00:00,57.94,58.71,86.93,1.33
T105,2026-08-12 04:00:00,55.59,75.82,62.12,1.74
T105,2026-08-12 05:00:00,57.94,64.42,72.53,0.0
T105,2026-08-12 06:00:00,46.33,55.85,95.58,0.03
T105,2026-08-12 07:00:00,47.16,54.09,78.07,0.52
T105,2026-08-12 08:00:00,57.1,77.39,107.49,2.4
T105,2026-08-12 09:00:00,46.63,54.73,97.57,0.44
T105,2026-08-12 10:00:00,64.03,67.49,113.43,1.63
T105,2026-08-12 11:00:00,65.43,60.06,83.25,0.56
T105,2026-08-12 12:00:00,47.46,82.66,98.42,0.52
T105,2026-08-12 13:00:00,67.13,57.44,51.91,1.61
T105,2026-08-12 14:00:00,49.05,62.65,88.71,1.11
T105,2026-08-12 15:00:00,63.94,71.97,94.9,0.17
T105,2026-08-12 16:00:00,60.06,46.93,113.12,0.0
T105,2026-08-12 17:00:00,55.57,49.17,71.86,0.81
T105,2026-08-12 18:00:00,54.3,78.73,89.08,0.43
T105,2026-08-12 19:00:00,57.06,79.64,101.36,0.0
T105,2026-08-12 20:00:00,53.24,70.7,91.36,0.0
T105,2026-08-12 21:00:00,63.24,54.31,108.47,1.22
T105,2026-08-12 22:00:00,50.08,58.65,75.16,0.93
T105,2026-08-12 23:00:00,56.57,51.25,59.9,1.24
T105,2026-08-13 00:00:00,60.0,66.27,89.87,0.3
T105,2026-08-13 01:00:00,59.29,95.46,106.14,0.57
T105,2026-08-13 02:00:00,54.34,30.67,104.24,1.43
T105,2026-08-13 03:00:00,54.19,47.82,64.21,1.16
T105,2026-08-13 04:00:00,57.37,73.3,86.56,1.57
T105,2026-08-13 05:00:00,60.59,74.95,47.39,0.0
T105,2026-08-13 06:00:00,55.45,77.95,118.85,0.67
T105,2026-08-13 07:00:00,53.72,41.54,100.54,0.36
T105,2026-08-13 08:00:00,78.71,56.13,122.89,1.4
T105,2026-08-13 09:00:00,50.8,67.79,98.88,0.62
T105,2026-08-13 10:00:00,63.87,74.79,95.73,0.79
T105,2026-08-13 11:00:00,49.78,64.08,88.17,0.0
T105,2026-08-13 12:00:00,59.18,63.84,61.66,0.53
T105,2026-08-13 13:00:00,55.82,88.16,88.96,1.63
T105,2026-08-13 14:00:00,57.18,42.51,97.1,0.27
T105,2026-08-13 15:00:00,55.65,52.36,86.31,1.65
T105,2026-08-13 16:00:00,64.53,84.03,116.1,0.0
T105,2026-08-13 17:00:00,49.64,43.3,96.37,0.25
T105,2026-08-13 18:00:00,54.58,62.4,91.89,0.0
T105,2026-08-13 19:00:00,49.19,65.02,106.58,0.78
T105,2026-08-13 20:00:00,52.46,39.22,102.15,0.21
T105,2026-08-13 21:00:00,49.97,44.42,59.1,0.03
T105,2026-08-13 22:00:00,56.33,50.5,88.34,0.6
T105,2026-08-13 23:00:00,73.55,44.55,87.91,0.94
T105,2026-08-14 00:00:00,50.79,66.14,98.85,0.88
T105,2026-08-14 01:00:00,67.69,38.87,69.84,1.98
T105,2026-08-14 02:00:00,64.38,71.49,107.2,0.0
T105,2026-08-14 03:00:00,63.57,77.77,73.14,2.9
T105,2026-08-14 04:00:00,59.37,38.69,91.86,0.22
T105,2026-08-14 05:00:00,66.15,71.58,74.24,2.0
T105,2026-08-14 06:00:00,64.58,55.06,82.26,1.21
T105,2026-08-14 07:00:00,55.45,60.99,85.66,0.0
T105,2026-08-14 08:00:00,42.37,67.87,49.2,0.01
T105,2026-08-14 09:00:00,45.6,45.22,92.67,0.62
T105,2026-08-14 10:00:00,56.19,49.21,73.19,1.1
T105,2026-08-14 11:00:00,57.64,74.87,102.37,0.6
T105,2026-08-14 12:00:00,45.03,55.92,83.24,0.18
T105,2026-08-14 13:00:00,50.62,65.84,128.75,0.41
T105,2026-08-14 14:00:00,57.98,49.26,107.38,1.5
T105,2026-08-14 15:00:00,63.64,81.32,77.31,0.56
T105,2026-08-14 16:00:00,69.97,72.59,45.05,1.16
T105,2026-08-14 17:00:00,53.93,75.78,92.35,0.0
T105,2026-08-14 18:00:00,59.88,67.53,91.54,1.26
T105,2026-08-14 19:00:00,68.47,69.97,85.41,1.72
T105,2026-08-14 20:00:00,73.7,75.98,88.71,1.15
T105,2026-08-14 21:00:00,59.79,65.22,123.97,0.2
T105,2026-08-14 22:00:00,66.08,63.49,58.35,0.65
T105,2026-08-14 23:00:00,54.17,71.93,86.64,0.0
C101,2026-08-01 00:00:00,92.3,138.08,178.55,4.19
C101,2026-08-01 01:00:00,,133.44,139.61,4.1
C101,2026-08-01 02:00:00,80.77,107.47,152.29,3.65
C101,2026-08-01 03:00:00,80.3,129.37,172.91,3.32
C101,2026-08-01 04:00:00,79.64,115.82,135.06,3.52
C101,2026-08-01 05:00:00,80.62,132.03,155.77,3.15
C101,2026-08-01 06:00:00,91.06,136.33,133.78,4.98
C101,2026-08-01 07:00:00,84.29,123.12,156.45,3.98
C101,2026-08-01 08:00:00,85.82,127.25,143.93,2.38
C101,2026-08-01 09:00:00,85.69,120.52,164.0,4.39
C101,2026-08-01 10:00:00,79.57,137.28,153.69,4.13
C101,2026-08-01 11:00:00,81.03,145.2,137.16,3.74
C101,2026-08-01 12:00:00,73.34,133.72,139.52,3.62
C101,2026-08-01 13:00:00,78.38,125.75,127.49,2.21
C101,2026-08-01 14:00:00,85.2,99.64,165.37,5.25
C101,2026-08-01 15:00:00,80.85,140.59,149.56,5.28
C101,2026-08-01 16:00:00,78.81,96.62,148.56,5.37
C101,2026-08-01 17:00:00,85.74,118.82,155.92,4.78
C101,2026-08-01 18:00:00,81.4,156.52,140.69,4.8
C101,2026-08-01 19:00:00,87.33,116.6,142.36,4.81
C101,2026-08-01 20:00:00,83.01,129.06,120.55,4.52
C101,2026-08-01 21:00:00,84.01,124.23,156.5,3.67
C101,2026-08-01 22:00:00,77.86,122.1,141.64,5.74
C101,2026-08-01 23:00:00,88.38,113.38,186.65,3.65
C101,2026-08-02 00:00:00,82.21,135.77,114.54,3.81
C101,2026-08-02 01:00:00,77.99,127.46,156.66,3.94
C101,2026-08-02 02:00:00,81.13,137.78,155.43,4.03
C101,2026-08-02 03:00:00,83.04,147.03,153.11,3.59
C101,2026-08-02 04:00:00,68.64,107.79,141.59,3.91
C101,2026-08-02 05:00:00,78.11,129.21,139.77,3.27
C101,2026-08-02 06:00:00,86.29,141.43,130.07,4.19
C101,2026-08-02 07:00:00,68.66,107.31,139.4,4.91
C101,2026-08-02 08:00:00,76.55,115.21,150.65,4.03
C101,2026-08-02 09:00:00,76.5,148.83,145.22,4.09
C101,2026-08-02 10:00:00,79.19,130.28,172.23,5.33
C101,2026-08-02 11:00:00,76.66,138.21,159.89,4.78
C101,2026-08-02 12:00:00,81.36,122.76,166.84,4.76
C101,2026-08-02 13:00:00,92.96,127.38,148.08,2.03
C101,2026-08-02 14:00:00,70.72,120.27,130.18,4.65
C101,2026-08-02 15:00:00,72.83,118.98,141.68,4.96
C101,2026-08-02 16:00:00,77.74,130.43,153.52,4.72
C101,2026-08-02 17:00:00,87.95,124.6,119.47,3.81
C101,2026-08-02 18:00:00,81.86,128.43,136.72,4.91
C101,2026-08-02 19:00:00,82.1,113.95,141.75,5.54
C101,2026-08-02 20:00:00,86.65,137.58,131.25,3.45
C101,2026-08-02 21:00:00,77.23,127.21,146.87,3.61
C101,2026-08-02 22:00:00,79.45,115.47,146.76,4.89
C101,2026-08-02 23:00:00,71.41,129.16,174.84,3.85
C101,2026-08-03 00:00:00,78.3,136.09,132.28,3.98
C101,2026-08-03 01:00:00,74.72,102.56,147.26,2.99
C101,2026-08-03 02:00:00,81.92,138.38,183.38,4.07
C101,2026-08-03 03:00:00,89.13,129.79,143.1,2.46
C101,2026-08-03 04:00:00,93.39,112.41,174.89,4.43
C101,2026-08-03 05:00:00,75.17,128.74,188.39,5.23
C101,2026-08-03 06:00:00,78.41,116.46,151.8,3.87
C101,2026-08-03 07:00:00,90.4,133.88,119.54,4.37
C101,2026-08-03 08:00:00,80.75,125.45,154.48,4.96
C101,2026-08-03 09:00:00,88.84,116.0,148.94,3.64
C101,2026-08-03 10:00:00,70.23,123.69,183.21,2.63
C101,2026-08-03 11:00:00,81.83,124.33,155.18,3.23
C101,2026-08-03 12:00:00,72.02,108.46,173.96,3.21
C101,2026-08-03 13:00:00,78.5,150.26,136.78,4.27
C101,2026-08-03 14:00:00,89.45,137.19,126.03,3.43
C101,2026-08-03 15:00:00,84.12,148.15,136.29,3.61
C101,2026-08-03 16:00:00,84.94,132.44,162.24,3.32
C101,2026-08-03 17:00:00,78.28,127.59,172.72,3.81
C101,2026-08-03 18:00:00,81.84,112.69,183.54,4.12
C101,2026-08-03 19:00:00,89.54,125.36,151.53,2.8
C101,2026-08-03 20:00:00,66.94,140.02,151.41,4.17
C101,2026-08-03 21:00:00,73.26,114.16,169.12,5.39
C101,2026-08-03 22:00:00,77.65,133.06,153.42,3.9
C101,2026-08-03 23:00:00,94.96,119.56,172.33,4.31
C101,2026-08-04 00:00:00,81.88,141.46,155.22,3.92
C101,2026-08-04 01:00:00,91.66,,171.64,0.89
C101,2026-08-04 02:00:00,85.08,127.55,149.37,4.49
C101,2026-08-04 03:00:00,83.82,133.13,145.18,5.2
C101,2026-08-04 04:00:00,87.45,131.51,158.89,4.93
C101,2026-08-04 05:00:00,89.15,123.65,167.83,4.14
C101,2026-08-04 06:00:00,95.42,138.17,138.74,5.86
C101,2026-08-04 07:00:00,67.29,132.65,137.47,5.51
C101,2026-08-04 08:00:00,83.77,115.47,145.2,3.43
C101,2026-08-04 09:00:00,79.86,121.06,136.48,4.22
C101,2026-08-04 10:00:00,84.74,113.04,120.15,4.25
C101,2026-08-04 11:00:00,85.72,133.76,159.92,5.26
C101,2026-08-04 12:00:00,88.98,157.16,205.81,2.59
C101,2026-08-04 13:00:00,66.62,124.91,159.08,3.94
C101,2026-08-04 14:00:00,86.93,121.76,137.51,3.57
C101,2026-08-04 15:00:00,80.6,135.12,141.24,3.77
C101,2026-08-04 16:00:00,85.99,122.61,170.1,3.26
C101,2026-08-04 17:00:00,74.05,128.66,157.28,3.31
C101,2026-08-04 18:00:00,91.41,148.1,138.7,5.19
C101,2026-08-04 19:00:00,65.33,137.91,134.56,4.78
C101,2026-08-04 20:00:00,75.27,124.18,135.42,3.83
C101,2026-08-04 21:00:00,94.81,123.7,187.99,3.69
C101,2026-08-04 22:00:00,92.44,105.49,144.84,3.57
C101,2026-08-04 23:00:00,92.76,127.22,112.41,2.95
C101,2026-08-05 00:00:00,74.91,136.21,164.49,3.76
C101,2026-08-05 01:00:00,78.16,133.6,129.67,4.37
C101,2026-08-05 02:00:00,84.61,121.7,157.16,4.08
C101,2026-08-05 03:00:00,85.48,108.99,161.06,4.82
C101,2026-08-05 04:00:00,84.25,132.21,148.02,4.71
C101,2026-08-05 05:00:00,82.46,111.22,164.76,2.69
C101,2026-08-05 06:00:00,83.98,120.39,141.93,4.14
C101,2026-08-05 07:00:00,77.03,131.15,151.02,3.51
C101,2026-08-05 08:00:00,91.37,127.46,161.35,5.13
C101,2026-08-05 09:00:00,91.8,131.96,144.55,2.86
C101,2026-08-05 10:00:00,83.45,138.14,156.38,1.24
C101,2026-08-05 11:00:00,88.09,136.18,144.58,4.79
C101,2026-08-05 12:00:00,86.4,116.77,172.88,2.99
C101,2026-08-05 13:00:00,81.6,123.12,135.14,4.24
C101,2026-08-05 14:00:00,91.17,139.97,163.03,2.64
C101,2026-08-05 15:00:00,72.65,126.99,149.38,3.6
C101,2026-08-05 16:00:00,95.34,126.27,159.76,4.79
C101,2026-08-05 17:00:00,82.38,156.09,133.07,3.52
C101,2026-08-05 18:00:00,75.4,143.75,164.44,3.56
C101,2026-08-05 19:00:00,75.95,141.62,156.51,5.13
C101,2026-08-05 20:00:00,81.58,131.14,155.4,3.5
C101,2026-08-05 21:00:00,80.99,110.79,158.89,4.61
C101,2026-08-05 22:00:00,88.93,133.0,147.69,5.24
C101,2026-08-05 23:00:00,88.25,141.66,176.12,3.9
C101,2026-08-06 00:00:00,84.72,134.29,129.32,3.1
C101,2026-08-06 01:00:00,72.9,123.7,144.0,2.85
C101,2026-08-06 02:00:00,83.05,123.85,171.28,5.61
C101,2026-08-06 03:00:00,85.2,116.64,161.64,4.01
C101,2026-08-06 04:00:00,80.32,114.66,141.64,3.86
C101,2026-08-06 05:00:00,87.63,131.13,182.86,4.54
C101,2026-08-06 06:00:00,84.97,121.33,131.33,3.54
C101,2026-08-06 07:00:00,77.1,94.27,131.84,5.28
C101,2026-08-06 08:00:00,84.58,120.48,157.17,2.44
C101,2026-08-06 09:00:00,83.97,140.33,147.82,2.58
C101,2026-08-06 10:00:00,79.1,140.35,154.66,2.87
C101,2026-08-06 11:00:00,98.57,109.95,145.63,3.17
C101,2026-08-06 12:00:00,74.75,119.57,161.45,5.03
C101,2026-08-06 13:00:00,79.3,112.88,158.62,4.41
C101,2026-08-06 14:00:00,83.68,128.31,147.97,4.08
C101,2026-08-06 15:00:00,80.73,137.84,190.11,4.14
C101,2026-08-06 16:00:00,81.95,128.07,138.16,4.61
C101,2026-08-06 17:00:00,85.09,119.95,166.24,4.02
C101,2026-08-06 18:00:00,75.21,129.22,154.27,4.77
C101,2026-08-06 19:00:00,87.82,123.69,141.5,4.0
C101,2026-08-06 20:00:00,84.54,130.81,155.43,3.93
C101,2026-08-06 21:00:00,88.98,116.91,194.63,4.61
C101,2026-08-06 22:00:00,74.11,127.22,163.91,3.72
C101,2026-08-06 23:00:00,71.53,112.53,159.76,2.6
C101,2026-08-07 00:00:00,71.85,131.44,145.99,3.44
C101,2026-08-07 01:00:00,78.54,107.35,158.72,3.35
C101,2026-08-07 02:00:00,78.25,129.16,145.38,3.44
C101,2026-08-07 03:00:00,68.07,129.41,151.42,3.59
C101,2026-08-07 04:00:00,74.74,125.15,158.65,4.08
C101,2026-08-07 05:00:00,93.47,133.46,148.07,4.59
C101,2026-08-07 06:00:00,82.34,125.54,173.33,3.28
C101,2026-08-07 07:00:00,82.16,139.28,155.56,3.7
C101,2026-08-07 08:00:00,70.06,97.76,187.37,4.25
C101,2026-08-07 09:00:00,77.91,129.19,132.94,3.74
C101,2026-08-07 10:00:00,75.41,108.04,112.11,2.72
C101,2026-08-07 11:00:00,89.15,113.16,159.63,4.77
C101,2026-08-07 12:00:00,82.12,121.42,152.39,3.67
C101,2026-08-07 13:00:00,90.43,,176.1,2.28
C101,2026-08-07 14:00:00,78.94,125.05,158.34,2.62
C101,2026-08-07 15:00:00,69.8,140.68,139.94,2.81
C101,2026-08-07 16:00:00,74.27,129.69,135.19,4.19
C101,2026-08-07 17:00:00,75.15,104.07,175.64,4.32
C101,2026-08-07 18:00:00,79.66,118.74,176.37,4.47
C101,2026-08-07 19:00:00,90.03,118.0,150.91,4.32
C101,2026-08-07 20:00:00,78.15,123.85,139.5,4.32
C101,2026-08-07 21:00:00,72.75,131.86,155.59,3.84
C101,2026-08-07 22:00:00,85.15,120.62,137.94,4.43
C101,2026-08-07 23:00:00,86.11,118.91,139.33,3.85
C101,2026-08-08 00:00:00,78.14,143.3,155.7,4.01
C101,2026-08-08 01:00:00,75.47,133.87,138.99,3.48
C101,2026-08-08 02:00:00,87.41,129.65,104.94,3.87
C101,2026-08-08 03:00:00,82.88,120.92,152.89,2.55
C101,2026-08-08 04:00:00,62.18,113.29,155.08,1.42
C101,2026-08-08 05:00:00,76.1,101.93,145.63,5.57
C101,2026-08-08 06:00:00,80.48,123.71,165.11,4.02
C101,2026-08-08 07:00:00,80.5,136.12,158.49,4.23
C101,2026-08-08 08:00:00,81.03,120.85,166.51,3.73
C101,2026-08-08 09:00:00,90.62,112.43,175.81,4.38
C101,2026-08-08 10:00:00,75.22,131.11,138.29,4.03
C101,2026-08-08 11:00:00,78.59,123.41,166.95,4.41
C101,2026-08-08 12:00:00,74.12,112.18,154.87,4.27
C101,2026-08-08 13:00:00,77.28,144.1,164.64,3.5
C101,2026-08-08 14:00:00,76.94,122.27,144.03,5.0
C101,2026-08-08 15:00:00,88.89,125.42,162.2,4.66
C101,2026-08-08 16:00:00,82.41,129.83,160.7,4.39
C101,2026-08-08 17:00:00,76.55,116.87,144.81,3.43
C101,2026-08-08 18:00:00,71.69,133.11,156.24,2.93
C101,2026-08-08 19:00:00,80.31,122.79,153.27,3.13
C101,2026-08-08 20:00:00,72.52,131.24,122.39,3.81
C101,2026-08-08 21:00:00,79.72,123.52,154.55,5.28
C101,2026-08-08 22:00:00,70.8,135.52,104.78,5.11
C101,2026-08-08 23:00:00,67.7,154.24,142.98,5.03
C101,2026-08-09 00:00:00,89.59,119.76,143.52,3.33
C101,2026-08-09 01:00:00,87.51,119.92,135.26,4.43
C101,2026-08-09 02:00:00,75.72,121.05,151.93,3.49
C101,2026-08-09 03:00:00,78.56,143.42,146.32,3.71
C101,2026-08-09 04:00:00,80.77,130.45,131.39,4.34
C101,2026-08-09 05:00:00,83.79,103.54,182.3,5.17
C101,2026-08-09 06:00:00,76.4,111.53,154.1,2.86
C101,2026-08-09 07:00:00,91.55,119.38,179.19,3.34
C101,2026-08-09 08:00:00,81.21,140.21,144.18,4.22
C101,2026-08-09 09:00:00,89.65,118.33,127.29,2.83
C101,2026-08-09 10:00:00,86.08,129.67,169.11,3.78
C101,2026-08-09 11:00:00,71.98,96.77,201.62,4.42
C101,2026-08-09 12:00:00,82.96,128.34,124.24,3.36
C101,2026-08-09 13:00:00,94.2,132.9,136.26,3.02
C101,2026-08-09 14:00:00,78.39,121.21,186.88,3.85
C101,2026-08-09 15:00:00,73.67,124.3,154.76,2.98
C101,2026-08-09 16:00:00,84.82,139.51,152.5,3.36
C101,2026-08-09 17:00:00,78.3,105.09,147.59,4.25
C101,2026-08-09 18:00:00,75.72,148.28,164.26,2.57
C101,2026-08-09 19:00:00,69.59,113.19,178.32,4.71
C101,2026-08-09 20:00:00,93.37,125.12,146.23,3.0
C101,2026-08-09 21:00:00,84.45,122.65,145.78,5.29
C101,2026-08-09 22:00:00,81.12,140.97,121.41,6.15
C101,2026-08-09 23:00:00,79.39,133.49,165.59,3.6
C101,2026-08-10 00:00:00,87.73,135.45,137.16,3.44
C101,2026-08-10 01:00:00,108.72,123.61,175.08,4.56
C101,2026-08-10 02:00:00,81.51,132.27,113.16,3.51
C101,2026-08-10 03:00:00,84.01,138.38,153.6,5.17
C101,2026-08-10 04:00:00,88.08,119.14,147.48,4.33
C101,2026-08-10 05:00:00,78.86,143.38,130.04,4.25
C101,2026-08-10 06:00:00,87.15,121.24,140.3,3.94
C101,2026-08-10 07:00:00,87.68,119.0,130.76,4.92
C101,2026-08-10 08:00:00,84.8,137.09,163.67,5.74
C101,2026-08-10 09:00:00,89.8,116.31,158.46,3.55
C101,2026-08-10 10:00:00,78.82,108.05,144.85,4.44
C101,2026-08-10 11:00:00,81.54,111.81,122.59,5.69
C101,2026-08-10 12:00:00,84.28,115.11,158.31,5.75
C101,2026-08-10 13:00:00,86.34,91.56,197.74,2.52
C101,2026-08-10 14:00:00,80.56,111.4,136.68,4.23
C101,2026-08-10 15:00:00,67.5,123.92,170.65,3.33
C101,2026-08-10 16:00:00,72.27,123.33,143.91,3.52
C101,2026-08-10 17:00:00,73.68,131.23,160.71,3.15
C101,2026-08-10 18:00:00,75.51,126.64,132.63,4.14
C101,2026-08-10 19:00:00,92.28,124.28,128.15,4.31
C101,2026-08-10 20:00:00,80.76,123.2,158.56,4.55
C101,2026-08-10 21:00:00,82.25,124.27,187.14,4.96
C101,2026-08-10 22:00:00,87.83,126.57,131.9,4.9
C101,2026-08-10 23:00:00,83.01,118.07,145.62,3.23
C101,2026-08-11 00:00:00,89.4,133.2,153.27,3.97
C101,2026-08-11 01:00:00,77.24,99.44,124.57,3.41
C101,2026-08-11 02:00:00,75.75,128.47,164.61,3.9
C101,2026-08-11 03:00:00,91.86,115.61,147.56,3.96
C101,2026-08-11 04:00:00,89.65,126.27,152.4,2.68
C101,2026-08-11 05:00:00,75.7,138.15,112.64,5.07
C101,2026-08-11 06:00:00,85.5,116.03,135.02,5.52
C101,2026-08-11 07:00:00,91.88,123.57,152.42,3.48
C101,2026-08-11 08:00:00,82.94,116.91,148.59,5.45
C101,2026-08-11 09:00:00,81.33,112.42,125.41,4.1
C101,2026-08-11 10:00:00,76.67,127.96,120.85,4.55
C101,2026-08-11 11:00:00,74.58,125.56,143.91,5.37
C101,2026-08-11 12:00:00,83.2,148.35,160.09,5.14
C101,2026-08-11 13:00:00,80.54,129.15,171.94,4.72
C101,2026-08-11 14:00:00,85.72,121.06,147.14,4.91
C101,2026-08-11 15:00:00,91.42,117.89,136.61,3.28
C101,2026-08-11 16:00:00,87.81,113.85,164.72,4.44
C101,2026-08-11 17:00:00,78.18,143.77,123.68,10.7
C101,2026-08-11 18:00:00,84.23,100.12,178.65,4.78
C101,2026-08-11 19:00:00,79.0,113.42,121.76,5.93
C101,2026-08-11 20:00:00,75.54,109.84,154.82,2.69
C101,2026-08-11 21:00:00,75.13,136.94,158.36,3.69
C101,2026-08-11 22:00:00,82.13,119.69,148.88,3.39
C101,2026-08-11 23:00:00,77.94,117.67,136.93,4.84
C101,2026-08-12 00:00:00,87.39,113.81,128.5,3.87
C101,2026-08-12 01:00:00,97.09,112.67,147.1,4.07
C101,2026-08-12 02:00:00,,119.5,170.79,4.36
C101,2026-08-12 03:00:00,87.92,132.07,166.09,5.27
C101,2026-08-12 04:00:00,91.32,152.9,171.91,3.46
C101,2026-08-12 05:00:00,87.93,133.53,184.57,3.23
C101,2026-08-12 06:00:00,85.91,116.83,159.23,3.83
C101,2026-08-12 07:00:00,85.36,108.08,164.28,4.16
C101,2026-08-12 08:00:00,83.07,148.4,143.12,4.27
C101,2026-08-12 09:00:00,82.7,127.38,189.99,4.05
C101,2026-08-12 10:00:00,78.03,147.45,144.46,2.72
C101,2026-08-12 11:00:00,76.81,110.04,117.6,3.71
C101,2026-08-12 12:00:00,81.51,139.17,161.33,4.47
C101,2026-08-12 13:00:00,75.75,135.62,175.04,4.32
C101,2026-08-12 14:00:00,84.96,109.82,168.98,5.42
C101,2026-08-12 15:00:00,84.26,117.87,147.08,3.66
C101,2026-08-12 16:00:00,79.48,132.78,155.03,4.8
C101,2026-08-12 17:00:00,84.6,114.63,140.99,3.55
C101,2026-08-12 18:00:00,80.69,146.54,185.19,10.53
C101,2026-08-12 19:00:00,82.83,108.66,153.96,3.37
C101,2026-08-12 20:00:00,93.41,105.73,156.92,3.3
C101,2026-08-12 21:00:00,81.93,132.99,168.4,3.95
C101,2026-08-12 22:00:00,87.33,117.05,154.42,4.8
C101,2026-08-12 23:00:00,84.32,118.65,144.98,4.81
C101,2026-08-13 00:00:00,74.36,113.67,160.83,3.65
C101,2026-08-13 01:00:00,71.83,141.21,130.21,3.84
C101,2026-08-13 02:00:00,77.66,121.43,134.08,4.57
C101,2026-08-13 03:00:00,82.78,136.8,139.03,5.71
C101,2026-08-13 04:00:00,68.67,105.98,181.56,4.38
C101,2026-08-13 05:00:00,84.39,130.18,160.28,4.24
C101,2026-08-13 06:00:00,75.24,134.82,161.89,5.14
C101,2026-08-13 07:00:00,94.35,128.97,127.9,5.42
C101,2026-08-13 08:00:00,74.87,129.06,145.38,3.66
C101,2026-08-13 09:00:00,87.35,127.93,159.24,3.35
C101,2026-08-13 10:00:00,80.78,115.77,146.42,3.9
C101,2026-08-13 11:00:00,94.91,121.89,111.74,5.12
C101,2026-08-13 12:00:00,85.14,123.43,142.13,3.24
C101,2026-08-13 13:00:00,95.57,125.62,118.72,4.26
C101,2026-08-13 14:00:00,90.44,126.88,133.77,3.21
C101,2026-08-13 15:00:00,75.58,143.26,148.71,2.66
C101,2026-08-13 16:00:00,84.69,126.69,141.92,3.18
C101,2026-08-13 17:00:00,74.55,138.04,154.46,4.38
C101,2026-08-13 18:00:00,83.71,128.93,141.57,3.84
C101,2026-08-13 19:00:00,90.15,141.98,128.0,3.83
C101,2026-08-13 20:00:00,87.87,147.58,182.08,3.36
C101,2026-08-13 21:00:00,90.93,125.7,168.8,4.63
C101,2026-08-13 22:00:00,73.15,131.6,168.1,3.98
C101,2026-08-13 23:00:00,80.28,106.14,162.31,4.17
C101,2026-08-14 00:00:00,75.54,121.09,152.78,3.55
C101,2026-08-14 01:00:00,82.02,104.0,174.29,4.01
C101,2026-08-14 02:00:00,74.3,95.48,168.52,4.45
C101,2026-08-14 03:00:00,83.47,135.36,165.5,4.16
C101,2026-08-14 04:00:00,80.22,119.99,157.58,5.12
C101,2026-08-14 05:00:00,81.28,142.72,156.72,4.3
C101,2026-08-14 06:00:00,98.84,144.83,180.21,3.36
C101,2026-08-14 07:00:00,97.35,124.01,145.91,2.27
C101,2026-08-14 08:00:00,84.28,112.0,157.35,3.07
C101,2026-08-14 09:00:00,94.58,131.62,191.04,3.18
C101,2026-08-14 10:00:00,92.84,103.37,153.75,3.49
C101,2026-08-14 11:00:00,78.86,118.8,133.54,2.99
C101,2026-08-14 12:00:00,78.9,126.39,170.95,4.24
C101,2026-08-14 13:00:00,90.17,107.26,142.21,4.57
C101,2026-08-14 14:00:00,84.4,114.67,166.81,3.57
C101,2026-08-14 15:00:00,76.56,130.84,150.11,3.58
C101,2026-08-14 16:00:00,78.1,112.16,142.88,4.88
C101,2026-08-14 17:00:00,83.71,136.5,159.29,3.51
C101,2026-08-14 18:00:00,70.46,113.88,137.92,3.4
C101,2026-08-14 19:00:00,88.87,136.65,189.81,3.39
C101,2026-08-14 20:00:00,93.18,144.1,145.82,4.38
C101,2026-08-14 21:00:00,90.69,124.29,147.54,3.5
C101,2026-08-14 22:00:00,65.48,125.85,137.22,3.14
C101,2026-08-14 23:00:00,84.96,107.58,164.51,4.39
C102,2026-08-01 00:00:00,79.2,124.24,128.58,4.6
C102,2026-08-01 01:00:00,83.31,128.14,159.03,3.49
C102,2026-08-01 02:00:00,71.37,136.49,162.4,3.57
C102,2026-08-01 03:00:00,84.86,140.1,170.5,3.55
C102,2026-08-01 04:00:00,71.58,109.19,144.39,5.17
C102,2026-08-01 05:00:00,76.9,117.84,138.9,3.57
C102,2026-08-01 06:00:00,81.92,109.64,169.52,3.88
C102,2026-08-01 07:00:00,99.35,110.92,178.62,5.11
C102,2026-08-01 08:00:00,79.12,120.26,133.42,3.27
C102,2026-08-01 09:00:00,82.0,125.25,121.16,5.83
C102,2026-08-01 10:00:00,80.18,125.79,138.73,3.79
C102,2026-08-01 11:00:00,79.49,124.96,149.74,4.64
C102,2026-08-01 12:00:00,83.59,133.45,149.82,4.19
C102,2026-08-01 13:00:00,80.31,137.04,155.81,3.87
C102,2026-08-01 14:00:00,80.68,123.69,150.55,3.95
C102,2026-08-01 15:00:00,78.09,134.18,164.91,5.43
C102,2026-08-01 16:00:00,77.77,133.0,115.64,4.66
C102,2026-08-01 17:00:00,71.8,113.19,155.98,3.5
C102,2026-08-01 18:00:00,76.69,119.18,163.13,3.25
C102,2026-08-01 19:00:00,81.62,120.46,164.76,4.68
C102,2026-08-01 20:00:00,69.15,137.54,139.01,4.19
C102,2026-08-01 21:00:00,75.43,129.45,195.92,4.1
C102,2026-08-01 22:00:00,78.78,122.21,123.56,5.16
C102,2026-08-01 23:00:00,84.19,112.41,131.71,9.18
C102,2026-08-02 00:00:00,88.52,111.19,170.04,3.93
C102,2026-08-02 01:00:00,75.49,119.39,181.47,2.89
C102,2026-08-02 02:00:00,76.88,136.43,153.9,3.37
C102,2026-08-02 03:00:00,88.75,137.15,155.97,3.51
C102,2026-08-02 04:00:00,78.79,128.42,126.39,5.06
C102,2026-08-02 05:00:00,93.9,122.17,156.41,4.95
C102,2026-08-02 06:00:00,95.69,143.68,118.76,3.75
C102,2026-08-02 07:00:00,85.5,119.07,182.09,5.3
C102,2026-08-02 08:00:00,76.29,123.05,136.51,3.84
C102,2026-08-02 09:00:00,80.42,136.45,134.01,1.91
C102,2026-08-02 10:00:00,70.77,112.66,138.2,4.15
C102,2026-08-02 11:00:00,74.44,110.47,133.27,3.11
C102,2026-08-02 12:00:00,78.12,117.83,162.4,3.21
C102,2026-08-02 13:00:00,79.5,118.46,164.56,3.88
C102,2026-08-02 14:00:00,89.35,111.17,149.11,3.54
C102,2026-08-02 15:00:00,73.42,124.19,181.19,3.32
C102,2026-08-02 16:00:00,81.11,109.25,123.73,3.37
C102,2026-08-02 17:00:00,78.85,120.13,145.93,2.68
C102,2026-08-02 18:00:00,77.62,131.02,125.55,3.72
C102,2026-08-02 19:00:00,84.05,115.61,156.15,2.78
C102,2026-08-02 20:00:00,88.22,129.39,151.0,4.9
C102,2026-08-02 21:00:00,79.69,117.59,174.71,5.47
C102,2026-08-02 22:00:00,77.15,123.64,168.81,3.94
C102,2026-08-02 23:00:00,86.16,134.36,139.88,7.6
C102,2026-08-03 00:00:00,81.96,110.4,132.19,3.48
C102,2026-08-03 01:00:00,88.5,136.54,163.5,4.35
C102,2026-08-03 02:00:00,84.89,128.33,157.34,4.38
C102,2026-08-03 03:00:00,72.17,115.52,131.48,4.89
C102,2026-08-03 04:00:00,93.58,98.97,178.17,4.07
C102,2026-08-03 05:00:00,89.09,131.08,175.93,4.17
C102,2026-08-03 06:00:00,72.46,123.73,159.28,3.83
C102,2026-08-03 07:00:00,86.6,124.21,139.28,3.13
C102,2026-08-03 08:00:00,79.26,127.45,114.73,3.38
C102,2026-08-03 09:00:00,68.02,117.6,171.55,3.05
C102,2026-08-03 10:00:00,86.92,159.19,176.16,4.11
C102,2026-08-03 11:00:00,88.01,108.56,121.68,4.02
C102,2026-08-03 12:00:00,84.79,138.13,139.76,4.15
C102,2026-08-03 13:00:00,83.11,123.42,148.7,3.32
C102,2026-08-03 14:00:00,83.96,127.34,142.08,4.53
C102,2026-08-03 15:00:00,89.19,133.13,131.24,4.08
C102,2026-08-03 16:00:00,75.62,126.16,133.66,5.02
C102,2026-08-03 17:00:00,87.48,138.84,168.93,3.78
C102,2026-08-03 18:00:00,79.02,145.9,147.03,2.92
C102,2026-08-03 19:00:00,89.05,126.73,177.11,4.19
C102,2026-08-03 20:00:00,81.86,143.31,122.31,3.53
C102,2026-08-03 21:00:00,75.79,98.66,165.72,3.55
C102,2026-08-03 22:00:00,88.34,129.67,160.93,3.64
C102,2026-08-03 23:00:00,76.65,126.08,166.55,3.96
C102,2026-08-04 00:00:00,77.09,110.61,153.67,3.56
C102,2026-08-04 01:00:00,81.5,122.13,142.0,4.24
C102,2026-08-04 02:00:00,85.88,148.58,163.64,5.27
C102,2026-08-04 03:00:00,76.27,105.79,149.74,4.69
C102,2026-08-04 04:00:00,86.91,139.54,104.34,5.0
C102,2026-08-04 05:00:00,84.35,106.47,163.02,4.14
C102,2026-08-04 06:00:00,84.67,136.99,157.74,2.82
C102,2026-08-04 07:00:00,81.0,105.59,161.68,5.12
C102,2026-08-04 08:00:00,73.31,116.94,134.12,3.64
C102,2026-08-04 09:00:00,84.89,119.68,161.75,4.85
C102,2026-08-04 10:00:00,89.71,111.58,174.95,5.17
C102,2026-08-04 11:00:00,92.87,123.11,136.47,3.21
C102,2026-08-04 12:00:00,74.29,125.14,165.26,5.05
C102,2026-08-04 13:00:00,78.6,124.54,148.12,3.49
C102,2026-08-04 14:00:00,87.15,129.35,152.55,4.29
C102,2026-08-04 15:00:00,86.31,132.27,134.91,4.72
C102,2026-08-04 16:00:00,83.79,119.78,154.22,4.28
C102,2026-08-04 17:00:00,89.57,112.45,173.85,4.02
C102,2026-08-04 18:00:00,78.46,118.56,131.98,2.61
C102,2026-08-04 19:00:00,86.74,148.77,120.88,3.24
C102,2026-08-04 20:00:00,87.26,124.45,165.02,3.92
C102,2026-08-04 21:00:00,77.94,122.29,107.12,3.09
C102,2026-08-04 22:00:00,88.64,139.3,175.31,4.35
C102,2026-08-04 23:00:00,66.21,117.38,173.84,5.3
C102,2026-08-05 00:00:00,91.54,122.16,126.48,3.97
C102,2026-08-05 01:00:00,82.1,143.79,154.1,4.01
C102,2026-08-05 02:00:00,82.51,129.8,161.28,3.42
C102,2026-08-05 03:00:00,74.6,141.45,120.46,5.31
C102,2026-08-05 04:00:00,68.63,117.99,167.49,4.0
C102,2026-08-05 05:00:00,72.78,130.12,151.21,3.83
C102,2026-08-05 06:00:00,77.63,124.58,139.53,5.95
C102,2026-08-05 07:00:00,80.32,120.51,140.25,5.42
C102,2026-08-05 08:00:00,70.53,129.31,145.69,2.86
C102,2026-08-05 09:00:00,76.27,128.8,134.44,4.21
C102,2026-08-05 10:00:00,94.1,127.05,123.84,3.32
C102,2026-08-05 11:00:00,80.0,120.77,152.74,4.25
C102,2026-08-05 12:00:00,94.11,124.96,129.26,4.92
C102,2026-08-05 13:00:00,90.84,127.79,145.56,4.5
C102,2026-08-05 14:00:00,80.52,100.33,160.14,4.71
C102,2026-08-05 15:00:00,92.09,116.23,154.07,4.2
C102,2026-08-05 16:00:00,82.6,126.38,150.67,4.17
C102,2026-08-05 17:00:00,87.18,139.64,136.39,3.86
C102,2026-08-05 18:00:00,79.04,118.21,120.91,4.02
C102,2026-08-05 19:00:00,85.36,123.14,149.84,4.33
C102,2026-08-05 20:00:00,91.88,119.96,128.91,3.93
C102,2026-08-05 21:00:00,95.18,111.07,161.7,4.93
C102,2026-08-05 22:00:00,65.44,129.92,160.86,3.79
C102,2026-08-05 23:00:00,77.47,117.91,144.09,3.76
C102,2026-08-06 00:00:00,78.56,120.87,171.43,3.03
C102,2026-08-06 01:00:00,69.76,139.48,146.54,3.69
C102,2026-08-06 02:00:00,81.22,127.51,140.57,4.4
C102,2026-08-06 03:00:00,75.26,121.38,110.14,4.94
C102,2026-08-06 04:00:00,80.77,133.04,158.58,4.44
C102,2026-08-06 05:00:00,81.95,129.66,132.7,3.06
C102,2026-08-06 06:00:00,81.29,116.84,175.66,4.3
C102,2026-08-06 07:00:00,76.98,121.74,152.39,3.95
C102,2026-08-06 08:00:00,83.9,125.82,124.97,2.28
C102,2026-08-06 09:00:00,79.38,131.73,143.48,4.99
C102,2026-08-06 10:00:00,81.67,141.29,170.73,4.84
C102,2026-08-06 11:00:00,73.58,125.21,172.01,4.22
C102,2026-08-06 12:00:00,85.88,108.35,184.54,3.37
C102,2026-08-06 13:00:00,68.04,120.79,105.95,3.13
C102,2026-08-06 14:00:00,99.91,120.44,124.3,4.02
C102,2026-08-06 15:00:00,75.72,135.37,133.99,4.22
C102,2026-08-06 16:00:00,73.97,156.19,159.07,3.88
C102,2026-08-06 17:00:00,79.95,118.36,136.3,3.37
C102,2026-08-06 18:00:00,93.75,118.37,111.67,3.07
C102,2026-08-06 19:00:00,88.49,121.97,147.59,4.94
C102,2026-08-06 20:00:00,76.56,132.59,137.98,4.46
C102,2026-08-06 21:00:00,79.26,122.1,164.76,4.6
C102,2026-08-06 22:00:00,80.84,119.34,178.78,4.47
C102,2026-08-06 23:00:00,79.26,117.16,168.45,4.09
C102,2026-08-07 00:00:00,80.86,126.38,156.08,3.95
C102,2026-08-07 01:00:00,90.43,140.11,159.57,5.1
C102,2026-08-07 02:00:00,82.06,133.28,168.08,4.82
C102,2026-08-07 03:00:00,88.41,132.57,185.23,3.57
C102,2026-08-07 04:00:00,80.91,122.43,143.37,2.41
C102,2026-08-07 05:00:00,91.62,112.69,153.06,2.86
C102,2026-08-07 06:00:00,86.35,115.58,129.55,4.16
C102,2026-08-07 07:00:00,77.09,118.11,153.09,4.64
C102,2026-08-07 08:00:00,76.27,113.11,150.42,4.43
C102,2026-08-07 09:00:00,92.24,112.14,144.28,4.94
C102,2026-08-07 10:00:00,95.81,113.08,136.7,4.3
C102,2026-08-07 11:00:00,77.96,115.89,154.4,5.24
C102,2026-08-07 12:00:00,72.83,142.98,139.65,4.28
C102,2026-08-07 13:00:00,93.14,128.9,144.65,4.57
C102,2026-08-07 14:00:00,80.79,131.26,146.32,4.69
C102,2026-08-07 15:00:00,72.24,112.84,124.64,3.95
C102,2026-08-07 16:00:00,71.29,116.7,130.06,5.18
C102,2026-08-07 17:00:00,75.07,109.56,154.47,5.35
C102,2026-08-07 18:00:00,81.19,124.54,173.23,4.7
C102,2026-08-07 19:00:00,84.98,118.01,158.21,2.91
C102,2026-08-07 20:00:00,77.63,142.18,173.44,4.35
C102,2026-08-07 21:00:00,68.49,110.5,137.77,3.86
C102,2026-08-07 22:00:00,73.25,122.04,181.81,4.32
C102,2026-08-07 23:00:00,83.53,112.79,120.5,3.02
C102,2026-08-08 00:00:00,70.24,125.9,156.91,3.23
C102,2026-08-08 01:00:00,83.04,142.63,185.24,4.62
C102,2026-08-08 02:00:00,80.78,133.86,174.33,2.39
C102,2026-08-08 03:00:00,92.37,118.46,140.37,3.72
C102,2026-08-08 04:00:00,84.24,111.66,144.87,4.42
C102,2026-08-08 05:00:00,83.53,129.57,144.17,4.55
C102,2026-08-08 06:00:00,89.39,136.96,157.7,4.75
C102,2026-08-08 07:00:00,88.1,157.12,171.93,3.93
C102,2026-08-08 08:00:00,75.62,121.87,144.03,4.41
C102,2026-08-08 09:00:00,77.1,139.31,124.99,2.69
C102,2026-08-08 10:00:00,81.05,114.89,127.35,3.49
C102,2026-08-08 11:00:00,76.67,125.12,138.83,3.57
C102,2026-08-08 12:00:00,81.97,137.17,176.47,4.12
C102,2026-08-08 13:00:00,83.58,122.8,158.66,4.31
C102,2026-08-08 14:00:00,91.28,102.34,145.78,4.27
C102,2026-08-08 15:00:00,81.82,113.73,126.61,4.65
C102,2026-08-08 16:00:00,76.7,103.94,165.42,4.37
C102,2026-08-08 17:00:00,81.19,114.03,147.96,4.97
C102,2026-08-08 18:00:00,70.7,106.23,138.7,3.98
C102,2026-08-08 19:00:00,78.53,132.71,169.6,4.22
C102,2026-08-08 20:00:00,85.92,128.27,150.17,2.97
C102,2026-08-08 21:00:00,74.8,108.79,147.33,4.19
C102,2026-08-08 22:00:00,71.86,125.87,134.25,3.14
C102,2026-08-08 23:00:00,77.62,111.55,160.92,3.87
C102,2026-08-09 00:00:00,87.71,119.68,142.7,5.5
C102,2026-08-09 01:00:00,70.64,140.41,179.78,4.61
C102,2026-08-09 02:00:00,79.69,142.12,144.21,3.44
C102,2026-08-09 03:00:00,79.28,118.16,132.96,4.89
C102,2026-08-09 04:00:00,76.59,124.64,124.01,4.02
C102,2026-08-09 05:00:00,73.91,110.83,148.03,4.85
C102,2026-08-09 06:00:00,85.08,131.11,147.66,3.73
C102,2026-08-09 07:00:00,87.54,118.24,165.02,4.99
C102,2026-08-09 08:00:00,76.11,116.67,140.18,2.83
C102,2026-08-09 09:00:00,78.71,140.62,131.18,5.06
C102,2026-08-09 10:00:00,78.97,150.37,137.73,3.88
C102,2026-08-09 11:00:00,75.63,116.75,174.09,4.38
C102,2026-08-09 12:00:00,89.2,109.21,161.79,3.22
C102,2026-08-09 13:00:00,72.64,127.87,154.11,4.04
C102,2026-08-09 14:00:00,87.02,135.48,176.46,3.05
C102,2026-08-09 15:00:00,92.51,147.59,143.41,2.67
C102,2026-08-09 16:00:00,72.32,119.46,186.25,4.01
C102,2026-08-09 17:00:00,77.68,116.78,126.19,4.7
C102,2026-08-09 18:00:00,81.36,150.2,161.31,4.66
C102,2026-08-09 19:00:00,80.31,111.91,134.28,2.9
C102,2026-08-09 20:00:00,88.37,120.38,167.15,4.11
C102,2026-08-09 21:00:00,79.95,110.96,155.43,3.83
C102,2026-08-09 22:00:00,88.32,116.42,161.09,5.31
C102,2026-08-09 23:00:00,83.91,134.42,160.29,5.52
C102,2026-08-10 00:00:00,84.6,133.4,149.35,3.38
C102,2026-08-10 01:00:00,73.54,140.2,131.85,4.6
C102,2026-08-10 02:00:00,84.91,136.01,140.74,3.37
C102,2026-08-10 03:00:00,84.65,121.49,127.84,5.55
C102,2026-08-10 04:00:00,76.46,113.08,145.64,5.0
C102,2026-08-10 05:00:00,66.83,139.04,133.59,4.21
C102,2026-08-10 06:00:00,77.27,148.9,152.24,3.43
C102,2026-08-10 07:00:00,79.89,126.08,153.2,4.35
C102,2026-08-10 08:00:00,81.99,108.47,143.88,4.49
C102,2026-08-10 09:00:00,77.31,133.07,150.57,3.83
C102,2026-08-10 10:00:00,90.36,104.14,137.84,4.99
C102,2026-08-10 11:00:00,94.81,152.43,150.91,4.37
C102,2026-08-10 12:00:00,87.72,140.3,155.64,4.74
C102,2026-08-10 13:00:00,85.22,131.27,133.47,3.74
C102,2026-08-10 14:00:00,78.34,110.73,120.27,3.66
C102,2026-08-10 15:00:00,80.15,126.26,160.0,4.15
C102,2026-08-10 16:00:00,80.2,114.02,165.79,3.92
C102,2026-08-10 17:00:00,78.96,122.76,136.81,3.58
C102,2026-08-10 18:00:00,78.06,121.55,161.8,4.33
C102,2026-08-10 19:00:00,92.83,139.54,185.22,9.08
C102,2026-08-10 20:00:00,85.8,119.15,164.87,3.48
C102,2026-08-10 21:00:00,71.71,143.32,127.51,4.35
C102,2026-08-10 22:00:00,75.84,138.52,172.73,4.42
C102,2026-08-10 23:00:00,90.72,125.09,190.22,4.6
C102,2026-08-11 00:00:00,75.7,125.84,147.25,3.8
C102,2026-08-11 01:00:00,70.4,129.64,125.06,1.98
C102,2026-08-11 02:00:00,79.59,115.93,134.49,1.52
C102,2026-08-11 03:00:00,76.04,122.92,138.59,4.31
C102,2026-08-11 04:00:00,91.75,131.2,168.48,4.89
C102,2026-08-11 05:00:00,74.87,130.27,167.91,3.65
C102,2026-08-11 06:00:00,76.47,131.36,123.33,3.13
C102,2026-08-11 07:00:00,77.33,130.41,153.94,4.83
C102,2026-08-11 08:00:00,75.55,113.29,159.43,3.36
C102,2026-08-11 09:00:00,77.78,102.72,155.24,5.23
C102,2026-08-11 10:00:00,74.79,137.26,148.93,2.59
C102,2026-08-11 11:00:00,75.74,113.52,144.3,4.34
C102,2026-08-11 12:00:00,94.94,107.83,141.27,3.28
C102,2026-08-11 13:00:00,73.12,126.15,150.03,2.55
C102,2026-08-11 14:00:00,82.13,110.54,150.21,11.32
C102,2026-08-11 15:00:00,85.24,127.13,140.48,4.05
C102,2026-08-11 16:00:00,85.94,130.57,148.21,4.17
C102,2026-08-11 17:00:00,72.78,116.19,162.74,4.67
C102,2026-08-11 18:00:00,82.66,142.75,159.14,3.81
C102,2026-08-11 19:00:00,73.46,142.26,163.87,5.44
C102,2026-08-11 20:00:00,97.17,109.56,126.88,1.71
C102,2026-08-11 21:00:00,88.43,132.88,151.76,3.02
C102,2026-08-11 22:00:00,81.38,127.22,164.09,4.22
C102,2026-08-11 23:00:00,86.65,123.51,171.27,4.51
C102,2026-08-12 00:00:00,73.69,141.67,172.06,4.37
C102,2026-08-12 01:00:00,83.97,144.9,120.6,4.99
C102,2026-08-12 02:00:00,78.67,138.14,152.17,3.01
C102,2026-08-12 03:00:00,78.52,137.26,146.22,3.5
C102,2026-08-12 04:00:00,77.6,132.71,181.51,2.29
C102,2026-08-12 05:00:00,101.6,127.44,160.44,3.65
C102,2026-08-12 06:00:00,81.98,127.31,131.12,3.36
C102,2026-08-12 07:00:00,90.29,106.37,157.94,3.7
C102,2026-08-12 08:00:00,75.28,148.66,132.82,3.1
C102,2026-08-12 09:00:00,80.69,115.78,150.11,4.12
C102,2026-08-12 10:00:00,83.64,123.51,137.36,4.51
C102,2026-08-12 11:00:00,81.22,119.05,176.64,3.9
C102,2026-08-12 12:00:00,89.64,139.72,173.18,4.55
C102,2026-08-12 13:00:00,82.0,124.23,145.61,2.27
C102,2026-08-12 14:00:00,87.03,127.93,164.86,3.91
C102,2026-08-12 15:00:00,86.65,108.47,128.95,2.02
C102,2026-08-12 16:00:00,81.06,115.73,133.74,4.27
C102,2026-08-12 17:00:00,79.02,107.8,195.81,3.97
C102,2026-08-12 18:00:00,74.42,116.96,146.88,3.86
C102,2026-08-12 19:00:00,91.12,124.05,183.39,3.65
C102,2026-08-12 20:00:00,84.99,137.26,171.51,5.05
C102,2026-08-12 21:00:00,80.1,124.93,105.37,3.84
C102,2026-08-12 22:00:00,89.64,135.76,148.44,5.36
C102,2026-08-12 23:00:00,79.31,116.41,141.57,3.1
C102,2026-08-13 00:00:00,86.36,128.46,160.98,3.67
C102,2026-08-13 01:00:00,81.59,98.86,156.77,4.08
C102,2026-08-13 02:00:00,74.3,123.74,145.36,5.41
C102,2026-08-13 03:00:00,74.57,128.98,130.37,3.55
C102,2026-08-13 04:00:00,83.94,122.46,149.89,4.27
C102,2026-08-13 05:00:00,78.54,135.61,144.5,3.92
C102,2026-08-13 06:00:00,84.53,127.72,161.6,4.25
C102,2026-08-13 07:00:00,85.28,121.1,130.76,2.86
C102,2026-08-13 08:00:00,70.31,146.15,110.17,4.95
C102,2026-08-13 09:00:00,76.25,139.24,110.35,3.81
C102,2026-08-13 10:00:00,,133.56,143.93,2.45
C102,2026-08-13 11:00:00,72.74,141.67,143.73,10.02
C102,2026-08-13 12:00:00,83.98,109.37,157.33,3.66
C102,2026-08-13 13:00:00,84.06,118.06,121.68,3.66
C102,2026-08-13 14:00:00,86.49,129.73,150.56,4.72
C102,2026-08-13 15:00:00,80.57,125.68,141.36,4.77
C102,2026-08-13 16:00:00,84.04,118.32,123.2,4.88
C102,2026-08-13 17:00:00,76.79,125.86,192.35,4.64
C102,2026-08-13 18:00:00,93.28,118.54,169.28,4.02
C102,2026-08-13 19:00:00,84.56,149.25,144.98,4.02
C102,2026-08-13 20:00:00,75.68,135.66,139.91,4.82
C102,2026-08-13 21:00:00,70.45,131.58,138.41,4.58
C102,2026-08-13 22:00:00,81.91,118.58,143.04,3.32
C102,2026-08-13 23:00:00,87.86,112.42,145.19,4.28
C102,2026-08-14 00:00:00,93.29,124.89,145.63,4.22
C102,2026-08-14 01:00:00,67.49,110.62,143.24,3.43
C102,2026-08-14 02:00:00,70.79,135.29,154.68,4.11
C102,2026-08-14 03:00:00,77.14,125.95,159.26,3.79
C102,2026-08-14 04:00:00,85.11,115.45,151.75,4.91
C102,2026-08-14 05:00:00,90.62,140.93,155.14,4.03
C102,2026-08-14 06:00:00,78.86,103.31,125.79,3.87
C102,2026-08-14 07:00:00,81.24,141.95,173.67,3.45
C102,2026-08-14 08:00:00,87.73,119.28,162.29,4.64
C102,2026-08-14 09:00:00,90.69,119.09,168.26,2.5
C102,2026-08-14 10:00:00,91.07,124.7,149.93,2.37
C102,2026-08-14 11:00:00,79.28,141.27,142.32,4.57
C102,2026-08-14 12:00:00,82.24,137.75,153.45,3.25
C102,2026-08-14 13:00:00,82.4,144.21,158.96,10.09
C102,2026-08-14 14:00:00,97.79,138.91,164.7,4.25
C102,2026-08-14 15:00:00,87.11,134.15,110.71,4.32
C102,2026-08-14 16:00:00,80.87,119.0,146.48,2.76
C102,2026-08-14 17:00:00,69.37,139.96,158.32,2.07
C102,2026-08-14 18:00:00,77.97,135.57,144.96,5.0
C102,2026-08-14 19:00:00,89.35,108.72,147.42,3.64
C102,2026-08-14 20:00:00,72.28,107.55,135.49,3.49
C102,2026-08-14 21:00:00,83.98,137.53,159.25,4.6
C102,2026-08-14 22:00:00,80.13,132.24,147.33,3.65
C102,2026-08-14 23:00:00,95.28,97.03,116.28,4.31
C103,2026-08-01 00:00:00,80.15,107.76,131.02,3.26
C103,2026-08-01 01:00:00,88.25,139.55,179.51,2.73
C103,2026-08-01 02:00:00,72.43,107.77,173.2,4.33
C103,2026-08-01 03:00:00,82.56,127.76,148.98,3.1
C103,2026-08-01 04:00:00,85.59,122.77,128.39,4.46
C103,2026-08-01 05:00:00,79.02,127.73,147.75,4.71
C103,2026-08-01 06:00:00,83.54,114.4,155.8,4.28
C103,2026-08-01 07:00:00,85.58,137.43,138.91,4.53
C103,2026-08-01 08:00:00,69.93,123.56,145.06,5.16
C103,2026-08-01 09:00:00,80.91,132.3,118.29,3.72
C103,2026-08-01 10:00:00,76.08,154.71,138.0,4.06
C103,2026-08-01 11:00:00,82.89,105.93,140.53,4.32
C103,2026-08-01 12:00:00,82.6,97.4,139.79,4.82
C103,2026-08-01 13:00:00,86.12,139.62,132.26,5.02
C103,2026-08-01 14:00:00,81.69,144.11,150.06,2.36
C103,2026-08-01 15:00:00,87.94,119.68,143.23,2.84
C103,2026-08-01 16:00:00,93.36,174.3,178.35,3.66
C103,2026-08-01 17:00:00,75.51,140.83,148.68,3.95
C103,2026-08-01 18:00:00,73.03,176.55,157.72,2.96
C103,2026-08-01 19:00:00,78.23,119.95,151.2,5.18
C103,2026-08-01 20:00:00,79.9,161.21,199.43,3.65
C103,2026-08-01 21:00:00,80.67,120.71,145.02,4.06
C103,2026-08-01 22:00:00,88.45,129.85,169.39,4.84
C103,2026-08-01 23:00:00,83.46,129.52,169.96,3.11
C103,2026-08-02 00:00:00,99.49,118.85,143.68,3.03
C103,2026-08-02 01:00:00,73.72,136.69,190.86,3.55
C103,2026-08-02 02:00:00,84.43,127.64,168.0,5.77
C103,2026-08-02 03:00:00,116.5,122.14,159.52,4.5
C103,2026-08-02 04:00:00,81.86,111.85,135.62,4.92
C103,2026-08-02 05:00:00,90.76,122.51,154.7,4.96
C103,2026-08-02 06:00:00,70.07,119.64,186.32,4.24
C103,2026-08-02 07:00:00,74.1,126.41,168.39,1.96
C103,2026-08-02 08:00:00,83.23,120.53,120.44,4.07
C103,2026-08-02 09:00:00,81.04,124.71,143.73,3.18
C103,2026-08-02 10:00:00,71.82,116.71,165.47,4.19
C103,2026-08-02 11:00:00,81.52,112.52,143.27,4.59
C103,2026-08-02 12:00:00,85.53,119.27,102.99,3.46
C103,2026-08-02 13:00:00,78.62,114.11,142.56,4.65
C103,2026-08-02 14:00:00,81.74,136.88,122.85,3.76
C103,2026-08-02 15:00:00,68.43,119.88,131.18,5.03
C103,2026-08-02 16:00:00,84.87,137.18,142.27,3.18
C103,2026-08-02 17:00:00,74.64,128.19,182.58,4.33
C103,2026-08-02 18:00:00,79.38,122.73,149.44,5.62
C103,2026-08-02 19:00:00,90.64,128.12,151.98,4.24
C103,2026-08-02 20:00:00,85.46,120.04,134.81,4.83
C103,2026-08-02 21:00:00,82.15,136.38,179.63,4.42
C103,2026-08-02 22:00:00,84.51,163.4,153.73,3.13
C103,2026-08-02 23:00:00,80.03,143.62,126.7,3.4
C103,2026-08-03 00:00:00,89.74,121.74,148.02,4.86
C103,2026-08-03 01:00:00,76.98,107.38,125.0,4.47
C103,2026-08-03 02:00:00,,116.69,129.14,3.78
C103,2026-08-03 03:00:00,89.82,114.97,138.07,3.05
C103,2026-08-03 04:00:00,79.43,129.06,188.07,4.17
C103,2026-08-03 05:00:00,81.62,135.36,162.53,3.54
C103,2026-08-03 06:00:00,98.11,124.71,154.25,4.44
C103,2026-08-03 07:00:00,84.42,143.3,139.38,4.63
C103,2026-08-03 08:00:00,83.15,136.79,146.13,3.72
C103,2026-08-03 09:00:00,87.12,129.3,135.23,5.08
C103,2026-08-03 10:00:00,87.13,124.11,141.57,4.29
C103,2026-08-03 11:00:00,86.62,105.87,156.76,4.52
C103,2026-08-03 12:00:00,65.53,127.35,162.5,4.46
C103,2026-08-03 13:00:00,87.62,121.07,131.28,2.56
C103,2026-08-03 14:00:00,89.65,133.44,171.03,3.42
C103,2026-08-03 15:00:00,87.63,106.97,134.35,4.1
C103,2026-08-03 16:00:00,86.64,145.15,145.68,3.31
C103,2026-08-03 17:00:00,75.58,116.75,189.98,4.61
C103,2026-08-03 18:00:00,89.79,122.13,149.97,4.56
C103,2026-08-03 19:00:00,78.46,121.5,137.86,3.64
C103,2026-08-03 20:00:00,82.34,115.14,155.15,4.23
C103,2026-08-03 21:00:00,80.75,115.07,151.89,3.6
C103,2026-08-03 22:00:00,82.33,138.18,127.45,5.74
C103,2026-08-03 23:00:00,81.49,129.94,136.45,4.91
C103,2026-08-04 00:00:00,81.12,120.27,139.64,3.79
C103,2026-08-04 01:00:00,84.93,127.07,149.28,3.43
C103,2026-08-04 02:00:00,76.62,119.47,158.28,4.53
C103,2026-08-04 03:00:00,87.58,124.98,156.9,3.87
C103,2026-08-04 04:00:00,69.8,122.41,143.24,3.17
C103,2026-08-04 05:00:00,78.03,126.62,129.6,3.43
C103,2026-08-04 06:00:00,92.84,105.77,146.7,3.07
C103,2026-08-04 07:00:00,76.74,122.63,132.22,4.46
C103,2026-08-04 08:00:00,91.46,135.1,168.44,2.9
C103,2026-08-04 09:00:00,80.3,130.61,165.68,5.4
C103,2026-08-04 10:00:00,89.48,135.76,197.4,4.08
C103,2026-08-04 11:00:00,79.98,127.13,133.53,4.05
C103,2026-08-04 12:00:00,69.91,118.65,147.92,4.76
C103,2026-08-04 13:00:00,89.78,113.44,187.37,4.12
C103,2026-08-04 14:00:00,83.68,105.59,138.84,4.84
C103,2026-08-04 15:00:00,83.19,126.29,154.09,2.85
C103,2026-08-04 16:00:00,81.32,141.9,169.56,3.9
C103,2026-08-04 17:00:00,104.89,109.89,132.51,5.49
C103,2026-08-04 18:00:00,86.05,121.53,149.0,3.35
C103,2026-08-04 19:00:00,83.94,,150.36,3.07
C103,2026-08-04 20:00:00,83.85,118.65,132.25,5.01
C103,2026-08-04 21:00:00,97.19,148.31,161.7,3.79
C103,2026-08-04 22:00:00,81.51,129.87,142.44,5.06
C103,2026-08-04 23:00:00,67.75,121.45,164.42,3.32
C103,2026-08-05 00:00:00,80.32,132.12,177.33,2.96
C103,2026-08-05 01:00:00,72.42,113.65,122.32,2.83
C103,2026-08-05 02:00:00,75.19,139.8,144.38,4.03
C103,2026-08-05 03:00:00,75.31,132.6,183.76,3.29
C103,2026-08-05 04:00:00,94.07,129.37,150.3,4.32
C103,2026-08-05 05:00:00,84.73,147.29,159.36,4.43
C103,2026-08-05 06:00:00,79.05,135.07,132.78,4.09
C103,2026-08-05 07:00:00,102.18,94.95,154.2,4.22
C103,2026-08-05 08:00:00,100.59,122.55,151.65,3.8
C103,2026-08-05 09:00:00,83.55,119.15,186.4,3.8
C103,2026-08-05 10:00:00,85.99,116.97,166.8,4.59
C103,2026-08-05 11:00:00,84.93,112.67,136.46,5.35
C103,2026-08-05 12:00:00,76.66,132.69,133.0,4.81
C103,2026-08-05 13:00:00,77.2,113.44,137.18,3.56
C103,2026-08-05 14:00:00,84.83,125.83,130.29,3.98
C103,2026-08-05 15:00:00,74.0,132.72,164.88,3.98
C103,2026-08-05 16:00:00,83.9,146.03,147.16,3.24
C103,2026-08-05 17:00:00,86.05,111.41,146.21,3.52
C103,2026-08-05 18:00:00,77.09,122.0,166.2,4.88
C103,2026-08-05 19:00:00,88.48,129.04,145.36,2.11
C103,2026-08-05 20:00:00,84.57,97.65,115.38,3.87
C103,2026-08-05 21:00:00,83.85,119.59,177.64,4.37
C103,2026-08-05 22:00:00,80.25,141.64,178.17,4.41
C103,2026-08-05 23:00:00,76.57,118.4,123.96,3.97
C103,2026-08-06 00:00:00,74.65,121.05,154.69,2.41
C103,2026-08-06 01:00:00,73.15,118.92,149.05,3.6
C103,2026-08-06 02:00:00,80.11,116.53,123.91,3.57
C103,2026-08-06 03:00:00,80.51,121.28,152.01,4.34
C103,2026-08-06 04:00:00,86.77,117.4,121.64,5.02
C103,2026-08-06 05:00:00,84.7,113.54,155.0,4.85
C103,2026-08-06 06:00:00,94.1,128.01,169.07,3.03
C103,2026-08-06 07:00:00,81.75,120.98,156.17,5.29
C103,2026-08-06 08:00:00,83.75,113.75,127.26,5.32
C103,2026-08-06 09:00:00,85.6,130.38,143.81,4.21
C103,2026-08-06 10:00:00,75.09,129.65,128.85,3.71
C103,2026-08-06 11:00:00,77.5,85.91,143.76,3.28
C103,2026-08-06 12:00:00,80.53,125.02,181.82,4.24
C103,2026-08-06 13:00:00,84.34,130.95,165.69,4.36
C103,2026-08-06 14:00:00,83.97,133.53,106.32,5.67
C103,2026-08-06 15:00:00,93.13,127.61,124.57,4.97
C103,2026-08-06 16:00:00,77.14,131.41,126.91,5.78
C103,2026-08-06 17:00:00,71.9,125.83,111.8,3.97
C103,2026-08-06 18:00:00,79.02,138.65,142.34,4.91
C103,2026-08-06 19:00:00,74.83,121.62,145.29,4.4
C103,2026-08-06 20:00:00,84.58,133.67,154.8,4.53
C103,2026-08-06 21:00:00,75.71,129.67,178.95,2.66
C103,2026-08-06 22:00:00,85.42,133.12,176.3,4.58
C103,2026-08-06 23:00:00,82.7,130.16,136.77,3.69
C103,2026-08-07 00:00:00,72.65,142.84,158.1,3.27
C103,2026-08-07 01:00:00,83.9,138.91,167.87,3.26
C103,2026-08-07 02:00:00,60.06,129.74,134.04,4.5
C103,2026-08-07 03:00:00,88.65,138.36,181.41,4.99
C103,2026-08-07 04:00:00,94.25,141.55,176.39,11.69
C103,2026-08-07 05:00:00,72.97,154.79,151.13,4.98
C103,2026-08-07 06:00:00,78.15,136.57,105.99,3.67
C103,2026-08-07 07:00:00,81.31,130.55,169.3,3.12
C103,2026-08-07 08:00:00,86.62,139.72,192.23,4.57
C103,2026-08-07 09:00:00,78.78,109.74,182.93,4.59
C103,2026-08-07 10:00:00,81.85,105.56,133.24,4.51
C103,2026-08-07 11:00:00,84.48,101.64,161.39,2.75
C103,2026-08-07 12:00:00,91.48,127.5,141.66,4.79
C103,2026-08-07 13:00:00,84.47,140.9,151.45,4.11
C103,2026-08-07 14:00:00,80.0,128.16,180.56,3.6
C103,2026-08-07 15:00:00,86.54,114.43,112.8,4.17
C103,2026-08-07 16:00:00,84.59,123.68,123.07,4.24
C103,2026-08-07 17:00:00,83.86,114.33,125.64,3.8
C103,2026-08-07 18:00:00,86.57,160.95,134.14,4.11
C103,2026-08-07 19:00:00,88.21,110.93,151.14,5.07
C103,2026-08-07 20:00:00,73.08,138.87,179.15,3.82
C103,2026-08-07 21:00:00,79.6,137.4,146.65,2.12
C103,2026-08-07 22:00:00,81.31,130.64,163.32,3.3
C103,2026-08-07 23:00:00,80.11,136.72,148.92,2.78
C103,2026-08-08 00:00:00,90.66,122.43,169.64,2.88
C103,2026-08-08 01:00:00,81.15,131.12,148.43,3.05
C103,2026-08-08 02:00:00,65.29,143.28,154.46,4.93
C103,2026-08-08 03:00:00,88.5,132.16,144.22,4.39
C103,2026-08-08 04:00:00,92.03,126.0,184.23,2.8
C103,2026-08-08 05:00:00,70.75,136.86,135.26,5.63
C103,2026-08-08 06:00:00,91.36,144.05,165.92,3.26
C103,2026-08-08 07:00:00,70.38,142.94,123.01,5.27
C103,2026-08-08 08:00:00,86.69,124.08,157.96,4.37
C103,2026-08-08 09:00:00,80.58,142.11,175.05,4.12
C103,2026-08-08 10:00:00,77.8,140.67,113.59,4.36
C103,2026-08-08 11:00:00,87.18,115.06,167.53,3.98
C103,2026-08-08 12:00:00,78.18,136.56,130.46,4.7
C103,2026-08-08 13:00:00,68.12,128.43,150.79,3.57
C103,2026-08-08 14:00:00,84.73,124.05,168.98,4.45
C103,2026-08-08 15:00:00,85.17,128.5,141.5,3.76
C103,2026-08-08 16:00:00,83.74,122.92,170.01,4.07
C103,2026-08-08 17:00:00,84.63,108.17,166.98,3.54
C103,2026-08-08 18:00:00,74.7,144.75,162.56,4.78
C103,2026-08-08 19:00:00,85.18,123.88,144.97,4.62
C103,2026-08-08 20:00:00,89.93,124.18,187.31,3.84
C103,2026-08-08 21:00:00,72.24,104.34,119.62,3.67
C103,2026-08-08 22:00:00,80.38,133.19,149.49,4.67
C103,2026-08-08 23:00:00,82.31,125.16,139.6,5.14
C103,2026-08-09 00:00:00,71.28,128.62,146.73,4.63
C103,2026-08-09 01:00:00,81.85,125.1,145.2,5.11
C103,2026-08-09 02:00:00,82.02,148.64,154.9,4.02
C103,2026-08-09 03:00:00,80.98,131.77,139.41,4.12
C103,2026-08-09 04:00:00,82.06,128.9,156.3,4.32
C103,2026-08-09 05:00:00,82.66,143.83,157.61,6.08
C103,2026-08-09 06:00:00,82.35,136.51,136.93,5.12
C103,2026-08-09 07:00:00,77.07,130.47,145.24,4.36
C103,2026-08-09 08:00:00,80.36,115.53,145.11,5.23
C103,2026-08-09 09:00:00,85.27,109.53,169.72,3.29
C103,2026-08-09 10:00:00,87.2,131.64,161.09,5.48
C103,2026-08-09 11:00:00,76.2,132.33,172.67,3.49
C103,2026-08-09 12:00:00,76.78,121.55,155.85,2.87
C103,2026-08-09 13:00:00,85.86,108.1,173.28,4.41
C103,2026-08-09 14:00:00,95.39,133.03,144.51,3.36
C103,2026-08-09 15:00:00,83.67,124.64,171.35,3.26
C103,2026-08-09 16:00:00,96.15,140.3,146.34,5.44
C103,2026-08-09 17:00:00,76.52,127.47,127.02,5.48
C103,2026-08-09 18:00:00,70.47,107.71,138.58,5.06
C103,2026-08-09 19:00:00,88.68,126.46,168.34,3.91
C103,2026-08-09 20:00:00,84.96,144.82,145.56,3.39
C103,2026-08-09 21:00:00,85.29,133.88,151.99,4.8
C103,2026-08-09 22:00:00,80.59,126.53,156.74,4.23
C103,2026-08-09 23:00:00,93.29,129.43,144.53,4.42
C103,2026-08-10 00:00:00,89.06,134.29,162.94,2.8
C103,2026-08-10 01:00:00,64.55,140.3,157.9,3.98
C103,2026-08-10 02:00:00,86.86,148.13,175.44,4.77
C103,2026-08-10 03:00:00,75.79,115.92,107.04,4.51
C103,2026-08-10 04:00:00,89.76,139.28,162.16,3.88
C103,2026-08-10 05:00:00,78.05,115.1,147.06,3.22
C103,2026-08-10 06:00:00,94.29,109.37,146.45,2.45
C103,2026-08-10 07:00:00,84.08,124.97,143.58,3.25
C103,2026-08-10 08:00:00,82.02,118.47,147.54,5.57
C103,2026-08-10 09:00:00,83.21,131.39,141.64,3.37
C103,2026-08-10 10:00:00,81.84,155.05,144.83,4.29
C103,2026-08-10 11:00:00,76.2,91.94,135.78,5.9
C103,2026-08-10 12:00:00,86.17,144.69,143.74,2.11
C103,2026-08-10 13:00:00,74.24,129.76,154.28,3.99
C103,2026-08-10 14:00:00,78.29,136.28,140.98,4.25
C103,2026-08-10 15:00:00,83.37,120.58,134.14,3.66
C103,2026-08-10 16:00:00,95.12,138.35,168.37,3.37
C103,2026-08-10 17:00:00,71.94,158.64,166.29,4.11
C103,2026-08-10 18:00:00,79.41,107.43,165.61,4.95
C103,2026-08-10 19:00:00,77.25,115.85,172.34,3.49
C103,2026-08-10 20:00:00,94.45,123.69,143.04,4.04
C103,2026-08-10 21:00:00,79.29,138.51,165.94,4.87
C103,2026-08-10 22:00:00,83.29,119.52,149.84,3.66
C103,2026-08-10 23:00:00,92.27,137.03,148.35,3.26
C103,2026-08-11 00:00:00,92.79,126.64,147.66,5.24
C103,2026-08-11 01:00:00,78.43,121.17,145.85,2.95
C103,2026-08-11 02:00:00,84.21,115.85,139.73,3.44
C103,2026-08-11 03:00:00,77.89,114.93,154.45,3.88
C103,2026-08-11 04:00:00,82.34,153.25,147.2,4.48
C103,2026-08-11 05:00:00,87.03,124.25,154.93,4.02
C103,2026-08-11 06:00:00,83.42,117.96,141.1,4.01
C103,2026-08-11 07:00:00,68.2,142.95,188.9,4.14
C103,2026-08-11 08:00:00,86.66,137.97,126.16,4.74
C103,2026-08-11 09:00:00,79.01,152.49,146.61,4.73
C103,2026-08-11 10:00:00,80.75,151.36,140.78,4.93
C103,2026-08-11 11:00:00,86.39,129.85,154.12,3.47
C103,2026-08-11 12:00:00,63.9,137.89,141.2,4.94
C103,2026-08-11 13:00:00,84.46,139.4,164.43,2.03
C103,2026-08-11 14:00:00,86.3,120.88,170.97,4.47
C103,2026-08-11 15:00:00,86.22,121.73,133.57,3.65
C103,2026-08-11 16:00:00,69.4,117.92,123.65,2.85
C103,2026-08-11 17:00:00,82.82,131.41,149.43,3.6
C103,2026-08-11 18:00:00,75.37,121.19,135.2,3.95
C103,2026-08-11 19:00:00,71.35,133.42,139.79,4.3
C103,2026-08-11 20:00:00,88.21,128.93,164.38,2.35
C103,2026-08-11 21:00:00,78.55,138.24,159.17,5.48
C103,2026-08-11 22:00:00,93.93,128.6,145.46,3.23
C103,2026-08-11 23:00:00,78.67,120.1,139.32,3.27
C103,2026-08-12 00:00:00,84.81,145.36,166.8,3.74
C103,2026-08-12 01:00:00,,129.16,149.27,3.92
C103,2026-08-12 02:00:00,80.6,132.81,152.51,3.42
C103,2026-08-12 03:00:00,76.56,128.67,157.72,3.75
C103,2026-08-12 04:00:00,74.08,140.01,168.69,2.41
C103,2026-08-12 05:00:00,91.38,122.49,153.42,4.91
C103,2026-08-12 06:00:00,93.57,137.03,154.34,2.9
C103,2026-08-12 07:00:00,67.82,135.54,174.16,3.35
C103,2026-08-12 08:00:00,80.11,118.31,139.49,4.86
C103,2026-08-12 09:00:00,83.53,122.25,197.84,2.85
C103,2026-08-12 10:00:00,85.84,112.41,147.17,4.12
C103,2026-08-12 11:00:00,87.91,121.87,143.39,3.78
C103,2026-08-12 12:00:00,74.44,132.59,155.06,4.35
C103,2026-08-12 13:00:00,81.51,122.69,171.16,4.82
C103,2026-08-12 14:00:00,91.9,129.47,174.35,3.67
C103,2026-08-12 15:00:00,80.59,139.34,165.18,3.77
C103,2026-08-12 16:00:00,74.68,122.55,137.67,5.38
C103,2026-08-12 17:00:00,87.32,115.81,131.19,3.38
C103,2026-08-12 18:00:00,78.09,123.0,170.06,3.23
C103,2026-08-12 19:00:00,98.03,113.68,124.64,5.35
C103,2026-08-12 20:00:00,91.25,122.81,156.86,4.33
C103,2026-08-12 21:00:00,82.96,109.44,105.32,3.32
C103,2026-08-12 22:00:00,94.71,147.26,145.29,3.23
C103,2026-08-12 23:00:00,83.95,130.27,160.81,1.98
C103,2026-08-13 00:00:00,104.1,138.59,146.44,3.43
C103,2026-08-13 01:00:00,88.91,130.94,151.66,4.37
C103,2026-08-13 02:00:00,81.21,129.82,163.07,4.27
C103,2026-08-13 03:00:00,84.04,141.71,121.25,3.36
C103,2026-08-13 04:00:00,82.19,116.24,142.87,5.03
C103,2026-08-13 05:00:00,80.96,103.05,142.38,4.05
C103,2026-08-13 06:00:00,82.28,131.67,158.54,3.89
C103,2026-08-13 07:00:00,73.65,119.71,138.79,3.77
C103,2026-08-13 08:00:00,86.84,129.85,164.83,3.69
C103,2026-08-13 09:00:00,92.56,133.07,152.02,4.48
C103,2026-08-13 10:00:00,77.27,99.69,139.08,4.6
C103,2026-08-13 11:00:00,82.56,123.36,134.74,2.44
C103,2026-08-13 12:00:00,91.97,122.51,142.27,3.46
C103,2026-08-13 13:00:00,90.78,135.58,132.59,4.93
C103,2026-08-13 14:00:00,80.98,117.67,144.71,3.37
C103,2026-08-13 15:00:00,72.75,134.31,146.03,4.49
C103,2026-08-13 16:00:00,84.01,131.58,113.17,3.31
C103,2026-08-13 17:00:00,85.99,109.7,156.72,2.89
C103,2026-08-13 18:00:00,82.12,144.32,163.94,2.52
C103,2026-08-13 19:00:00,87.94,146.87,200.35,4.38
C103,2026-08-13 20:00:00,72.45,130.22,178.73,3.85
C103,2026-08-13 21:00:00,89.3,114.92,156.7,2.01
C103,2026-08-13 22:00:00,75.35,124.93,143.46,2.96
C103,2026-08-13 23:00:00,78.5,128.96,148.45,4.05
C103,2026-08-14 00:00:00,87.12,120.88,174.47,3.21
C103,2026-08-14 01:00:00,95.5,138.36,143.59,3.77
C103,2026-08-14 02:00:00,83.45,132.18,169.7,2.93
C103,2026-08-14 03:00:00,85.06,99.6,146.81,5.16
C103,2026-08-14 04:00:00,72.08,105.81,153.97,9.99
C103,2026-08-14 05:00:00,84.28,102.14,119.7,4.08
C103,2026-08-14 06:00:00,73.75,126.64,153.53,3.61
C103,2026-08-14 07:00:00,94.7,132.09,171.81,4.74
C103,2026-08-14 08:00:00,80.95,122.67,144.64,4.54
C103,2026-08-14 09:00:00,77.45,145.7,136.57,4.17
C103,2026-08-14 10:00:00,80.4,119.59,189.1,3.65
C103,2026-08-14 11:00:00,79.87,117.03,150.74,3.92
C103,2026-08-14 12:00:00,74.17,119.91,160.97,4.82
C103,2026-08-14 13:00:00,82.17,125.71,143.5,3.6
C103,2026-08-14 14:00:00,75.56,106.32,137.36,4.72
C103,2026-08-14 15:00:00,79.03,120.85,143.42,5.0
C103,2026-08-14 16:00:00,75.5,128.32,148.77,4.05
C103,2026-08-14 17:00:00,83.71,125.69,164.27,3.98
C103,2026-08-14 18:00:00,94.21,125.53,119.34,4.51
C103,2026-08-14 19:00:00,84.74,125.39,145.33,2.31
C103,2026-08-14 20:00:00,68.37,144.77,139.46,4.77
C103,2026-08-14 21:00:00,,112.44,162.22,3.92
C103,2026-08-14 22:00:00,85.76,124.84,146.26,3.46
C103,2026-08-14 23:00:00,73.64,141.83,178.21,3.17
C104,2026-08-01 00:00:00,74.27,120.83,156.13,3.85
C104,2026-08-01 01:00:00,85.5,124.41,147.94,5.93
C104,2026-08-01 02:00:00,78.32,144.68,176.04,4.4
C104,2026-08-01 03:00:00,68.52,125.37,140.74,4.02
C104,2026-08-01 04:00:00,74.56,134.08,167.73,4.94
C104,2026-08-01 05:00:00,79.32,112.29,156.33,5.4
C104,2026-08-01 06:00:00,82.49,130.43,145.77,3.6
C104,2026-08-01 07:00:00,86.61,123.73,157.26,4.41
C104,2026-08-01 08:00:00,84.43,131.69,134.65,3.27
C104,2026-08-01 09:00:00,81.7,124.78,140.6,4.19
C104,2026-08-01 10:00:00,88.36,139.25,175.42,2.95
C104,2026-08-01 11:00:00,73.86,121.52,151.45,3.81
C104,2026-08-01 12:00:00,78.13,121.35,158.7,2.94
C104,2026-08-01 13:00:00,98.4,125.25,168.92,3.54
C104,2026-08-01 14:00:00,86.02,126.2,165.42,3.84
C104,2026-08-01 15:00:00,92.86,107.1,167.09,4.09
C104,2026-08-01 16:00:00,74.87,148.42,183.28,2.34
C104,2026-08-01 17:00:00,83.24,133.47,157.95,5.21
C104,2026-08-01 18:00:00,91.15,128.18,190.99,4.75
C104,2026-08-01 19:00:00,79.54,118.37,172.38,3.37
C104,2026-08-01 20:00:00,79.13,122.13,156.4,3.85
C104,2026-08-01 21:00:00,72.78,138.94,142.72,5.62
C104,2026-08-01 22:00:00,84.13,140.21,161.36,5.05
C104,2026-08-01 23:00:00,85.99,127.82,169.68,5.99
C104,2026-08-02 00:00:00,80.11,134.54,149.91,4.4
C104,2026-08-02 01:00:00,82.3,99.11,146.4,4.8
C104,2026-08-02 02:00:00,76.64,136.05,153.3,3.85
C104,2026-08-02 03:00:00,88.34,133.17,157.57,4.81
C104,2026-08-02 04:00:00,83.42,105.26,143.19,2.56
C104,2026-08-02 05:00:00,86.6,135.75,166.95,4.39
C104,2026-08-02 06:00:00,,106.08,148.06,2.87
C104,2026-08-02 07:00:00,79.49,144.4,169.68,4.53
C104,2026-08-02 08:00:00,80.73,113.08,153.37,4.89
C104,2026-08-02 09:00:00,84.87,105.97,151.88,2.47
C104,2026-08-02 10:00:00,87.63,116.68,127.98,4.65
C104,2026-08-02 11:00:00,85.92,127.79,189.45,4.51
C104,2026-08-02 12:00:00,77.49,131.23,144.85,5.01
C104,2026-08-02 13:00:00,83.97,129.56,124.04,4.05
C104,2026-08-02 14:00:00,81.61,112.71,146.01,4.35
C104,2026-08-02 15:00:00,81.97,108.05,145.08,3.63
C104,2026-08-02 16:00:00,83.35,126.03,142.59,3.64
C104,2026-08-02 17:00:00,82.47,136.56,155.02,5.14
C104,2026-08-02 18:00:00,89.93,142.96,174.64,5.25
C104,2026-08-02 19:00:00,73.93,175.51,171.93,5.12
C104,2026-08-02 20:00:00,76.6,132.89,151.35,5.48
C104,2026-08-02 21:00:00,72.29,115.77,117.41,4.12
C104,2026-08-02 22:00:00,97.85,124.47,151.82,4.44
C104,2026-08-02 23:00:00,81.19,129.39,157.06,3.32
C104,2026-08-03 00:00:00,81.34,133.9,166.71,5.04
C104,2026-08-03 01:00:00,84.35,129.27,163.5,3.52
C104,2026-08-03 02:00:00,77.55,,127.05,4.33
C104,2026-08-03 03:00:00,89.34,116.48,157.83,3.5
C104,2026-08-03 04:00:00,74.88,149.67,131.96,2.98
C104,2026-08-03 05:00:00,83.5,128.22,162.01,5.6
C104,2026-08-03 06:00:00,76.56,118.06,178.96,4.75
C104,2026-08-03 07:00:00,87.6,117.92,170.27,4.64
C104,2026-08-03 08:00:00,83.33,117.98,151.92,5.32
C104,2026-08-03 09:00:00,74.34,115.4,138.7,3.67
C104,2026-08-03 10:00:00,81.89,136.5,158.31,4.05
C104,2026-08-03 11:00:00,83.94,132.49,119.73,4.86
C104,2026-08-03 12:00:00,76.22,119.68,156.13,3.94
C104,2026-08-03 13:00:00,85.41,126.7,144.79,5.22
C104,2026-08-03 14:00:00,86.96,128.63,162.47,3.44
C104,2026-08-03 15:00:00,97.22,111.95,152.04,3.77
C104,2026-08-03 16:00:00,79.73,119.55,136.11,4.95
C104,2026-08-03 17:00:00,73.57,136.8,161.67,3.7
C104,2026-08-03 18:00:00,85.73,123.11,130.18,3.13
C104,2026-08-03 19:00:00,86.59,132.24,154.36,3.69
C104,2026-08-03 20:00:00,80.67,121.09,118.56,4.05
C104,2026-08-03 21:00:00,85.66,125.81,181.84,3.2
C104,2026-08-03 22:00:00,77.37,126.6,154.39,2.48
C104,2026-08-03 23:00:00,86.22,127.98,111.85,3.91
C104,2026-08-04 00:00:00,76.34,119.56,125.91,4.33
C104,2026-08-04 01:00:00,94.33,128.18,111.13,4.23
C104,2026-08-04 02:00:00,80.64,111.79,156.37,4.7
C104,2026-08-04 03:00:00,77.32,105.28,113.79,3.47
C104,2026-08-04 04:00:00,80.91,118.81,137.7,4.45
C104,2026-08-04 05:00:00,85.24,127.4,164.7,3.47
C104,2026-08-04 06:00:00,74.34,118.73,139.36,2.36
C104,2026-08-04 07:00:00,78.18,138.26,164.42,4.42
C104,2026-08-04 08:00:00,82.92,142.39,130.92,3.23
C104,2026-08-04 09:00:00,89.87,125.33,137.92,4.44
C104,2026-08-04 10:00:00,78.93,114.95,134.42,4.26
C104,2026-08-04 11:00:00,83.44,143.2,144.78,3.75
C104,2026-08-04 12:00:00,92.08,136.83,152.61,2.75
C104,2026-08-04 13:00:00,76.32,112.35,150.66,3.59
C104,2026-08-04 14:00:00,93.22,106.14,129.1,4.2
C104,2026-08-04 15:00:00,85.65,93.95,118.76,3.79
C104,2026-08-04 16:00:00,91.49,147.65,142.54,3.86
C104,2026-08-04 17:00:00,76.14,132.6,177.51,5.0
C104,2026-08-04 18:00:00,81.8,114.94,150.15,5.1
C104,2026-08-04 19:00:00,79.2,103.21,143.52,3.78
C104,2026-08-04 20:00:00,69.25,127.78,159.11,5.49
C104,2026-08-04 21:00:00,72.67,133.77,167.4,4.42
C104,2026-08-04 22:00:00,74.95,112.22,151.75,4.07
C104,2026-08-04 23:00:00,78.08,140.5,142.79,2.49
C104,2026-08-05 00:00:00,80.43,130.76,156.16,4.27
C104,2026-08-05 01:00:00,92.46,111.62,142.37,5.24
C104,2026-08-05 02:00:00,68.23,124.36,172.12,4.97
C104,2026-08-05 03:00:00,86.62,133.23,131.26,5.1
C104,2026-08-05 04:00:00,73.6,111.32,156.98,3.61
C104,2026-08-05 05:00:00,83.45,130.17,182.01,4.35
C104,2026-08-05 06:00:00,77.67,133.12,135.03,4.73
C104,2026-08-05 07:00:00,82.45,129.81,117.95,2.2
C104,2026-08-05 08:00:00,71.49,145.95,129.33,4.59
C104,2026-08-05 09:00:00,77.51,122.12,149.2,5.32
C104,2026-08-05 10:00:00,86.09,129.62,173.34,3.49
C104,2026-08-05 11:00:00,89.48,135.82,166.02,3.88
C104,2026-08-05 12:00:00,78.94,114.56,135.47,3.27
C104,2026-08-05 13:00:00,84.57,122.26,157.77,4.39
C104,2026-08-05 14:00:00,74.58,111.92,145.88,3.38
C104,2026-08-05 15:00:00,75.84,145.35,122.4,5.62
C104,2026-08-05 16:00:00,84.02,136.83,165.63,4.49
C104,2026-08-05 17:00:00,93.63,112.01,147.19,3.32
C104,2026-08-05 18:00:00,70.13,117.07,183.71,3.86
C104,2026-08-05 19:00:00,95.88,150.03,203.91,5.52
C104,2026-08-05 20:00:00,98.51,128.9,154.11,4.24
C104,2026-08-05 21:00:00,82.0,126.8,163.54,3.63
C104,2026-08-05 22:00:00,72.36,129.36,137.53,3.53
C104,2026-08-05 23:00:00,81.0,120.53,169.98,3.87
C104,2026-08-06 00:00:00,116.38,127.47,148.41,4.13
C104,2026-08-06 01:00:00,72.96,129.06,165.29,4.79
C104,2026-08-06 02:00:00,72.53,106.77,140.34,5.11
C104,2026-08-06 03:00:00,83.55,115.7,123.85,3.45
C104,2026-08-06 04:00:00,76.74,136.23,168.23,3.16
C104,2026-08-06 05:00:00,87.27,132.81,128.77,3.93
C104,2026-08-06 06:00:00,84.39,126.96,119.21,4.1
C104,2026-08-06 07:00:00,86.45,143.96,137.96,3.56
C104,2026-08-06 08:00:00,80.54,128.49,151.75,4.48
C104,2026-08-06 09:00:00,74.12,129.76,136.64,3.89
C104,2026-08-06 10:00:00,93.96,108.22,144.97,2.98
C104,2026-08-06 11:00:00,83.07,137.58,153.05,3.91
C104,2026-08-06 12:00:00,91.3,128.97,164.75,4.57
C104,2026-08-06 13:00:00,61.87,124.08,130.59,3.34
C104,2026-08-06 14:00:00,92.32,120.5,184.07,2.87
C104,2026-08-06 15:00:00,74.41,134.15,143.86,4.25
C104,2026-08-06 16:00:00,81.21,123.29,144.52,4.14
C104,2026-08-06 17:00:00,86.49,144.37,146.35,3.69
C104,2026-08-06 18:00:00,78.34,142.64,162.43,2.48
C104,2026-08-06 19:00:00,68.4,115.04,154.14,3.97
C104,2026-08-06 20:00:00,85.6,122.89,175.15,4.62
C104,2026-08-06 21:00:00,82.54,138.74,120.32,3.93
C104,2026-08-06 22:00:00,82.96,132.22,119.13,3.79
C104,2026-08-06 23:00:00,84.8,130.73,171.35,4.61
C104,2026-08-07 00:00:00,81.57,133.1,146.38,4.12
C104,2026-08-07 01:00:00,87.56,124.46,156.52,4.77
C104,2026-08-07 02:00:00,86.99,139.8,191.91,4.56
C104,2026-08-07 03:00:00,78.77,131.14,158.44,4.49
C104,2026-08-07 04:00:00,92.47,104.79,177.25,5.48
C104,2026-08-07 05:00:00,85.98,132.11,145.65,4.01
C104,2026-08-07 06:00:00,86.89,132.6,162.97,4.5
C104,2026-08-07 07:00:00,88.29,134.44,131.56,4.67
C104,2026-08-07 08:00:00,95.01,124.68,176.99,3.27
C104,2026-08-07 09:00:00,81.79,117.31,174.83,5.31
C104,2026-08-07 10:00:00,81.31,139.05,179.71,3.97
C104,2026-08-07 11:00:00,82.91,133.8,134.83,4.09
C104,2026-08-07 12:00:00,97.0,119.0,165.37,4.42
C104,2026-08-07 13:00:00,80.85,127.66,181.55,4.44
C104,2026-08-07 14:00:00,86.97,144.21,144.79,3.16
C104,2026-08-07 15:00:00,94.38,126.64,166.08,3.39
C104,2026-08-07 16:00:00,84.72,111.84,151.15,3.48
C104,2026-08-07 17:00:00,75.86,121.36,108.72,3.07
C104,2026-08-07 18:00:00,87.48,129.17,130.66,4.44
C104,2026-08-07 19:00:00,75.85,133.66,147.92,3.74
C104,2026-08-07 20:00:00,81.36,155.71,136.34,4.18
C104,2026-08-07 21:00:00,87.47,113.45,121.3,3.52
C104,2026-08-07 22:00:00,87.32,120.9,145.84,4.73
C104,2026-08-07 23:00:00,76.36,123.93,122.75,4.26
C104,2026-08-08 00:00:00,83.61,134.55,129.39,3.85
C104,2026-08-08 01:00:00,73.05,122.05,176.67,3.74
C104,2026-08-08 02:00:00,72.44,116.84,121.0,2.96
C104,2026-08-08 03:00:00,86.7,107.64,155.62,4.02
C104,2026-08-08 04:00:00,78.28,127.73,133.12,4.67
C104,2026-08-08 05:00:00,77.11,120.36,140.9,4.55
C104,2026-08-08 06:00:00,85.81,93.54,154.58,2.6
C104,2026-08-08 07:00:00,79.61,123.7,143.66,4.4
C104,2026-08-08 08:00:00,87.04,115.72,135.42,3.97
C104,2026-08-08 09:00:00,71.19,119.28,174.27,2.79
C104,2026-08-08 10:00:00,79.62,117.89,186.09,3.57
C104,2026-08-08 11:00:00,78.64,112.63,150.17,4.22
C104,2026-08-08 12:00:00,75.8,136.86,154.88,4.68
C104,2026-08-08 13:00:00,79.7,127.92,146.16,5.17
C104,2026-08-08 14:00:00,82.81,125.11,141.75,3.59
C104,2026-08-08 15:00:00,83.66,134.84,137.68,4.1
C104,2026-08-08 16:00:00,83.29,129.3,119.27,3.26
C104,2026-08-08 17:00:00,72.44,125.39,133.78,3.6
C104,2026-08-08 18:00:00,73.64,120.16,129.77,4.61
C104,2026-08-08 19:00:00,85.35,126.8,144.57,2.37
C104,2026-08-08 20:00:00,78.79,115.86,154.45,4.5
C104,2026-08-08 21:00:00,84.27,140.16,139.77,3.51
C104,2026-08-08 22:00:00,89.27,126.99,145.55,5.48
C104,2026-08-08 23:00:00,86.04,122.71,137.65,5.06
C104,2026-08-09 00:00:00,83.45,125.29,162.17,4.7
C104,2026-08-09 01:00:00,85.85,135.61,158.12,4.44
C104,2026-08-09 02:00:00,76.88,146.72,127.79,4.25
C104,2026-08-09 03:00:00,72.64,123.82,139.72,4.11
C104,2026-08-09 04:00:00,84.39,113.52,149.47,5.11
C104,2026-08-09 05:00:00,72.81,114.75,165.49,4.06
C104,2026-08-09 06:00:00,83.06,137.27,135.71,3.58
C104,2026-08-09 07:00:00,77.5,120.82,174.11,2.64
C104,2026-08-09 08:00:00,73.64,108.61,175.23,3.51
C104,2026-08-09 09:00:00,79.71,105.62,145.28,4.69
C104,2026-08-09 10:00:00,83.77,123.71,121.83,3.74
C104,2026-08-09 11:00:00,83.03,113.1,161.79,4.71
C104,2026-08-09 12:00:00,78.3,133.71,148.02,4.92
C104,2026-08-09 13:00:00,117.05,111.88,163.85,5.04
C104,2026-08-09 14:00:00,75.21,118.1,139.45,3.89
C104,2026-08-09 15:00:00,79.51,122.62,165.08,2.48
C104,2026-08-09 16:00:00,75.18,133.04,159.95,3.15
C104,2026-08-09 17:00:00,85.92,140.92,149.12,3.19
C104,2026-08-09 18:00:00,88.12,145.68,134.05,4.03
C104,2026-08-09 19:00:00,89.63,126.38,118.55,4.35
C104,2026-08-09 20:00:00,75.15,109.75,118.9,4.95
C104,2026-08-09 21:00:00,76.16,129.0,160.42,4.13
C104,2026-08-09 22:00:00,84.08,129.57,152.49,3.39
C104,2026-08-09 23:00:00,76.05,123.74,147.73,4.34
C104,2026-08-10 00:00:00,89.71,129.13,135.4,2.26
C104,2026-08-10 01:00:00,76.62,108.87,136.85,4.19
C104,2026-08-10 02:00:00,82.59,147.3,158.7,5.53
C104,2026-08-10 03:00:00,87.01,138.03,143.54,3.14
C104,2026-08-10 04:00:00,78.86,124.86,138.69,3.2
C104,2026-08-10 05:00:00,84.92,112.94,122.4,3.1
C104,2026-08-10 06:00:00,80.36,113.11,145.89,4.48
C104,2026-08-10 07:00:00,86.02,117.07,126.53,3.54
C104,2026-08-10 08:00:00,86.59,135.67,156.35,4.96
C104,2026-08-10 09:00:00,94.1,119.2,176.76,3.79
C104,2026-08-10 10:00:00,89.14,133.5,114.41,3.23
C104,2026-08-10 11:00:00,73.45,103.62,165.83,5.66
C104,2026-08-10 12:00:00,,135.25,176.72,4.17
C104,2026-08-10 13:00:00,81.82,122.05,159.68,4.7
C104,2026-08-10 14:00:00,85.23,130.13,149.08,2.73
C104,2026-08-10 15:00:00,88.28,109.58,161.15,4.6
C104,2026-08-10 16:00:00,74.02,117.71,188.19,3.94
C104,2026-08-10 17:00:00,73.46,134.61,136.09,2.46
C104,2026-08-10 18:00:00,85.64,114.0,155.78,3.35
C104,2026-08-10 19:00:00,86.95,127.2,103.39,4.31
C104,2026-08-10 20:00:00,79.97,142.0,157.11,4.6
C104,2026-08-10 21:00:00,77.03,115.52,149.54,3.71
C104,2026-08-10 22:00:00,91.37,123.16,127.95,3.34
C104,2026-08-10 23:00:00,88.76,122.99,146.03,4.85
C104,2026-08-11 00:00:00,75.6,98.18,134.65,4.19
C104,2026-08-11 01:00:00,80.25,106.27,168.29,4.13
C104,2026-08-11 02:00:00,84.72,130.04,126.63,4.24
C104,2026-08-11 03:00:00,88.35,138.68,162.98,4.41
C104,2026-08-11 04:00:00,69.84,124.82,132.78,5.03
C104,2026-08-11 05:00:00,89.91,113.59,149.17,4.2
C104,2026-08-11 06:00:00,88.31,104.89,110.23,4.03
C104,2026-08-11 07:00:00,64.28,126.9,160.66,4.99
C104,2026-08-11 08:00:00,77.64,126.93,161.73,3.06
C104,2026-08-11 09:00:00,88.41,128.29,139.1,4.11
C104,2026-08-11 10:00:00,81.02,134.36,143.51,4.18
C104,2026-08-11 11:00:00,77.65,113.75,153.09,3.28
C104,2026-08-11 12:00:00,87.6,132.11,136.23,4.17
C104,2026-08-11 13:00:00,76.61,105.75,139.25,3.96
C104,2026-08-11 14:00:00,85.65,126.79,166.34,3.22
C104,2026-08-11 15:00:00,79.36,144.73,115.24,3.64
C104,2026-08-11 16:00:00,74.5,122.66,142.18,4.48
C104,2026-08-11 17:00:00,83.79,109.33,139.41,4.0
C104,2026-08-11 18:00:00,87.18,154.2,162.65,3.19
C104,2026-08-11 19:00:00,81.34,127.17,140.65,4.38
C104,2026-08-11 20:00:00,66.1,131.64,141.43,3.91
C104,2026-08-11 21:00:00,92.26,109.86,154.91,4.64
C104,2026-08-11 22:00:00,83.19,105.63,174.31,3.83
C104,2026-08-11 23:00:00,78.31,121.27,143.12,3.05
C104,2026-08-12 00:00:00,83.15,117.83,162.08,4.41
C104,2026-08-12 01:00:00,93.38,122.46,135.54,2.82
C104,2026-08-12 02:00:00,97.35,132.95,137.54,5.35
C104,2026-08-12 03:00:00,91.49,108.78,136.44,3.89
C104,2026-08-12 04:00:00,74.51,123.84,162.82,2.9
C104,2026-08-12 05:00:00,84.05,139.02,157.2,3.94
C104,2026-08-12 06:00:00,77.32,134.97,128.82,4.19
C104,2026-08-12 07:00:00,82.18,138.51,139.51,3.6
C104,2026-08-12 08:00:00,73.31,130.25,142.37,3.31
C104,2026-08-12 09:00:00,76.63,131.45,130.15,3.19
C104,2026-08-12 10:00:00,88.27,156.23,167.2,3.71
C104,2026-08-12 11:00:00,81.99,126.88,174.97,5.04
C104,2026-08-12 12:00:00,90.07,117.45,132.24,4.61
C104,2026-08-12 13:00:00,91.64,138.95,150.23,4.58
C104,2026-08-12 14:00:00,87.22,126.79,153.46,4.08
C104,2026-08-12 15:00:00,76.48,116.77,137.37,2.72
C104,2026-08-12 16:00:00,83.0,124.51,163.72,5.01
C104,2026-08-12 17:00:00,91.27,142.02,136.37,2.85
C104,2026-08-12 18:00:00,88.52,141.59,178.01,4.39
C104,2026-08-12 19:00:00,68.02,129.39,160.0,5.0
C104,2026-08-12 20:00:00,92.01,135.92,139.43,3.18
C104,2026-08-12 21:00:00,85.74,115.49,176.55,2.64
C104,2026-08-12 22:00:00,85.97,128.83,146.28,3.26
C104,2026-08-12 23:00:00,67.57,118.62,140.75,4.89
C104,2026-08-13 00:00:00,76.52,130.43,126.74,4.38
C104,2026-08-13 01:00:00,66.34,150.14,147.46,1.76
C104,2026-08-13 02:00:00,76.98,114.49,138.2,3.71
C104,2026-08-13 03:00:00,77.36,115.2,129.14,4.66
C104,2026-08-13 04:00:00,90.41,121.95,149.68,3.1
C104,2026-08-13 05:00:00,82.5,127.76,146.05,4.32
C104,2026-08-13 06:00:00,84.16,112.35,171.47,3.83
C104,2026-08-13 07:00:00,93.73,130.05,185.48,4.94
C104,2026-08-13 08:00:00,83.59,116.32,137.37,4.43
C104,2026-08-13 09:00:00,83.0,117.93,165.0,4.03
C104,2026-08-13 10:00:00,87.87,113.29,167.99,4.4
C104,2026-08-13 11:00:00,90.38,136.73,148.47,3.87
C104,2026-08-13 12:00:00,94.48,121.51,163.47,3.69
C104,2026-08-13 13:00:00,68.97,110.27,157.31,4.56
C104,2026-08-13 14:00:00,84.86,138.75,157.04,3.38
C104,2026-08-13 15:00:00,86.16,127.04,139.64,4.38
C104,2026-08-13 16:00:00,82.56,117.74,146.8,5.13
C104,2026-08-13 17:00:00,91.67,127.26,151.03,2.85
C104,2026-08-13 18:00:00,94.04,137.44,163.54,2.18
C104,2026-08-13 19:00:00,82.29,123.47,162.29,3.64
C104,2026-08-13 20:00:00,80.38,132.43,136.08,3.54
C104,2026-08-13 21:00:00,83.35,141.06,164.55,4.86
C104,2026-08-13 22:00:00,82.44,142.94,118.66,5.62
C104,2026-08-13 23:00:00,97.06,130.48,164.98,3.97
C104,2026-08-14 00:00:00,80.53,117.67,149.12,4.44
C104,2026-08-14 01:00:00,84.94,148.84,151.8,2.81
C104,2026-08-14 02:00:00,93.51,110.35,139.93,4.22
C104,2026-08-14 03:00:00,84.92,107.65,136.56,2.82
C104,2026-08-14 04:00:00,86.35,139.2,128.01,4.8
C104,2026-08-14 05:00:00,88.52,117.09,114.31,3.14
C104,2026-08-14 06:00:00,77.83,143.5,147.87,3.19
C104,2026-08-14 07:00:00,83.03,109.46,159.26,3.22
C104,2026-08-14 08:00:00,76.17,129.51,181.5,5.76
C104,2026-08-14 09:00:00,74.72,117.84,159.28,4.94
C104,2026-08-14 10:00:00,66.85,126.05,141.23,2.46
C104,2026-08-14 11:00:00,72.64,118.19,151.06,4.81
C104,2026-08-14 12:00:00,84.48,136.37,150.48,3.44
C104,2026-08-14 13:00:00,80.71,133.35,168.59,3.88
C104,2026-08-14 14:00:00,75.5,129.03,158.6,4.99
C104,2026-08-14 15:00:00,,116.99,163.61,3.67
C104,2026-08-14 16:00:00,78.85,140.05,125.32,5.64
C104,2026-08-14 17:00:00,77.71,135.4,148.04,4.22
C104,2026-08-14 18:00:00,80.16,135.28,143.75,3.54
C104,2026-08-14 19:00:00,94.69,125.35,137.84,2.81
C104,2026-08-14 20:00:00,95.06,118.38,187.11,4.32
C104,2026-08-14 21:00:00,83.0,127.04,189.89,2.25
C104,2026-08-14 22:00:00,83.5,121.82,146.16,4.12
C104,2026-08-14 23:00:00,80.14,127.26,149.58,2.95
C105,2026-08-01 00:00:00,84.67,133.59,140.24,5.49
C105,2026-08-01 01:00:00,91.35,135.13,164.97,4.02
C105,2026-08-01 02:00:00,89.99,143.85,164.54,3.54
C105,2026-08-01 03:00:00,81.72,131.88,165.08,3.94
C105,2026-08-01 04:00:00,78.03,144.01,130.7,3.25
C105,2026-08-01 05:00:00,72.71,113.68,172.45,5.02
C105,2026-08-01 06:00:00,81.48,130.96,149.81,3.05
C105,2026-08-01 07:00:00,97.53,141.5,156.38,3.32
C105,2026-08-01 08:00:00,80.43,,151.76,4.25
C105,2026-08-01 09:00:00,79.61,107.55,188.38,4.19
C105,2026-08-01 10:00:00,85.2,119.93,121.88,3.93
C105,2026-08-01 11:00:00,79.74,133.51,166.31,4.61
C105,2026-08-01 12:00:00,88.92,146.64,157.02,4.88
C105,2026-08-01 13:00:00,85.46,102.2,147.22,3.31
C105,2026-08-01 14:00:00,83.62,115.51,160.9,4.78
C105,2026-08-01 15:00:00,90.42,144.43,119.83,3.04
C105,2026-08-01 16:00:00,102.49,137.11,154.04,4.03
C105,2026-08-01 17:00:00,81.6,101.8,136.1,3.91
C105,2026-08-01 18:00:00,76.99,117.98,196.06,3.8
C105,2026-08-01 19:00:00,83.95,127.91,160.61,3.62
C105,2026-08-01 20:00:00,90.73,130.32,126.83,3.91
C105,2026-08-01 21:00:00,80.79,122.38,159.17,4.51
C105,2026-08-01 22:00:00,85.62,129.07,151.54,2.28
C105,2026-08-01 23:00:00,87.45,130.86,132.27,4.22
C105,2026-08-02 00:00:00,86.54,139.05,159.19,4.26
C105,2026-08-02 01:00:00,88.63,121.32,157.42,3.5
C105,2026-08-02 02:00:00,89.77,105.68,164.7,4.01
C105,2026-08-02 03:00:00,88.76,115.63,151.62,4.05
C105,2026-08-02 04:00:00,85.04,112.43,161.45,2.52
C105,2026-08-02 05:00:00,77.33,106.25,164.91,4.32
C105,2026-08-02 06:00:00,85.19,142.68,144.31,4.49
C105,2026-08-02 07:00:00,82.46,123.97,173.52,5.67
C105,2026-08-02 08:00:00,78.98,135.0,155.74,4.26
C105,2026-08-02 09:00:00,,121.0,85.47,5.23
C105,2026-08-02 10:00:00,77.14,122.1,146.03,3.37
C105,2026-08-02 11:00:00,83.68,124.47,137.1,4.12
C105,2026-08-02 12:00:00,81.77,136.13,125.87,3.36
C105,2026-08-02 13:00:00,87.08,117.32,133.74,3.53
C105,2026-08-02 14:00:00,81.29,123.83,146.22,3.18
C105,2026-08-02 15:00:00,87.41,140.91,115.61,2.76
C105,2026-08-02 16:00:00,89.02,143.84,111.67,4.65
C105,2026-08-02 17:00:00,93.47,114.65,178.43,3.86
C105,2026-08-02 18:00:00,84.2,116.37,168.02,4.67
C105,2026-08-02 19:00:00,94.07,142.29,149.84,6.49
C105,2026-08-02 20:00:00,91.46,131.49,132.05,2.78
C105,2026-08-02 21:00:00,71.88,113.8,174.79,4.39
C105,2026-08-02 22:00:00,77.71,123.37,145.36,4.64
C105,2026-08-02 23:00:00,75.85,129.2,155.4,3.32
C105,2026-08-03 00:00:00,93.12,121.45,132.13,4.68
C105,2026-08-03 01:00:00,82.38,129.9,128.68,4.65
C105,2026-08-03 02:00:00,97.21,109.85,156.38,3.37
C105,2026-08-03 03:00:00,100.83,139.88,155.08,3.02
C105,2026-08-03 04:00:00,75.1,133.96,125.48,2.94
C105,2026-08-03 05:00:00,82.06,126.6,156.84,3.65
C105,2026-08-03 06:00:00,88.44,114.66,161.28,4.17
C105,2026-08-03 07:00:00,86.2,139.18,141.8,3.47
C105,2026-08-03 08:00:00,70.18,100.77,146.83,3.91
C105,2026-08-03 09:00:00,74.4,114.55,177.42,4.7
C105,2026-08-03 10:00:00,73.17,119.69,157.31,3.5
C105,2026-08-03 11:00:00,76.34,120.94,169.63,4.95
C105,2026-08-03 12:00:00,76.85,130.53,149.88,3.19
C105,2026-08-03 13:00:00,79.92,109.83,170.93,5.24
C105,2026-08-03 14:00:00,79.13,117.21,168.98,4.97
C105,2026-08-03 15:00:00,74.2,123.22,148.94,3.38
C105,2026-08-03 16:00:00,84.7,116.6,140.28,3.92
C105,2026-08-03 17:00:00,71.58,100.32,166.53,3.41
C105,2026-08-03 18:00:00,96.94,148.66,140.88,5.87
C105,2026-08-03 19:00:00,88.56,117.26,103.53,4.55
C105,2026-08-03 20:00:00,82.22,130.18,145.88,3.08
C105,2026-08-03 21:00:00,79.01,133.48,143.62,3.71
C105,2026-08-03 22:00:00,71.36,126.09,129.99,4.73
C105,2026-08-03 23:00:00,76.86,121.45,188.95,3.75
C105,2026-08-04 00:00:00,78.92,132.03,117.87,5.0
C105,2026-08-04 01:00:00,88.96,131.29,89.21,3.79
C105,2026-08-04 02:00:00,73.09,138.49,168.95,4.31
C105,2026-08-04 03:00:00,73.58,142.93,145.28,5.44
C105,2026-08-04 04:00:00,83.86,131.08,141.71,5.13
C105,2026-08-04 05:00:00,86.26,142.31,153.2,3.96
C105,2026-08-04 06:00:00,86.17,142.31,168.3,4.11
C105,2026-08-04 07:00:00,69.0,134.72,124.1,4.03
C105,2026-08-04 08:00:00,81.19,107.99,156.71,5.72
C105,2026-08-04 09:00:00,79.81,134.19,192.4,4.69
C105,2026-08-04 10:00:00,77.49,127.84,158.65,5.15
C105,2026-08-04 11:00:00,90.5,91.76,134.59,3.94
C105,2026-08-04 12:00:00,74.89,80.6,136.94,4.0
C105,2026-08-04 13:00:00,78.32,113.04,150.75,4.27
C105,2026-08-04 14:00:00,78.72,141.46,151.04,3.3
C105,2026-08-04 15:00:00,74.13,122.44,170.04,3.34
C105,2026-08-04 16:00:00,86.17,126.13,185.88,4.31
C105,2026-08-04 17:00:00,77.11,133.84,163.86,3.68
C105,2026-08-04 18:00:00,73.85,131.43,151.14,2.79
C105,2026-08-04 19:00:00,83.78,117.36,122.72,3.72
C105,2026-08-04 20:00:00,90.98,139.5,167.04,4.22
C105,2026-08-04 21:00:00,86.17,126.18,130.11,3.28
C105,2026-08-04 22:00:00,77.75,141.82,169.38,3.14
C105,2026-08-04 23:00:00,82.37,120.17,147.21,3.57
C105,2026-08-05 00:00:00,91.84,124.77,153.89,4.18
C105,2026-08-05 01:00:00,74.81,126.3,169.12,5.18
C105,2026-08-05 02:00:00,73.97,106.78,151.12,4.89
C105,2026-08-05 03:00:00,84.52,133.16,125.52,3.54
C105,2026-08-05 04:00:00,66.63,123.29,111.04,5.07
C105,2026-08-05 05:00:00,92.88,126.69,122.77,4.3
C105,2026-08-05 06:00:00,95.01,130.71,171.33,3.61
C105,2026-08-05 07:00:00,75.9,124.15,115.32,5.81
C105,2026-08-05 08:00:00,82.98,135.4,141.69,2.77
C105,2026-08-05 09:00:00,91.98,111.51,156.28,4.35
C105,2026-08-05 10:00:00,82.52,115.58,147.31,3.24
C105,2026-08-05 11:00:00,87.66,131.86,149.61,3.55
C105,2026-08-05 12:00:00,96.75,109.38,122.2,3.93
C105,2026-08-05 13:00:00,80.19,138.17,161.63,4.02
C105,2026-08-05 14:00:00,85.5,130.79,187.86,4.2
C105,2026-08-05 15:00:00,77.23,127.38,102.86,3.97
C105,2026-08-05 16:00:00,89.65,132.23,155.37,4.52
C105,2026-08-05 17:00:00,89.72,142.1,158.05,3.75
C105,2026-08-05 18:00:00,65.81,136.74,159.27,4.12
C105,2026-08-05 19:00:00,77.18,136.58,145.37,3.97
C105,2026-08-05 20:00:00,81.61,130.4,129.32,4.45
C105,2026-08-05 21:00:00,76.95,154.82,165.93,3.2
C105,2026-08-05 22:00:00,88.18,126.22,120.33,5.09
C105,2026-08-05 23:00:00,84.17,129.73,168.13,5.2
C105,2026-08-06 00:00:00,83.41,132.41,156.68,3.73
C105,2026-08-06 01:00:00,70.92,127.58,174.82,4.47
C105,2026-08-06 02:00:00,74.53,138.17,144.43,2.33
C105,2026-08-06 03:00:00,89.13,113.66,182.05,4.92
C105,2026-08-06 04:00:00,80.41,130.51,193.63,4.8
C105,2026-08-06 05:00:00,83.67,159.67,152.12,4.47
C105,2026-08-06 06:00:00,75.45,104.9,144.82,4.03
C105,2026-08-06 07:00:00,84.3,107.96,161.89,3.34
C105,2026-08-06 08:00:00,86.26,136.22,142.88,3.23
C105,2026-08-06 09:00:00,92.81,135.47,152.74,5.17
C105,2026-08-06 10:00:00,82.58,117.55,131.97,3.91
C105,2026-08-06 11:00:00,87.4,141.68,150.42,4.97
C105,2026-08-06 12:00:00,80.5,115.62,126.49,3.6
C105,2026-08-06 13:00:00,73.12,149.11,157.91,3.92
C105,2026-08-06 14:00:00,94.05,109.37,147.53,5.6
C105,2026-08-06 15:00:00,80.99,154.36,164.14,5.04
C105,2026-08-06 16:00:00,91.34,125.02,141.21,3.91
C105,2026-08-06 17:00:00,75.09,124.21,149.92,5.35
C105,2026-08-06 18:00:00,86.15,153.35,111.13,3.03
C105,2026-08-06 19:00:00,79.51,142.91,148.03,2.83
C105,2026-08-06 20:00:00,80.28,110.63,124.91,5.6
C105,2026-08-06 21:00:00,79.54,127.08,148.33,3.8
C105,2026-08-06 22:00:00,76.12,121.27,156.07,5.13
C105,2026-08-06 23:00:00,88.63,110.37,167.79,4.38
C105,2026-08-07 00:00:00,77.63,127.19,160.3,4.04
C105,2026-08-07 01:00:00,85.36,114.64,185.87,2.46
C105,2026-08-07 02:00:00,86.04,129.4,161.57,3.43
C105,2026-08-07 03:00:00,90.18,123.7,128.65,3.12
C105,2026-08-07 04:00:00,82.87,105.84,182.41,4.84
C105,2026-08-07 05:00:00,94.79,145.66,143.67,3.3
C105,2026-08-07 06:00:00,63.26,172.15,181.78,3.34
C105,2026-08-07 07:00:00,80.53,118.35,156.75,5.03
C105,2026-08-07 08:00:00,71.23,108.83,176.76,11.25
C105,2026-08-07 09:00:00,80.18,145.48,125.43,4.74
C105,2026-08-07 10:00:00,81.52,175.56,107.03,3.79
C105,2026-08-07 11:00:00,87.16,124.24,172.6,4.98
C105,2026-08-07 12:00:00,75.29,134.89,132.13,4.04
C105,2026-08-07 13:00:00,86.59,114.98,164.16,3.6
C105,2026-08-07 14:00:00,77.94,133.48,134.95,3.29
C105,2026-08-07 15:00:00,89.29,126.3,123.83,4.68
C105,2026-08-07 16:00:00,79.15,108.16,104.87,4.72
C105,2026-08-07 17:00:00,75.98,110.07,161.51,4.64
C105,2026-08-07 18:00:00,76.49,135.95,186.99,5.08
C105,2026-08-07 19:00:00,90.34,128.77,142.01,3.96
C105,2026-08-07 20:00:00,85.09,109.91,136.15,2.86
C105,2026-08-07 21:00:00,83.65,126.0,138.25,4.66
C105,2026-08-07 22:00:00,74.69,116.72,164.05,4.74
C105,2026-08-07 23:00:00,76.43,127.78,135.98,3.84
C105,2026-08-08 00:00:00,83.01,131.72,155.72,4.22
C105,2026-08-08 01:00:00,74.45,129.66,159.92,4.55
C105,2026-08-08 02:00:00,76.96,135.99,126.29,3.66
C105,2026-08-08 03:00:00,80.07,109.85,144.77,4.18
C105,2026-08-08 04:00:00,69.22,120.26,118.53,5.63
C105,2026-08-08 05:00:00,83.49,126.51,154.18,4.48
C105,2026-08-08 06:00:00,88.85,106.24,173.58,5.0
C105,2026-08-08 07:00:00,81.54,123.58,94.15,3.0
C105,2026-08-08 08:00:00,85.63,139.41,163.12,3.94
C105,2026-08-08 09:00:00,95.48,137.06,142.91,5.75
C105,2026-08-08 10:00:00,74.33,107.34,142.42,3.39
C105,2026-08-08 11:00:00,79.45,134.58,149.39,3.99
C105,2026-08-08 12:00:00,82.41,97.25,122.73,3.69
C105,2026-08-08 13:00:00,76.1,122.22,175.27,3.94
C105,2026-08-08 14:00:00,72.74,115.48,180.79,5.23
C105,2026-08-08 15:00:00,86.17,106.25,155.52,4.31
C105,2026-08-08 16:00:00,82.18,118.16,143.47,3.49
C105,2026-08-08 17:00:00,73.98,141.39,165.88,3.77
C105,2026-08-08 18:00:00,84.47,129.68,192.17,4.7
C105,2026-08-08 19:00:00,87.84,125.46,142.18,5.11
C105,2026-08-08 20:00:00,86.57,115.05,158.17,4.67
C105,2026-08-08 21:00:00,67.33,113.93,156.53,2.46
C105,2026-08-08 22:00:00,69.64,121.75,158.85,4.43
C105,2026-08-08 23:00:00,93.08,125.99,143.29,2.95
C105,2026-08-09 00:00:00,79.31,133.49,163.55,4.21
C105,2026-08-09 01:00:00,85.83,140.32,151.35,5.09
C105,2026-08-09 02:00:00,108.93,124.12,141.35,4.63
C105,2026-08-09 03:00:00,74.9,121.14,116.53,4.48
C105,2026-08-09 04:00:00,90.73,135.93,164.63,4.67
C105,2026-08-09 05:00:00,86.9,132.37,162.22,3.48
C105,2026-08-09 06:00:00,80.6,125.84,143.96,2.75
C105,2026-08-09 07:00:00,73.35,127.76,166.3,4.01
C105,2026-08-09 08:00:00,101.35,113.96,158.01,10.89
C105,2026-08-09 09:00:00,89.46,132.86,169.26,4.04
C105,2026-08-09 10:00:00,93.64,140.4,134.66,4.26
C105,2026-08-09 11:00:00,71.17,143.26,154.04,5.08
C105,2026-08-09 12:00:00,81.23,102.72,197.47,4.1
C105,2026-08-09 13:00:00,75.0,138.75,186.65,3.84
C105,2026-08-09 14:00:00,81.31,127.86,130.0,3.45
C105,2026-08-09 15:00:00,94.47,123.41,134.92,3.64
C105,2026-08-09 16:00:00,89.51,101.29,154.58,5.97
C105,2026-08-09 17:00:00,96.22,131.88,173.7,5.05
C105,2026-08-09 18:00:00,81.12,136.1,182.19,2.99
C105,2026-08-09 19:00:00,86.04,129.34,151.86,4.01
C105,2026-08-09 20:00:00,83.62,128.79,170.14,4.38
C105,2026-08-09 21:00:00,80.75,114.92,141.5,4.21
C105,2026-08-09 22:00:00,77.06,136.35,157.74,4.91
C105,2026-08-09 23:00:00,77.53,115.03,170.45,4.1
C105,2026-08-10 00:00:00,80.58,133.38,161.91,3.0
C105,2026-08-10 01:00:00,91.69,120.08,180.6,2.93
C105,2026-08-10 02:00:00,84.22,122.77,114.45,4.53
C105,2026-08-10 03:00:00,68.53,121.5,169.88,3.58
C105,2026-08-10 04:00:00,75.67,134.6,145.51,3.68
C105,2026-08-10 05:00:00,90.92,110.99,141.73,4.69
C105,2026-08-10 06:00:00,73.38,146.3,146.1,4.7
C105,2026-08-10 07:00:00,88.11,123.17,141.38,3.97
C105,2026-08-10 08:00:00,86.99,113.16,128.34,5.19
C105,2026-08-10 09:00:00,76.86,129.25,146.36,3.87
C105,2026-08-10 10:00:00,92.01,123.98,143.58,3.78
C105,2026-08-10 11:00:00,78.48,116.96,141.01,5.33
C105,2026-08-10 12:00:00,86.98,120.86,167.67,2.73
C105,2026-08-10 13:00:00,91.63,140.54,190.25,4.81
C105,2026-08-10 14:00:00,85.06,140.49,138.74,3.68
C105,2026-08-10 15:00:00,81.55,141.43,134.59,3.23
C105,2026-08-10 16:00:00,83.66,133.61,137.34,4.54
C105,2026-08-10 17:00:00,91.58,139.41,156.36,3.93
C105,2026-08-10 18:00:00,94.15,125.18,166.93,5.57
C105,2026-08-10 19:00:00,87.85,113.03,127.7,3.76
C105,2026-08-10 20:00:00,86.97,130.34,189.73,4.35
C105,2026-08-10 21:00:00,79.71,111.4,171.25,4.0
C105,2026-08-10 22:00:00,71.46,125.27,132.08,3.66
C105,2026-08-10 23:00:00,82.04,114.14,141.22,3.4
C105,2026-08-11 00:00:00,76.98,112.9,141.31,3.28
C105,2026-08-11 01:00:00,86.11,127.41,171.5,5.51
C105,2026-08-11 02:00:00,86.74,130.4,163.33,4.37
C105,2026-08-11 03:00:00,82.35,124.65,131.61,4.67
C105,2026-08-11 04:00:00,81.78,142.39,166.47,3.5
C105,2026-08-11 05:00:00,90.73,94.27,184.74,2.93
C105,2026-08-11 06:00:00,85.47,130.13,170.23,3.74
C105,2026-08-11 07:00:00,66.98,121.07,146.06,2.36
C105,2026-08-11 08:00:00,82.32,112.09,161.68,3.8
C105,2026-08-11 09:00:00,95.73,121.93,157.75,3.83
C105,2026-08-11 10:00:00,70.64,122.54,163.56,4.48
C105,2026-08-11 11:00:00,79.95,107.52,161.6,4.34
C105,2026-08-11 12:00:00,87.9,121.71,119.68,4.43
C105,2026-08-11 13:00:00,81.94,141.7,150.52,3.96
C105,2026-08-11 14:00:00,84.92,117.84,138.39,3.92
C105,2026-08-11 15:00:00,75.56,122.25,184.91,4.83
C105,2026-08-11 16:00:00,84.16,143.62,135.15,5.99
C105,2026-08-11 17:00:00,78.78,149.05,185.99,2.6
C105,2026-08-11 18:00:00,92.27,121.59,139.78,4.42
C105,2026-08-11 19:00:00,74.94,131.02,133.07,4.14
C105,2026-08-11 20:00:00,91.35,129.64,143.52,4.43
C105,2026-08-11 21:00:00,,114.93,142.26,4.63
C105,2026-08-11 22:00:00,84.84,131.42,149.51,3.37
C105,2026-08-11 23:00:00,92.42,116.63,157.54,3.91
C105,2026-08-12 00:00:00,85.94,117.73,168.95,5.1
C105,2026-08-12 01:00:00,88.94,126.89,142.17,6.26
C105,2026-08-12 02:00:00,75.06,135.57,155.99,3.95
C105,2026-08-12 03:00:00,83.3,118.88,157.69,4.25
C105,2026-08-12 04:00:00,100.74,137.85,159.29,4.46
C105,2026-08-12 05:00:00,94.88,176.49,146.71,2.47
C105,2026-08-12 06:00:00,85.91,135.18,132.08,5.15
C105,2026-08-12 07:00:00,76.97,120.89,152.15,5.28
C105,2026-08-12 08:00:00,75.99,128.49,163.95,4.45
C105,2026-08-12 09:00:00,86.24,134.14,140.01,5.35
C105,2026-08-12 10:00:00,81.22,122.07,174.26,3.5
C105,2026-08-12 11:00:00,84.24,116.33,195.35,5.85
C105,2026-08-12 12:00:00,81.23,131.24,150.09,3.72
C105,2026-08-12 13:00:00,82.84,124.51,122.63,4.21
C105,2026-08-12 14:00:00,81.7,128.75,148.6,3.71
C105,2026-08-12 15:00:00,88.12,131.4,175.13,4.4
C105,2026-08-12 16:00:00,80.62,132.4,114.35,5.68
C105,2026-08-12 17:00:00,83.92,151.21,134.35,3.11
C105,2026-08-12 18:00:00,84.56,129.35,156.09,4.15
C105,2026-08-12 19:00:00,77.6,107.18,155.1,2.97
C105,2026-08-12 20:00:00,72.36,120.43,157.75,5.59
C105,2026-08-12 21:00:00,88.85,142.2,161.77,4.29
C105,2026-08-12 22:00:00,99.54,109.13,142.56,3.73
C105,2026-08-12 23:00:00,88.25,113.25,163.74,4.46
C105,2026-08-13 00:00:00,87.69,134.54,177.69,3.96
C105,2026-08-13 01:00:00,85.71,116.16,132.63,5.41
C105,2026-08-13 02:00:00,76.32,132.7,159.56,4.94
C105,2026-08-13 03:00:00,70.39,135.69,148.96,3.52
C105,2026-08-13 04:00:00,80.24,137.44,163.16,3.9
C105,2026-08-13 05:00:00,74.03,112.18,163.55,2.98
C105,2026-08-13 06:00:00,81.17,157.17,158.27,4.59
C105,2026-08-13 07:00:00,74.57,110.27,164.32,3.77
C105,2026-08-13 08:00:00,90.22,126.72,214.01,3.62
C105,2026-08-13 09:00:00,84.72,115.47,170.38,4.43
C105,2026-08-13 10:00:00,75.97,122.39,176.49,5.08
C105,2026-08-13 11:00:00,72.8,120.61,184.59,3.95
C105,2026-08-13 12:00:00,83.98,138.52,127.82,3.33
C105,2026-08-13 13:00:00,80.43,140.66,170.16,4.66
C105,2026-08-13 14:00:00,81.73,139.75,149.05,4.54
C105,2026-08-13 15:00:00,89.08,146.56,150.79,3.79
C105,2026-08-13 16:00:00,91.77,142.66,142.02,3.2
C105,2026-08-13 17:00:00,91.23,106.5,121.33,3.87
C105,2026-08-13 18:00:00,82.72,112.28,153.99,4.21
C105,2026-08-13 19:00:00,78.64,149.4,157.74,4.9
C105,2026-08-13 20:00:00,71.81,107.42,158.28,5.48
C105,2026-08-13 21:00:00,74.93,126.72,127.77,3.43
C105,2026-08-13 22:00:00,83.35,119.09,126.5,2.94
C105,2026-08-13 23:00:00,68.8,130.72,160.76,4.47
C105,2026-08-14 00:00:00,75.64,137.07,162.72,4.01
C105,2026-08-14 01:00:00,80.9,117.21,153.46,5.29
C105,2026-08-14 02:00:00,89.96,121.93,159.7,3.12
C105,2026-08-14 03:00:00,87.11,115.03,162.42,6.38
C105,2026-08-14 04:00:00,78.01,160.07,158.83,3.4
C105,2026-08-14 05:00:00,76.43,153.38,158.87,3.55
C105,2026-08-14 06:00:00,80.58,130.17,149.84,4.28
C105,2026-08-14 07:00:00,94.42,111.46,161.6,3.94
C105,2026-08-14 08:00:00,78.51,137.87,123.69,2.11
C105,2026-08-14 09:00:00,83.57,123.34,125.65,2.63
C105,2026-08-14 10:00:00,95.51,130.56,150.35,5.76
C105,2026-08-14 11:00:00,89.15,146.23,128.76,3.03
C105,2026-08-14 12:00:00,86.32,129.97,172.49,2.7
C105,2026-08-14 13:00:00,86.93,136.87,166.85,3.67
C105,2026-08-14 14:00:00,85.63,115.69,144.73,3.17
C105,2026-08-14 15:00:00,76.69,122.11,141.16,3.39
C105,2026-08-14 16:00:00,72.9,148.53,140.99,4.26
C105,2026-08-14 17:00:00,69.69,141.29,153.01,3.64
C105,2026-08-14 18:00:00,78.95,135.43,96.84,3.34
C105,2026-08-14 19:00:00,81.17,123.43,195.1,3.73
C105,2026-08-14 20:00:00,88.93,146.74,162.07,3.46
C105,2026-08-14 21:00:00,73.01,133.95,179.61,4.44
C105,2026-08-14 22:00:00,90.63,156.1,165.07,3.12
C105,2026-08-14 23:00:00,82.36,141.44,145.52,5.2
M101,2026-08-01 00:00:00,75.53,24.01,38.69,3.33
M101,2026-08-01 01:00:00,77.49,0.7,37.05,2.21
M101,2026-08-01 02:00:00,73.15,10.46,63.21,4.02
M101,2026-08-01 03:00:00,79.92,4.79,43.23,2.12
M101,2026-08-01 04:00:00,74.97,27.77,62.86,3.58
M101,2026-08-01 05:00:00,84.81,23.12,40.8,3.9
M101,2026-08-01 06:00:00,82.35,13.71,51.82,2.96
M101,2026-08-01 07:00:00,61.94,25.28,21.7,3.46
M101,2026-08-01 08:00:00,65.25,11.36,37.2,4.16
M101,2026-08-01 09:00:00,72.27,7.1,51.56,3.03
M101,2026-08-01 10:00:00,81.53,7.86,48.8,5.18
M101,2026-08-01 11:00:00,74.33,22.24,15.1,2.52
M101,2026-08-01 12:00:00,79.22,16.04,56.06,3.54
M101,2026-08-01 13:00:00,66.77,32.18,22.63,2.59
M101,2026-08-01 14:00:00,77.61,38.8,26.93,3.32
M101,2026-08-01 15:00:00,77.09,27.89,66.31,2.88
M101,2026-08-01 16:00:00,83.08,35.96,77.11,3.6
M101,2026-08-01 17:00:00,77.1,14.3,18.74,2.98
M101,2026-08-01 18:00:00,76.79,18.69,55.76,2.04
M101,2026-08-01 19:00:00,74.73,43.94,62.92,3.69
M101,2026-08-01 20:00:00,78.73,15.61,13.43,3.57
M101,2026-08-01 21:00:00,58.86,16.09,44.93,2.84
M101,2026-08-01 22:00:00,91.2,41.89,63.59,2.46
M101,2026-08-01 23:00:00,89.45,27.43,28.04,3.23
M101,2026-08-02 00:00:00,82.71,12.81,47.53,3.45
M101,2026-08-02 01:00:00,68.29,16.76,26.54,3.89
M101,2026-08-02 02:00:00,69.64,23.5,19.98,2.29
M101,2026-08-02 03:00:00,67.73,16.53,48.25,3.49
M101,2026-08-02 04:00:00,63.59,17.98,31.49,3.63
M101,2026-08-02 05:00:00,74.13,19.03,31.59,4.58
M101,2026-08-02 06:00:00,67.01,15.2,46.94,3.0
M101,2026-08-02 07:00:00,70.65,0.0,32.55,2.43
M101,2026-08-02 08:00:00,87.75,47.18,44.09,2.08
M101,2026-08-02 09:00:00,81.17,8.23,35.11,2.7
M101,2026-08-02 10:00:00,72.5,15.74,21.36,2.64
M101,2026-08-02 11:00:00,83.14,19.6,47.26,1.41
M101,2026-08-02 12:00:00,82.63,11.77,65.23,3.32
M101,2026-08-02 13:00:00,72.07,0.0,84.15,3.84
M101,2026-08-02 14:00:00,82.04,41.83,49.03,4.28
M101,2026-08-02 15:00:00,72.65,28.85,33.66,2.8
M101,2026-08-02 16:00:00,76.68,4.79,50.93,2.95
M101,2026-08-02 17:00:00,62.09,14.51,38.79,3.88
M101,2026-08-02 18:00:00,78.0,37.37,54.36,2.76
M101,2026-08-02 19:00:00,75.59,15.82,53.78,3.25
M101,2026-08-02 20:00:00,71.6,20.1,53.3,2.39
M101,2026-08-02 21:00:00,78.22,1.06,64.9,3.62
M101,2026-08-02 22:00:00,87.4,6.6,65.4,3.95
M101,2026-08-02 23:00:00,74.72,15.48,25.47,2.12
M101,2026-08-03 00:00:00,70.74,4.93,73.72,2.0
M101,2026-08-03 01:00:00,77.04,25.23,51.43,3.56
M101,2026-08-03 02:00:00,82.62,14.65,46.58,2.97
M101,2026-08-03 03:00:00,85.12,45.2,23.51,1.58
M101,2026-08-03 04:00:00,79.98,32.84,80.23,3.79
M101,2026-08-03 05:00:00,85.77,39.92,71.37,3.9
M101,2026-08-03 06:00:00,67.02,19.9,50.4,3.12
M101,2026-08-03 07:00:00,75.73,38.81,31.38,3.84
M101,2026-08-03 08:00:00,78.22,9.71,25.62,1.84
M101,2026-08-03 09:00:00,79.4,19.24,30.14,1.7
M101,2026-08-03 10:00:00,79.03,17.92,32.15,2.43
M101,2026-08-03 11:00:00,74.33,25.64,39.06,2.25
M101,2026-08-03 12:00:00,75.59,32.55,45.72,3.25
M101,2026-08-03 13:00:00,73.72,9.32,28.39,1.87
M101,2026-08-03 14:00:00,84.27,25.55,46.48,3.44
M101,2026-08-03 15:00:00,78.38,11.19,39.15,2.82
M101,2026-08-03 16:00:00,93.58,32.24,48.02,4.29
M101,2026-08-03 17:00:00,84.68,3.43,40.99,3.19
M101,2026-08-03 18:00:00,80.28,17.31,43.23,2.83
M101,2026-08-03 19:00:00,83.34,2.68,37.31,1.73
M101,2026-08-03 20:00:00,68.79,23.81,51.05,2.95
M101,2026-08-03 21:00:00,83.87,36.25,43.75,3.4
M101,2026-08-03 22:00:00,72.83,27.52,23.51,4.64
M101,2026-08-03 23:00:00,83.98,5.61,30.8,3.54
M101,2026-08-04 00:00:00,73.63,26.54,38.53,4.42
M101,2026-08-04 01:00:00,76.06,49.05,55.85,2.12
M101,2026-08-04 02:00:00,90.61,33.18,51.84,3.72
M101,2026-08-04 03:00:00,67.68,0.0,44.25,4.3
M101,2026-08-04 04:00:00,78.77,40.51,68.78,3.22
M101,2026-08-04 05:00:00,84.29,38.27,43.56,3.03
M101,2026-08-04 06:00:00,76.98,0.0,50.05,3.78
M101,2026-08-04 07:00:00,77.01,24.14,44.22,1.6
M101,2026-08-04 08:00:00,87.64,15.59,33.88,4.29
M101,2026-08-04 09:00:00,82.85,23.28,58.85,2.28
M101,2026-08-04 10:00:00,75.43,35.54,32.81,2.4
M101,2026-08-04 11:00:00,76.55,21.22,56.66,2.1
M101,2026-08-04 12:00:00,58.15,31.05,25.51,2.71
M101,2026-08-04 13:00:00,60.72,32.27,51.31,3.45
M101,2026-08-04 14:00:00,78.12,0.0,27.27,2.84
M101,2026-08-04 15:00:00,70.76,16.74,49.43,4.01
M101,2026-08-04 16:00:00,65.64,19.89,57.81,2.46
M101,2026-08-04 17:00:00,74.65,25.6,45.2,3.74
M101,2026-08-04 18:00:00,76.66,16.26,23.89,3.4
M101,2026-08-04 19:00:00,76.7,8.09,55.48,4.21
M101,2026-08-04 20:00:00,71.38,11.27,31.25,1.86
M101,2026-08-04 21:00:00,90.03,14.61,29.55,2.3
M101,2026-08-04 22:00:00,73.28,11.66,70.89,2.2
M101,2026-08-04 23:00:00,65.23,26.62,43.07,3.02
M101,2026-08-05 00:00:00,79.92,21.64,44.16,2.08
M101,2026-08-05 01:00:00,64.32,11.59,25.48,3.42
M101,2026-08-05 02:00:00,63.41,14.63,41.88,3.17
M101,2026-08-05 03:00:00,78.79,16.08,32.99,4.2
M101,2026-08-05 04:00:00,73.76,37.03,39.15,3.19
M101,2026-08-05 05:00:00,75.03,22.77,37.44,3.28
M101,2026-08-05 06:00:00,86.72,32.59,64.0,2.13
M101,2026-08-05 07:00:00,67.74,22.61,58.87,2.78
M101,2026-08-05 08:00:00,71.12,36.73,57.35,4.05
M101,2026-08-05 09:00:00,72.91,13.76,62.08,2.99
M101,2026-08-05 10:00:00,71.72,9.04,35.8,3.9
M101,2026-08-05 11:00:00,65.43,27.55,32.25,3.03
M101,2026-08-05 12:00:00,74.98,17.35,39.83,2.84
M101,2026-08-05 13:00:00,72.0,35.84,45.45,3.1
M101,2026-08-05 14:00:00,71.49,15.1,33.46,3.81
M101,2026-08-05 15:00:00,70.72,0.0,46.05,2.98
M101,2026-08-05 16:00:00,71.9,30.94,0.0,4.46
M101,2026-08-05 17:00:00,83.38,12.46,36.89,3.6
M101,2026-08-05 18:00:00,79.72,12.39,15.9,4.89
M101,2026-08-05 19:00:00,82.69,21.88,48.16,3.7
M101,2026-08-05 20:00:00,81.19,0.0,38.68,2.84
M101,2026-08-05 21:00:00,74.87,29.25,12.78,2.12
M101,2026-08-05 22:00:00,71.23,21.85,59.98,4.51
M101,2026-08-05 23:00:00,74.0,29.97,57.78,3.63
M101,2026-08-06 00:00:00,75.83,15.21,25.82,2.29
M101,2026-08-06 01:00:00,78.43,19.35,37.52,3.73
M101,2026-08-06 02:00:00,74.6,173.26,40.2,3.86
M101,2026-08-06 03:00:00,68.84,22.51,44.0,2.59
M101,2026-08-06 04:00:00,73.95,1.14,46.97,2.11
M101,2026-08-06 05:00:00,83.51,18.9,34.71,4.13
M101,2026-08-06 06:00:00,68.78,11.03,12.07,4.25
M101,2026-08-06 07:00:00,89.11,0.0,30.32,3.26
M101,2026-08-06 08:00:00,72.39,19.62,42.88,3.53
M101,2026-08-06 09:00:00,69.27,22.31,24.91,2.87
M101,2026-08-06 10:00:00,63.84,15.15,34.69,3.95
M101,2026-08-06 11:00:00,75.59,21.47,44.6,1.5
M101,2026-08-06 12:00:00,62.02,16.18,50.01,3.01
M101,2026-08-06 13:00:00,69.95,17.12,39.11,3.82
M101,2026-08-06 14:00:00,81.06,13.36,44.1,3.42
M101,2026-08-06 15:00:00,78.97,39.83,44.49,4.13
M101,2026-08-06 16:00:00,67.88,12.35,6.56,3.32
M101,2026-08-06 17:00:00,80.53,0.0,48.39,3.68
M101,2026-08-06 18:00:00,79.83,5.65,58.92,3.21
M101,2026-08-06 19:00:00,80.14,18.49,51.86,4.09
M101,2026-08-06 20:00:00,74.57,23.41,67.5,3.09
M101,2026-08-06 21:00:00,68.12,28.11,70.83,4.23
M101,2026-08-06 22:00:00,81.0,0.0,33.56,2.73
M101,2026-08-06 23:00:00,76.31,40.26,25.55,4.99
M101,2026-08-07 00:00:00,73.32,10.8,60.21,3.94
M101,2026-08-07 01:00:00,80.55,10.77,54.04,2.37
M101,2026-08-07 02:00:00,70.42,18.86,30.24,4.04
M101,2026-08-07 03:00:00,71.95,17.35,29.16,4.03
M101,2026-08-07 04:00:00,71.34,33.7,64.23,2.84
M101,2026-08-07 05:00:00,76.21,14.32,54.82,3.04
M101,2026-08-07 06:00:00,73.08,20.55,16.52,3.14
M101,2026-08-07 07:00:00,80.55,21.66,62.13,2.9
M101,2026-08-07 08:00:00,72.78,6.59,37.7,4.77
M101,2026-08-07 09:00:00,77.93,12.97,26.89,1.92
M101,2026-08-07 10:00:00,70.19,29.11,37.31,2.43
M101,2026-08-07 11:00:00,70.06,27.79,43.54,2.7
M101,2026-08-07 12:00:00,73.84,46.47,66.95,4.37
M101,2026-08-07 13:00:00,63.74,18.19,33.39,3.64
M101,2026-08-07 14:00:00,83.42,23.92,29.3,2.67
M101,2026-08-07 15:00:00,80.34,28.64,47.54,3.3
M101,2026-08-07 16:00:00,76.35,23.23,57.89,3.7
M101,2026-08-07 17:00:00,76.17,19.41,43.43,2.58
M101,2026-08-07 18:00:00,70.45,26.53,32.17,3.85
M101,2026-08-07 19:00:00,75.64,29.84,56.47,3.87
M101,2026-08-07 20:00:00,72.67,24.91,58.28,1.96
M101,2026-08-07 21:00:00,87.91,47.19,62.05,3.84
M101,2026-08-07 22:00:00,80.12,16.12,43.02,3.97
M101,2026-08-07 23:00:00,69.19,7.27,37.85,3.73
M101,2026-08-08 00:00:00,69.94,17.3,43.08,2.39
M101,2026-08-08 01:00:00,58.92,7.68,49.7,3.59
M101,2026-08-08 02:00:00,79.46,27.31,33.72,2.53
M101,2026-08-08 03:00:00,78.63,17.46,61.33,3.51
M101,2026-08-08 04:00:00,84.99,14.41,64.22,4.83
M101,2026-08-08 05:00:00,76.38,25.99,28.25,3.92
M101,2026-08-08 06:00:00,83.9,14.07,55.55,3.42
M101,2026-08-08 07:00:00,78.74,29.74,54.34,3.09
M101,2026-08-08 08:00:00,81.83,33.34,35.02,3.2
M101,2026-08-08 09:00:00,63.62,27.0,67.02,2.99
M101,2026-08-08 10:00:00,76.93,17.36,38.09,3.39
M101,2026-08-08 11:00:00,70.51,17.18,28.72,3.67
M101,2026-08-08 12:00:00,77.67,14.83,45.67,3.02
M101,2026-08-08 13:00:00,84.01,14.71,56.43,2.64
M101,2026-08-08 14:00:00,81.7,32.45,64.52,4.38
M101,2026-08-08 15:00:00,78.05,34.86,74.24,2.3
M101,2026-08-08 16:00:00,71.78,2.05,64.1,1.99
M101,2026-08-08 17:00:00,63.54,6.83,13.71,3.42
M101,2026-08-08 18:00:00,68.41,0.0,44.25,3.21
M101,2026-08-08 19:00:00,62.91,11.44,43.66,2.91
M101,2026-08-08 20:00:00,73.69,34.15,83.64,2.95
M101,2026-08-08 21:00:00,66.75,17.19,48.5,3.16
M101,2026-08-08 22:00:00,80.27,46.54,14.16,2.79
M101,2026-08-08 23:00:00,86.79,13.74,59.21,3.7
M101,2026-08-09 00:00:00,84.66,42.96,51.0,1.8
M101,2026-08-09 01:00:00,71.1,46.23,19.54,3.6
M101,2026-08-09 02:00:00,58.4,3.79,60.96,3.23
M101,2026-08-09 03:00:00,73.36,10.23,9.06,3.75
M101,2026-08-09 04:00:00,74.02,1.74,45.54,3.66
M101,2026-08-09 05:00:00,74.6,21.39,45.69,2.63
M101,2026-08-09 06:00:00,76.38,28.82,63.62,3.83
M101,2026-08-09 07:00:00,71.27,27.63,53.38,2.63
M101,2026-08-09 08:00:00,72.75,28.16,69.78,1.75
M101,2026-08-09 09:00:00,87.48,33.97,48.58,3.01
M101,2026-08-09 10:00:00,78.73,12.31,41.8,2.02
M101,2026-08-09 11:00:00,63.81,47.99,46.14,3.36
M101,2026-08-09 12:00:00,75.78,10.07,39.47,3.27
M101,2026-08-09 13:00:00,74.62,10.97,53.63,3.35
M101,2026-08-09 14:00:00,78.75,28.46,41.93,3.06
M101,2026-08-09 15:00:00,86.38,8.67,11.27,3.64
M101,2026-08-09 16:00:00,71.59,7.07,60.93,3.08
M101,2026-08-09 17:00:00,67.16,43.22,16.01,3.13
M101,2026-08-09 18:00:00,62.78,23.25,33.46,3.86
M101,2026-08-09 19:00:00,75.88,36.21,37.27,1.92
M101,2026-08-09 20:00:00,77.66,16.97,12.25,2.36
M101,2026-08-09 21:00:00,70.84,38.66,57.73,2.92
M101,2026-08-09 22:00:00,79.3,0.0,34.83,3.52
M101,2026-08-09 23:00:00,77.16,13.53,44.31,3.47
M101,2026-08-10 00:00:00,75.93,30.33,50.74,3.61
M101,2026-08-10 01:00:00,87.99,29.93,76.34,2.66
M101,2026-08-10 02:00:00,108.11,18.32,40.94,4.37
M101,2026-08-10 03:00:00,68.09,19.05,52.29,3.28
M101,2026-08-10 04:00:00,74.8,24.3,64.42,4.43
M101,2026-08-10 05:00:00,76.23,10.21,72.62,2.34
M101,2026-08-10 06:00:00,88.53,36.13,71.81,3.75
M101,2026-08-10 07:00:00,61.21,7.53,50.52,2.66
M101,2026-08-10 08:00:00,124.02,27.35,41.94,2.22
M101,2026-08-10 09:00:00,82.2,26.18,40.52,3.77
M101,2026-08-10 10:00:00,76.67,35.98,47.72,4.26
M101,2026-08-10 11:00:00,62.88,25.51,37.84,2.51
M101,2026-08-10 12:00:00,84.11,30.67,8.88,3.77
M101,2026-08-10 13:00:00,80.16,11.32,29.96,1.93
M101,2026-08-10 14:00:00,73.64,17.87,59.35,3.42
M101,2026-08-10 15:00:00,68.58,22.87,40.43,2.45
M101,2026-08-10 16:00:00,64.87,27.5,53.04,3.65
M101,2026-08-10 17:00:00,70.9,22.05,20.24,2.41
M101,2026-08-10 18:00:00,76.24,23.15,15.68,2.35
M101,2026-08-10 19:00:00,73.44,31.5,30.36,3.31
M101,2026-08-10 20:00:00,77.72,17.0,49.82,2.12
M101,2026-08-10 21:00:00,71.41,37.21,72.09,3.87
M101,2026-08-10 22:00:00,83.7,0.0,27.92,2.95
M101,2026-08-10 23:00:00,92.91,16.24,58.41,3.5
M101,2026-08-11 00:00:00,78.49,19.72,23.4,1.04
M101,2026-08-11 01:00:00,84.97,12.6,11.39,3.55
M101,2026-08-11 02:00:00,78.93,29.21,65.08,2.46
M101,2026-08-11 03:00:00,69.88,16.18,59.79,1.52
M101,2026-08-11 04:00:00,76.9,31.19,61.04,3.77
M101,2026-08-11 05:00:00,83.44,0.0,74.04,3.46
M101,2026-08-11 06:00:00,85.34,5.9,13.43,4.63
M101,2026-08-11 07:00:00,69.51,16.27,54.49,3.82
M101,2026-08-11 08:00:00,83.55,22.68,26.02,3.77
M101,2026-08-11 09:00:00,81.06,0.0,70.54,1.21
M101,2026-08-11 10:00:00,83.24,12.39,57.7,3.61
M101,2026-08-11 11:00:00,75.74,25.41,43.44,3.77
M101,2026-08-11 12:00:00,91.3,3.91,0.0,2.87
M101,2026-08-11 13:00:00,72.61,15.47,28.32,3.9
M101,2026-08-11 14:00:00,66.33,25.41,56.49,3.45
M101,2026-08-11 15:00:00,79.41,31.39,45.96,2.92
M101,2026-08-11 16:00:00,79.4,27.2,61.01,1.83
M101,2026-08-11 17:00:00,74.72,7.22,55.1,3.78
M101,2026-08-11 18:00:00,74.08,11.25,55.75,3.09
M101,2026-08-11 19:00:00,85.99,41.28,63.01,3.39
M101,2026-08-11 20:00:00,88.78,22.89,36.37,2.66
M101,2026-08-11 21:00:00,71.08,19.92,53.34,2.07
M101,2026-08-11 22:00:00,72.86,22.55,56.59,3.18
M101,2026-08-11 23:00:00,77.71,5.14,28.59,3.15
M101,2026-08-12 00:00:00,79.57,22.78,29.72,3.01
M101,2026-08-12 01:00:00,86.58,26.53,42.07,2.38
M101,2026-08-12 02:00:00,71.01,20.08,49.97,3.65
M101,2026-08-12 03:00:00,78.72,15.56,35.8,4.84
M101,2026-08-12 04:00:00,72.1,4.5,15.5,2.92
M101,2026-08-12 05:00:00,82.58,13.09,71.6,3.19
M101,2026-08-12 06:00:00,83.77,10.91,31.64,3.27
M101,2026-08-12 07:00:00,79.38,17.85,50.26,3.67
M101,2026-08-12 08:00:00,66.06,15.91,35.66,2.82
M101,2026-08-12 09:00:00,78.85,13.94,8.91,3.01
M101,2026-08-12 10:00:00,68.55,25.96,59.5,1.46
M101,2026-08-12 11:00:00,70.58,24.24,19.64,3.83
M101,2026-08-12 12:00:00,83.35,18.06,31.07,1.35
M101,2026-08-12 13:00:00,81.7,44.03,77.32,3.04
M101,2026-08-12 14:00:00,68.35,30.05,42.72,3.58
M101,2026-08-12 15:00:00,78.12,21.12,63.51,4.05
M101,2026-08-12 16:00:00,72.34,8.92,0.02,2.92
M101,2026-08-12 17:00:00,68.35,25.03,38.95,3.02
M101,2026-08-12 18:00:00,81.68,24.77,42.9,4.55
M101,2026-08-12 19:00:00,81.17,15.01,38.32,3.83
M101,2026-08-12 20:00:00,77.42,6.55,61.1,4.21
M101,2026-08-12 21:00:00,84.27,38.51,82.25,4.58
M101,2026-08-12 22:00:00,78.38,17.5,12.07,3.21
M101,2026-08-12 23:00:00,79.63,20.52,11.01,2.97
M101,2026-08-13 00:00:00,80.52,7.69,47.98,3.55
M101,2026-08-13 01:00:00,83.83,40.55,38.2,3.35
M101,2026-08-13 02:00:00,77.51,27.79,54.67,4.34
M101,2026-08-13 03:00:00,59.68,25.02,53.77,3.01
M101,2026-08-13 04:00:00,60.15,19.27,32.21,4.54
M101,2026-08-13 05:00:00,78.63,10.45,8.05,3.67
M101,2026-08-13 06:00:00,80.87,17.41,55.87,2.92
M101,2026-08-13 07:00:00,83.47,31.91,15.5,2.08
M101,2026-08-13 08:00:00,90.22,31.19,22.28,1.94
M101,2026-08-13 09:00:00,77.45,157.68,39.3,3.16
M101,2026-08-13 10:00:00,75.37,33.52,78.03,2.82
M101,2026-08-13 11:00:00,68.09,24.67,74.37,2.88
M101,2026-08-13 12:00:00,81.95,9.95,45.38,2.27
M101,2026-08-13 13:00:00,76.08,18.6,55.95,4.62
M101,2026-08-13 14:00:00,73.28,0.0,41.36,3.44
M101,2026-08-13 15:00:00,77.41,18.11,71.78,3.31
M101,2026-08-13 16:00:00,75.27,10.67,13.56,3.46
M101,2026-08-13 17:00:00,77.72,7.29,44.2,3.08
M101,2026-08-13 18:00:00,71.63,10.48,52.29,3.02
M101,2026-08-13 19:00:00,71.86,9.66,42.66,3.94
M101,2026-08-13 20:00:00,77.45,17.15,50.55,4.29
M101,2026-08-13 21:00:00,79.43,23.12,56.49,3.07
M101,2026-08-13 22:00:00,77.29,14.13,17.09,3.47
M101,2026-08-13 23:00:00,78.43,16.55,63.64,2.62
M101,2026-08-14 00:00:00,63.6,11.63,17.26,3.47
M101,2026-08-14 01:00:00,70.74,31.82,62.35,2.46
M101,2026-08-14 02:00:00,70.34,26.41,62.64,1.59
M101,2026-08-14 03:00:00,77.97,0.0,35.13,4.07
M101,2026-08-14 04:00:00,97.07,17.13,22.55,2.79
M101,2026-08-14 05:00:00,76.46,11.96,28.35,2.86
M101,2026-08-14 06:00:00,78.77,17.97,29.13,2.66
M101,2026-08-14 07:00:00,73.1,8.01,32.27,3.71
M101,2026-08-14 08:00:00,74.39,0.0,63.45,3.53
M101,2026-08-14 09:00:00,66.32,15.62,30.74,3.74
M101,2026-08-14 10:00:00,73.4,19.13,41.59,2.02
M101,2026-08-14 11:00:00,85.84,27.95,31.55,3.35
M101,2026-08-14 12:00:00,82.82,20.67,73.02,5.53
M101,2026-08-14 13:00:00,75.12,13.01,27.19,1.43
M101,2026-08-14 14:00:00,84.74,15.76,60.76,4.06
M101,2026-08-14 15:00:00,68.43,8.83,76.4,3.14
M101,2026-08-14 16:00:00,71.38,7.46,42.45,4.41
M101,2026-08-14 17:00:00,80.8,22.18,73.59,4.32
M101,2026-08-14 18:00:00,78.34,53.31,40.55,4.08
M101,2026-08-14 19:00:00,73.25,30.83,40.53,3.57
M101,2026-08-14 20:00:00,92.73,31.42,53.58,2.58
M101,2026-08-14 21:00:00,77.32,7.9,60.97,3.89
M101,2026-08-14 22:00:00,74.74,39.96,72.41,3.32
M101,2026-08-14 23:00:00,79.96,12.94,40.1,2.34
M102,2026-08-01 00:00:00,72.65,18.75,15.11,3.66
M102,2026-08-01 01:00:00,83.15,19.9,0.0,3.0
M102,2026-08-01 02:00:00,66.25,12.68,71.13,1.25
M102,2026-08-01 03:00:00,70.29,29.95,32.37,2.58
M102,2026-08-01 04:00:00,90.23,24.54,61.82,3.6
M102,2026-08-01 05:00:00,77.13,35.17,79.3,1.85
M102,2026-08-01 06:00:00,75.75,19.48,37.27,3.98
M102,2026-08-01 07:00:00,77.8,43.11,64.8,4.29
M102,2026-08-01 08:00:00,67.61,10.33,31.97,4.26
M102,2026-08-01 09:00:00,69.23,8.74,24.82,5.4
M102,2026-08-01 10:00:00,75.0,26.36,24.47,3.97
M102,2026-08-01 11:00:00,63.58,8.25,31.84,3.38
M102,2026-08-01 12:00:00,70.45,38.29,54.06,2.65
M102,2026-08-01 13:00:00,82.98,15.28,34.37,3.92
M102,2026-08-01 14:00:00,58.83,28.82,32.16,2.63
M102,2026-08-01 15:00:00,89.71,13.63,62.21,3.42
M102,2026-08-01 16:00:00,78.68,16.99,39.55,4.42
M102,2026-08-01 17:00:00,82.51,14.0,26.17,2.73
M102,2026-08-01 18:00:00,82.87,34.14,54.99,1.91
M102,2026-08-01 19:00:00,81.28,35.64,48.12,4.78
M102,2026-08-01 20:00:00,116.64,28.22,26.64,4.05
M102,2026-08-01 21:00:00,80.29,41.62,53.99,2.88
M102,2026-08-01 22:00:00,72.56,17.0,35.81,4.28
M102,2026-08-01 23:00:00,84.93,2.04,45.69,3.25
M102,2026-08-02 00:00:00,70.53,25.26,71.3,3.91
M102,2026-08-02 01:00:00,85.43,11.38,45.66,2.59
M102,2026-08-02 02:00:00,77.68,23.95,62.28,4.25
M102,2026-08-02 03:00:00,80.82,9.68,20.66,3.62
M102,2026-08-02 04:00:00,86.5,19.7,17.51,4.87
M102,2026-08-02 05:00:00,79.43,22.05,23.98,3.21
M102,2026-08-02 06:00:00,80.81,26.04,32.76,3.15
M102,2026-08-02 07:00:00,71.69,39.97,61.11,2.78
M102,2026-08-02 08:00:00,67.82,23.33,36.13,2.87
M102,2026-08-02 09:00:00,68.05,7.86,47.93,2.99
M102,2026-08-02 10:00:00,93.48,27.13,24.27,1.97
M102,2026-08-02 11:00:00,78.79,15.24,68.97,3.43
M102,2026-08-02 12:00:00,62.12,7.77,32.84,3.55
M102,2026-08-02 13:00:00,68.63,21.83,20.95,3.2
M102,2026-08-02 14:00:00,78.59,37.54,49.42,2.55
M102,2026-08-02 15:00:00,86.45,17.8,58.92,2.71
M102,2026-08-02 16:00:00,76.64,10.38,50.8,3.84
M102,2026-08-02 17:00:00,72.54,13.39,51.42,2.54
M102,2026-08-02 18:00:00,65.37,24.24,43.06,3.1
M102,2026-08-02 19:00:00,79.65,27.93,42.1,2.3
M102,2026-08-02 20:00:00,71.53,27.02,47.46,2.76
M102,2026-08-02 21:00:00,70.51,27.41,41.01,3.8
M102,2026-08-02 22:00:00,82.16,16.25,62.09,3.31
M102,2026-08-02 23:00:00,77.87,0.0,27.52,2.47
M102,2026-08-03 00:00:00,73.77,21.37,47.79,3.43
M102,2026-08-03 01:00:00,71.21,28.3,77.57,2.92
M102,2026-08-03 02:00:00,71.35,11.78,46.54,2.78
M102,2026-08-03 03:00:00,63.89,2.52,63.36,4.23
M102,2026-08-03 04:00:00,87.2,22.72,27.16,2.85
M102,2026-08-03 05:00:00,65.56,1.64,49.59,3.63
M102,2026-08-03 06:00:00,89.71,19.0,20.56,3.1
M102,2026-08-03 07:00:00,74.02,14.11,51.19,2.23
M102,2026-08-03 08:00:00,76.92,27.82,70.56,3.45
M102,2026-08-03 09:00:00,83.3,14.67,39.52,4.28
M102,2026-08-03 10:00:00,66.4,15.16,65.31,3.03
M102,2026-08-03 11:00:00,74.0,16.82,47.11,4.07
M102,2026-08-03 12:00:00,82.47,20.14,64.66,3.47
M102,2026-08-03 13:00:00,82.01,7.66,76.29,3.38
M102,2026-08-03 14:00:00,56.76,39.91,45.09,2.88
M102,2026-08-03 15:00:00,71.76,25.27,29.01,2.74
M102,2026-08-03 16:00:00,72.13,16.49,35.73,3.88
M102,2026-08-03 17:00:00,77.9,24.72,55.99,3.13
M102,2026-08-03 18:00:00,68.86,41.66,61.7,4.49
M102,2026-08-03 19:00:00,83.24,14.48,2.74,2.22
M102,2026-08-03 20:00:00,80.46,18.78,37.44,1.2
M102,2026-08-03 21:00:00,75.91,7.02,31.96,3.88
M102,2026-08-03 22:00:00,68.8,8.8,48.34,3.9
M102,2026-08-03 23:00:00,73.18,37.61,21.98,2.04
M102,2026-08-04 00:00:00,65.22,0.17,51.06,2.42
M102,2026-08-04 01:00:00,66.13,24.56,59.83,4.04
M102,2026-08-04 02:00:00,82.13,8.98,49.97,3.6
M102,2026-08-04 03:00:00,72.68,21.98,22.47,2.7
M102,2026-08-04 04:00:00,78.6,38.09,65.73,3.73
M102,2026-08-04 05:00:00,76.56,19.1,18.94,2.53
M102,2026-08-04 06:00:00,70.38,26.9,62.01,3.79
M102,2026-08-04 07:00:00,84.28,20.87,27.31,3.16
M102,2026-08-04 08:00:00,70.93,27.89,38.54,3.12
M102,2026-08-04 09:00:00,80.86,11.11,62.35,2.12
M102,2026-08-04 10:00:00,78.15,18.91,59.89,2.1
M102,2026-08-04 11:00:00,65.28,29.0,37.96,3.13
M102,2026-08-04 12:00:00,71.38,30.95,50.39,3.39
M102,2026-08-04 13:00:00,67.81,26.02,27.14,2.67
M102,2026-08-04 14:00:00,66.44,18.12,64.16,3.38
M102,2026-08-04 15:00:00,72.91,21.31,46.87,3.25
M102,2026-08-04 16:00:00,77.24,7.52,46.92,1.8
M102,2026-08-04 17:00:00,80.03,6.77,66.2,1.24
M102,2026-08-04 18:00:00,87.72,0.33,23.4,3.44
M102,2026-08-04 19:00:00,80.33,16.6,61.07,2.56
M102,2026-08-04 20:00:00,73.2,16.38,35.31,1.65
M102,2026-08-04 21:00:00,75.83,18.62,64.41,2.17
M102,2026-08-04 22:00:00,71.52,34.44,50.28,3.64
M102,2026-08-04 23:00:00,79.17,25.49,77.78,3.27
M102,2026-08-05 00:00:00,68.92,27.67,34.8,3.11
M102,2026-08-05 01:00:00,78.59,10.14,35.81,3.58
M102,2026-08-05 02:00:00,72.16,31.68,27.25,2.41
M102,2026-08-05 03:00:00,89.34,1.64,44.52,4.68
M102,2026-08-05 04:00:00,75.8,36.16,56.74,3.19
M102,2026-08-05 05:00:00,75.09,0.0,39.26,3.39
M102,2026-08-05 06:00:00,77.62,49.59,50.06,3.7
M102,2026-08-05 07:00:00,84.15,26.49,43.45,3.14
M102,2026-08-05 08:00:00,73.55,25.33,41.93,3.7
M102,2026-08-05 09:00:00,68.94,21.76,72.94,3.02
M102,2026-08-05 10:00:00,88.9,21.96,43.98,3.29
M102,2026-08-05 11:00:00,73.82,0.0,60.84,4.95
M102,2026-08-05 12:00:00,79.36,26.5,41.71,4.13
M102,2026-08-05 13:00:00,75.73,23.21,16.83,2.78
M102,2026-08-05 14:00:00,78.57,30.89,61.83,1.94
M102,2026-08-05 15:00:00,65.66,27.01,31.56,9.48
M102,2026-08-05 16:00:00,64.59,18.82,44.38,3.58
M102,2026-08-05 17:00:00,68.78,0.0,48.08,3.62
M102,2026-08-05 18:00:00,83.05,15.7,58.96,3.59
M102,2026-08-05 19:00:00,85.26,19.34,13.86,3.15
M102,2026-08-05 20:00:00,76.62,26.22,17.41,2.95
M102,2026-08-05 21:00:00,82.08,18.75,39.5,4.73
M102,2026-08-05 22:00:00,68.51,34.8,63.38,3.02
M102,2026-08-05 23:00:00,75.77,19.56,48.28,2.72
M102,2026-08-06 00:00:00,73.0,15.74,39.18,2.95
M102,2026-08-06 01:00:00,60.31,21.17,35.51,1.71
M102,2026-08-06 02:00:00,73.55,15.43,67.95,2.77
M102,2026-08-06 03:00:00,80.67,36.59,33.69,3.16
M102,2026-08-06 04:00:00,88.1,22.75,51.73,2.87
M102,2026-08-06 05:00:00,80.81,19.52,12.02,2.92
M102,2026-08-06 06:00:00,67.72,21.35,28.5,3.58
M102,2026-08-06 07:00:00,76.31,5.02,36.13,3.7
M102,2026-08-06 08:00:00,84.04,9.17,25.25,4.76
M102,2026-08-06 09:00:00,75.93,21.1,31.69,3.37
M102,2026-08-06 10:00:00,88.01,23.05,64.17,3.22
M102,2026-08-06 11:00:00,68.82,11.8,24.88,11.55
M102,2026-08-06 12:00:00,84.57,21.93,39.46,2.57
M102,2026-08-06 13:00:00,78.49,5.14,24.59,3.92
M102,2026-08-06 14:00:00,74.06,16.43,41.96,3.78
M102,2026-08-06 15:00:00,77.16,11.08,32.27,3.04
M102,2026-08-06 16:00:00,78.12,19.57,42.76,3.24
M102,2026-08-06 17:00:00,75.75,10.64,64.93,2.81
M102,2026-08-06 18:00:00,76.9,0.0,41.13,2.32
M102,2026-08-06 19:00:00,69.15,49.07,49.49,4.18
M102,2026-08-06 20:00:00,81.99,31.8,41.42,4.49
M102,2026-08-06 21:00:00,81.93,20.5,49.74,3.09
M102,2026-08-06 22:00:00,76.37,19.48,51.87,4.59
M102,2026-08-06 23:00:00,67.56,33.71,38.37,4.22
M102,2026-08-07 00:00:00,73.67,24.95,42.14,1.82
M102,2026-08-07 01:00:00,88.17,8.69,46.51,2.36
M102,2026-08-07 02:00:00,66.64,17.54,34.32,2.26
M102,2026-08-07 03:00:00,75.75,2.22,47.26,3.1
M102,2026-08-07 04:00:00,58.64,13.72,53.43,2.35
M102,2026-08-07 05:00:00,79.58,25.19,26.68,3.19
M102,2026-08-07 06:00:00,81.77,9.48,41.3,4.12
M102,2026-08-07 07:00:00,70.0,25.51,25.57,3.07
M102,2026-08-07 08:00:00,79.13,0.0,35.38,3.54
M102,2026-08-07 09:00:00,77.58,13.73,25.12,3.7
M102,2026-08-07 10:00:00,73.74,26.54,51.84,2.84
M102,2026-08-07 11:00:00,83.51,12.87,66.43,4.26
M102,2026-08-07 12:00:00,83.35,17.83,90.85,3.32
M102,2026-08-07 13:00:00,77.69,19.74,24.66,4.24
M102,2026-08-07 14:00:00,71.99,31.04,65.87,3.68
M102,2026-08-07 15:00:00,71.16,15.91,0.0,3.11
M102,2026-08-07 16:00:00,81.62,17.15,34.38,2.96
M102,2026-08-07 17:00:00,84.51,19.35,78.44,2.74
M102,2026-08-07 18:00:00,77.52,14.8,82.34,3.34
M102,2026-08-07 19:00:00,90.9,14.96,72.5,3.29
M102,2026-08-07 20:00:00,81.86,5.36,51.27,2.34
M102,2026-08-07 21:00:00,77.8,1.78,43.31,4.08
M102,2026-08-07 22:00:00,79.83,5.19,10.83,3.6
M102,2026-08-07 23:00:00,87.07,8.43,82.75,3.19
M102,2026-08-08 00:00:00,62.29,1.27,58.86,3.3
M102,2026-08-08 01:00:00,86.38,5.62,47.13,3.21
M102,2026-08-08 02:00:00,75.0,15.41,38.47,3.34
M102,2026-08-08 03:00:00,78.12,,66.71,2.24
M102,2026-08-08 04:00:00,63.32,32.2,28.02,2.9
M102,2026-08-08 05:00:00,71.72,12.4,18.75,2.74
M102,2026-08-08 06:00:00,80.55,19.95,54.08,2.8
M102,2026-08-08 07:00:00,82.32,13.9,7.05,3.45
M102,2026-08-08 08:00:00,81.37,13.29,66.59,2.52
M102,2026-08-08 09:00:00,80.7,40.94,45.66,3.02
M102,2026-08-08 10:00:00,75.26,39.54,52.25,4.92
M102,2026-08-08 11:00:00,77.95,12.15,34.5,3.25
M102,2026-08-08 12:00:00,61.71,14.3,36.85,3.39
M102,2026-08-08 13:00:00,89.59,20.66,10.39,2.47
M102,2026-08-08 14:00:00,77.84,21.12,74.24,3.97
M102,2026-08-08 15:00:00,82.51,17.39,64.78,2.48
M102,2026-08-08 16:00:00,82.78,16.61,18.94,3.67
M102,2026-08-08 17:00:00,85.78,15.12,73.13,1.88
M102,2026-08-08 18:00:00,67.62,18.24,38.33,2.67
M102,2026-08-08 19:00:00,76.94,13.66,38.54,3.42
M102,2026-08-08 20:00:00,71.33,18.73,33.38,2.24
M102,2026-08-08 21:00:00,81.35,40.49,64.16,3.47
M102,2026-08-08 22:00:00,71.51,16.56,64.03,1.37
M102,2026-08-08 23:00:00,73.46,28.81,24.51,3.54
M102,2026-08-09 00:00:00,78.64,2.55,46.57,2.71
M102,2026-08-09 01:00:00,78.91,28.04,52.18,3.26
M102,2026-08-09 02:00:00,78.02,5.89,44.45,2.56
M102,2026-08-09 03:00:00,83.22,28.2,57.25,4.57
M102,2026-08-09 04:00:00,73.69,13.41,38.64,1.92
M102,2026-08-09 05:00:00,65.33,27.45,19.89,2.34
M102,2026-08-09 06:00:00,75.29,15.05,60.94,3.25
M102,2026-08-09 07:00:00,70.41,31.66,58.12,2.07
M102,2026-08-09 08:00:00,77.77,11.42,31.65,4.7
M102,2026-08-09 09:00:00,76.87,17.39,46.53,3.9
M102,2026-08-09 10:00:00,71.09,13.63,56.82,1.99
M102,2026-08-09 11:00:00,82.94,0.74,40.58,1.92
M102,2026-08-09 12:00:00,68.61,35.57,63.8,4.12
M102,2026-08-09 13:00:00,65.86,7.39,51.12,3.77
M102,2026-08-09 14:00:00,70.4,13.05,24.64,4.53
M102,2026-08-09 15:00:00,72.68,20.38,46.51,4.08
M102,2026-08-09 16:00:00,69.33,34.02,21.98,4.13
M102,2026-08-09 17:00:00,63.99,18.75,74.26,3.76
M102,2026-08-09 18:00:00,78.95,7.42,31.77,4.28
M102,2026-08-09 19:00:00,79.31,30.68,46.33,2.97
M102,2026-08-09 20:00:00,81.37,23.11,41.94,2.07
M102,2026-08-09 21:00:00,82.68,25.28,34.09,4.14
M102,2026-08-09 22:00:00,77.71,23.16,60.91,3.73
M102,2026-08-09 23:00:00,78.06,17.74,80.71,2.61
M102,2026-08-10 00:00:00,81.22,18.99,53.18,4.19
M102,2026-08-10 01:00:00,73.82,27.22,49.78,2.69
M102,2026-08-10 02:00:00,84.81,28.53,37.18,4.08
M102,2026-08-10 03:00:00,70.18,19.65,37.27,3.8
M102,2026-08-10 04:00:00,72.64,29.1,55.7,2.9
M102,2026-08-10 05:00:00,88.81,11.06,19.64,3.88
M102,2026-08-10 06:00:00,60.95,37.9,46.83,2.06
M102,2026-08-10 07:00:00,69.36,0.39,51.89,2.14
M102,2026-08-10 08:00:00,79.51,16.34,36.44,3.61
M102,2026-08-10 09:00:00,80.36,33.75,33.59,3.18
M102,2026-08-10 10:00:00,71.55,21.96,30.99,2.86
M102,2026-08-10 11:00:00,73.07,23.52,45.05,3.61
M102,2026-08-10 12:00:00,75.25,13.04,48.44,2.47
M102,2026-08-10 13:00:00,79.98,16.57,48.68,3.38
M102,2026-08-10 14:00:00,87.21,24.58,46.32,2.65
M102,2026-08-10 15:00:00,81.62,16.76,17.54,3.04
M102,2026-08-10 16:00:00,77.34,10.18,42.87,3.14
M102,2026-08-10 17:00:00,75.61,34.82,21.39,4.83
M102,2026-08-10 18:00:00,75.77,26.96,47.3,1.82
M102,2026-08-10 19:00:00,68.6,13.71,62.89,2.09
M102,2026-08-10 20:00:00,70.01,21.98,53.51,3.55
M102,2026-08-10 21:00:00,69.11,0.82,54.7,4.35
M102,2026-08-10 22:00:00,73.58,6.26,37.26,3.52
M102,2026-08-10 23:00:00,74.37,36.89,61.65,3.35
M102,2026-08-11 00:00:00,62.32,11.69,35.14,2.6
M102,2026-08-11 01:00:00,77.34,22.54,14.87,3.84
M102,2026-08-11 02:00:00,76.11,24.29,58.41,2.59
M102,2026-08-11 03:00:00,84.81,18.3,72.23,2.48
M102,2026-08-11 04:00:00,86.07,9.15,90.88,2.44
M102,2026-08-11 05:00:00,83.4,15.65,57.87,3.17
M102,2026-08-11 06:00:00,68.36,0.0,90.14,3.26
M102,2026-08-11 07:00:00,55.4,23.63,57.41,2.63
M102,2026-08-11 08:00:00,71.04,19.76,66.65,3.28
M102,2026-08-11 09:00:00,86.24,33.57,40.88,1.94
M102,2026-08-11 10:00:00,74.41,26.32,46.08,3.71
M102,2026-08-11 11:00:00,82.04,26.37,40.04,3.62
M102,2026-08-11 12:00:00,91.65,2.12,53.77,4.67
M102,2026-08-11 13:00:00,67.78,32.01,65.42,2.02
M102,2026-08-11 14:00:00,80.99,16.74,43.91,2.94
M102,2026-08-11 15:00:00,85.19,18.65,36.66,2.84
M102,2026-08-11 16:00:00,73.61,7.05,36.5,3.29
M102,2026-08-11 17:00:00,78.83,34.45,49.34,2.82
M102,2026-08-11 18:00:00,68.92,23.53,42.89,3.13
M102,2026-08-11 19:00:00,77.84,26.23,49.86,3.06
M102,2026-08-11 20:00:00,70.39,12.65,60.27,2.86
M102,2026-08-11 21:00:00,66.58,33.91,28.04,3.23
M102,2026-08-11 22:00:00,79.44,20.04,0.39,3.51
M102,2026-08-11 23:00:00,85.29,29.44,6.77,4.9
M102,2026-08-12 00:00:00,66.72,7.06,59.07,3.56
M102,2026-08-12 01:00:00,76.56,13.17,68.96,3.17
M102,2026-08-12 02:00:00,65.04,34.79,48.95,4.09
M102,2026-08-12 03:00:00,80.01,48.7,39.42,3.21
M102,2026-08-12 04:00:00,81.04,16.35,59.45,0.84
M102,2026-08-12 05:00:00,75.49,18.76,42.49,2.5
M102,2026-08-12 06:00:00,82.34,13.95,48.6,3.17
M102,2026-08-12 07:00:00,79.5,37.17,48.51,3.87
M102,2026-08-12 08:00:00,77.01,13.93,42.45,2.97
M102,2026-08-12 09:00:00,79.98,21.28,30.7,3.02
M102,2026-08-12 10:00:00,65.32,17.78,45.02,4.65
M102,2026-08-12 11:00:00,85.44,7.59,48.63,3.38
M102,2026-08-12 12:00:00,74.39,18.0,38.63,4.7
M102,2026-08-12 13:00:00,73.09,24.09,0.0,3.86
M102,2026-08-12 14:00:00,84.29,7.38,35.79,3.56
M102,2026-08-12 15:00:00,76.14,25.6,39.83,4.69
M102,2026-08-12 16:00:00,71.31,52.3,67.35,3.87
M102,2026-08-12 17:00:00,68.72,30.92,55.87,1.5
M102,2026-08-12 18:00:00,66.17,24.29,42.6,2.79
M102,2026-08-12 19:00:00,83.55,9.39,36.81,2.68
M102,2026-08-12 20:00:00,79.57,0.0,36.04,1.82
M102,2026-08-12 21:00:00,73.81,28.68,58.34,2.62
M102,2026-08-12 22:00:00,79.73,17.78,69.5,3.1
M102,2026-08-12 23:00:00,55.19,30.74,36.74,2.98
M102,2026-08-13 00:00:00,78.35,2.9,46.34,3.63
M102,2026-08-13 01:00:00,78.55,12.81,62.85,2.4
M102,2026-08-13 02:00:00,71.62,18.37,50.32,2.94
M102,2026-08-13 03:00:00,84.6,23.54,46.36,3.41
M102,2026-08-13 04:00:00,81.13,22.89,12.43,4.07
M102,2026-08-13 05:00:00,76.84,28.22,37.69,1.74
M102,2026-08-13 06:00:00,60.05,8.67,54.31,4.24
M102,2026-08-13 07:00:00,78.11,7.37,30.89,4.29
M102,2026-08-13 08:00:00,66.82,45.22,78.77,4.91
M102,2026-08-13 09:00:00,78.66,15.9,51.41,3.93
M102,2026-08-13 10:00:00,71.44,6.79,39.89,2.58
M102,2026-08-13 11:00:00,84.69,12.6,46.72,3.99
M102,2026-08-13 12:00:00,84.96,22.5,51.92,2.39
M102,2026-08-13 13:00:00,83.16,35.16,11.33,4.61
M102,2026-08-13 14:00:00,71.1,27.14,46.4,3.15
M102,2026-08-13 15:00:00,74.55,8.09,54.43,2.97
M102,2026-08-13 16:00:00,66.83,7.58,21.74,2.78
M102,2026-08-13 17:00:00,79.4,11.47,62.56,3.1
M102,2026-08-13 18:00:00,73.97,20.2,70.11,2.1
M102,2026-08-13 19:00:00,87.59,31.52,44.61,4.15
M102,2026-08-13 20:00:00,73.74,23.43,35.25,3.97
M102,2026-08-13 21:00:00,71.05,19.38,57.22,4.04
M102,2026-08-13 22:00:00,70.25,29.04,27.32,1.48
M102,2026-08-13 23:00:00,70.76,30.02,44.78,2.77
M102,2026-08-14 00:00:00,76.39,20.27,56.19,1.91
M102,2026-08-14 01:00:00,75.28,21.49,20.42,2.1
M102,2026-08-14 02:00:00,73.45,20.1,45.22,2.75
M102,2026-08-14 03:00:00,71.82,15.26,50.37,4.2
M102,2026-08-14 04:00:00,60.46,27.48,43.0,3.62
M102,2026-08-14 05:00:00,84.3,10.94,62.0,2.2
M102,2026-08-14 06:00:00,76.89,17.09,45.83,2.41
M102,2026-08-14 07:00:00,79.06,39.04,27.51,3.35
M102,2026-08-14 08:00:00,81.99,16.44,69.49,2.86
M102,2026-08-14 09:00:00,75.19,8.08,47.28,3.2
M102,2026-08-14 10:00:00,80.45,12.37,32.72,3.57
M102,2026-08-14 11:00:00,85.78,27.55,78.25,3.64
M102,2026-08-14 12:00:00,79.64,28.15,71.79,4.19
M102,2026-08-14 13:00:00,68.41,29.61,49.78,3.04
M102,2026-08-14 14:00:00,63.59,1.52,38.44,2.03
M102,2026-08-14 15:00:00,73.59,28.57,34.54,3.27
M102,2026-08-14 16:00:00,68.51,23.59,54.15,2.06
M102,2026-08-14 17:00:00,70.74,4.79,54.17,3.33
M102,2026-08-14 18:00:00,75.65,18.46,50.81,3.47
M102,2026-08-14 19:00:00,72.53,12.37,43.94,3.05
M102,2026-08-14 20:00:00,90.42,15.39,50.21,3.57
M102,2026-08-14 21:00:00,85.8,10.27,69.11,3.08
M102,2026-08-14 22:00:00,93.51,24.35,22.88,3.04
M102,2026-08-14 23:00:00,85.35,20.98,43.93,3.78
M103,2026-08-01 00:00:00,73.59,17.47,28.0,4.58
M103,2026-08-01 01:00:00,67.44,22.03,53.64,3.19
M103,2026-08-01 02:00:00,67.22,8.01,54.41,2.58
M103,2026-08-01 03:00:00,61.5,24.64,29.3,3.7
M103,2026-08-01 04:00:00,74.59,17.0,45.94,2.29
M103,2026-08-01 05:00:00,70.22,16.88,24.4,3.77
M103,2026-08-01 06:00:00,73.85,2.61,34.94,3.28
M103,2026-08-01 07:00:00,72.88,24.8,55.33,5.12
M103,2026-08-01 08:00:00,84.05,0.36,38.52,2.99
M103,2026-08-01 09:00:00,80.03,8.8,35.44,2.2
M103,2026-08-01 10:00:00,71.78,13.22,39.37,2.25
M103,2026-08-01 11:00:00,82.87,25.67,18.92,3.22
M103,2026-08-01 12:00:00,65.04,36.11,74.05,3.16
M103,2026-08-01 13:00:00,70.03,12.03,36.83,3.11
M103,2026-08-01 14:00:00,85.59,31.47,62.48,3.34
M103,2026-08-01 15:00:00,67.92,10.76,46.09,2.24
M103,2026-08-01 16:00:00,78.13,29.66,54.82,3.6
M103,2026-08-01 17:00:00,62.94,36.0,16.79,3.08
M103,2026-08-01 18:00:00,80.33,24.3,22.0,2.32
M103,2026-08-01 19:00:00,78.01,26.13,25.07,3.51
M103,2026-08-01 20:00:00,65.39,27.49,29.09,3.26
M103,2026-08-01 21:00:00,75.39,33.93,49.36,2.72
M103,2026-08-01 22:00:00,78.52,45.71,58.32,3.15
M103,2026-08-01 23:00:00,70.16,12.6,57.24,2.49
M103,2026-08-02 00:00:00,76.02,37.25,47.71,2.34
M103,2026-08-02 01:00:00,91.24,41.15,54.02,4.22
M103,2026-08-02 02:00:00,74.13,28.69,37.38,2.12
M103,2026-08-02 03:00:00,94.14,3.12,50.36,3.43
M103,2026-08-02 04:00:00,79.61,18.92,43.57,3.31
M103,2026-08-02 05:00:00,79.36,19.98,43.77,2.14
M103,2026-08-02 06:00:00,90.1,26.43,48.76,2.7
M103,2026-08-02 07:00:00,68.97,30.32,42.12,3.7
M103,2026-08-02 08:00:00,66.53,38.56,61.22,3.14
M103,2026-08-02 09:00:00,79.27,28.89,20.93,4.54
M103,2026-08-02 10:00:00,79.38,11.55,25.26,3.99
M103,2026-08-02 11:00:00,77.48,25.79,45.48,2.4
M103,2026-08-02 12:00:00,79.56,17.63,44.61,5.1
M103,2026-08-02 13:00:00,82.08,31.12,93.97,3.51
M103,2026-08-02 14:00:00,76.84,11.85,36.85,1.56
M103,2026-08-02 15:00:00,81.53,4.8,61.25,3.17
M103,2026-08-02 16:00:00,76.9,19.49,69.95,4.17
M103,2026-08-02 17:00:00,75.8,9.21,61.63,2.42
M103,2026-08-02 18:00:00,65.12,25.98,66.93,2.88
M103,2026-08-02 19:00:00,78.83,15.01,58.0,4.08
M103,2026-08-02 20:00:00,74.16,7.67,18.77,3.94
M103,2026-08-02 21:00:00,68.04,24.46,58.99,2.8
M103,2026-08-02 22:00:00,74.84,31.99,30.45,2.47
M103,2026-08-02 23:00:00,74.36,35.33,73.99,3.12
M103,2026-08-03 00:00:00,71.02,32.77,14.95,3.4
M103,2026-08-03 01:00:00,75.69,35.53,70.11,2.45
M103,2026-08-03 02:00:00,77.17,13.15,39.72,3.69
M103,2026-08-03 03:00:00,73.66,22.33,62.23,4.41
M103,2026-08-03 04:00:00,78.02,21.41,25.07,4.47
M103,2026-08-03 05:00:00,79.47,21.63,46.53,3.49
M103,2026-08-03 06:00:00,81.4,30.75,73.99,3.39
M103,2026-08-03 07:00:00,88.28,32.69,43.92,1.87
M103,2026-08-03 08:00:00,76.6,38.7,31.05,3.27
M103,2026-08-03 09:00:00,77.16,31.31,38.02,2.5
M103,2026-08-03 10:00:00,79.99,11.08,11.96,4.67
M103,2026-08-03 11:00:00,82.49,42.6,60.73,3.74
M103,2026-08-03 12:00:00,78.59,17.77,54.22,2.76
M103,2026-08-03 13:00:00,68.52,16.01,68.25,2.21
M103,2026-08-03 14:00:00,67.48,27.1,37.53,3.59
M103,2026-08-03 15:00:00,82.93,25.54,33.62,4.23
M103,2026-08-03 16:00:00,81.19,20.32,44.61,3.5
M103,2026-08-03 17:00:00,73.82,0.43,58.5,3.75
M103,2026-08-03 18:00:00,59.89,26.13,76.62,2.3
M103,2026-08-03 19:00:00,75.49,17.82,74.89,4.1
M103,2026-08-03 20:00:00,69.85,24.11,86.45,2.7
M103,2026-08-03 21:00:00,75.92,,34.02,4.61
M103,2026-08-03 22:00:00,72.69,3.33,35.55,3.72
M103,2026-08-03 23:00:00,70.41,23.63,55.13,2.23
M103,2026-08-04 00:00:00,72.05,24.19,57.64,2.77
M103,2026-08-04 01:00:00,77.06,16.59,58.1,3.62
M103,2026-08-04 02:00:00,73.39,25.74,37.57,3.57
M103,2026-08-04 03:00:00,79.3,48.45,38.95,3.09
M103,2026-08-04 04:00:00,71.47,7.61,36.78,3.73
M103,2026-08-04 05:00:00,81.16,23.55,39.68,2.81
M103,2026-08-04 06:00:00,69.58,13.32,21.69,4.29
M103,2026-08-04 07:00:00,88.86,0.0,50.21,3.42
M103,2026-08-04 08:00:00,77.46,12.89,63.41,3.53
M103,2026-08-04 09:00:00,83.24,11.15,20.1,3.55
M103,2026-08-04 10:00:00,69.26,32.66,6.72,2.83
M103,2026-08-04 11:00:00,71.69,16.01,49.7,3.52
M103,2026-08-04 12:00:00,80.48,29.06,41.91,4.89
M103,2026-08-04 13:00:00,85.71,,42.54,2.93
M103,2026-08-04 14:00:00,78.54,8.34,30.79,1.47
M103,2026-08-04 15:00:00,73.21,32.78,42.26,3.12
M103,2026-08-04 16:00:00,77.95,7.97,45.46,3.91
M103,2026-08-04 17:00:00,78.15,31.74,67.75,3.73
M103,2026-08-04 18:00:00,71.01,15.87,79.77,3.45
M103,2026-08-04 19:00:00,77.27,9.68,43.35,3.77
M103,2026-08-04 20:00:00,76.1,13.77,39.83,4.15
M103,2026-08-04 21:00:00,80.67,26.41,52.94,2.25
M103,2026-08-04 22:00:00,77.91,32.82,40.3,3.98
M103,2026-08-04 23:00:00,79.82,29.93,45.92,3.91
M103,2026-08-05 00:00:00,65.75,20.4,57.83,3.44
M103,2026-08-05 01:00:00,83.67,18.11,35.15,1.89
M103,2026-08-05 02:00:00,74.09,26.2,58.7,2.08
M103,2026-08-05 03:00:00,84.23,8.31,42.82,2.74
M103,2026-08-05 04:00:00,78.92,21.13,57.2,4.68
M103,2026-08-05 05:00:00,78.78,13.08,53.3,4.76
M103,2026-08-05 06:00:00,80.59,31.35,16.32,3.51
M103,2026-08-05 07:00:00,74.12,11.84,44.6,3.29
M103,2026-08-05 08:00:00,71.63,22.26,41.88,3.76
M103,2026-08-05 09:00:00,77.59,24.51,62.63,3.64
M103,2026-08-05 10:00:00,75.96,0.0,54.25,2.47
M103,2026-08-05 11:00:00,75.4,24.45,68.99,4.67
M103,2026-08-05 12:00:00,69.55,4.21,50.86,3.39
M103,2026-08-05 13:00:00,67.59,19.8,55.76,2.22
M103,2026-08-05 14:00:00,69.04,12.27,41.18,3.76
M103,2026-08-05 15:00:00,73.71,20.66,85.43,2.43
M103,2026-08-05 16:00:00,71.43,28.14,62.78,3.53
M103,2026-08-05 17:00:00,88.66,23.81,9.43,3.28
M103,2026-08-05 18:00:00,72.0,36.61,62.36,1.93
M103,2026-08-05 19:00:00,85.45,31.27,39.16,3.14
M103,2026-08-05 20:00:00,85.75,0.0,53.02,4.07
M103,2026-08-05 21:00:00,75.38,27.77,46.86,2.57
M103,2026-08-05 22:00:00,70.34,28.54,33.56,1.98
M103,2026-08-05 23:00:00,76.86,13.84,23.42,3.26
M103,2026-08-06 00:00:00,81.37,20.24,25.81,3.59
M103,2026-08-06 01:00:00,83.25,46.56,70.95,2.4
M103,2026-08-06 02:00:00,82.01,23.08,24.26,3.43
M103,2026-08-06 03:00:00,89.43,34.35,26.76,3.21
M103,2026-08-06 04:00:00,79.44,0.0,14.48,3.32
M103,2026-08-06 05:00:00,77.17,0.0,51.98,4.07
M103,2026-08-06 06:00:00,74.47,20.72,55.29,3.55
M103,2026-08-06 07:00:00,64.32,9.14,37.87,2.51
M103,2026-08-06 08:00:00,86.27,27.61,25.02,3.03
M103,2026-08-06 09:00:00,83.91,12.25,60.33,4.31
M103,2026-08-06 10:00:00,84.51,22.16,67.52,2.78
M103,2026-08-06 11:00:00,93.4,22.89,65.64,2.91
M103,2026-08-06 12:00:00,79.5,26.52,28.28,2.43
M103,2026-08-06 13:00:00,74.57,33.26,12.03,2.91
M103,2026-08-06 14:00:00,85.17,5.21,67.57,2.3
M103,2026-08-06 15:00:00,69.58,18.23,78.72,2.69
M103,2026-08-06 16:00:00,63.87,3.18,61.78,2.12
M103,2026-08-06 17:00:00,84.32,20.84,44.42,3.44
M103,2026-08-06 18:00:00,70.39,21.65,23.52,4.28
M103,2026-08-06 19:00:00,68.81,25.27,26.37,2.77
M103,2026-08-06 20:00:00,73.38,55.78,44.74,2.54
M103,2026-08-06 21:00:00,72.89,1.94,42.07,4.68
M103,2026-08-06 22:00:00,78.35,30.84,28.62,3.04
M103,2026-08-06 23:00:00,77.43,11.3,52.2,3.69
M103,2026-08-07 00:00:00,79.8,18.19,64.64,2.99
M103,2026-08-07 01:00:00,73.56,37.3,25.07,1.84
M103,2026-08-07 02:00:00,69.93,24.65,68.1,2.67
M103,2026-08-07 03:00:00,88.7,20.33,42.92,2.52
M103,2026-08-07 04:00:00,89.66,18.2,21.02,5.17
M103,2026-08-07 05:00:00,78.76,29.59,75.27,3.69
M103,2026-08-07 06:00:00,82.82,20.65,58.21,3.17
M103,2026-08-07 07:00:00,75.86,21.44,37.86,3.6
M103,2026-08-07 08:00:00,79.51,29.83,56.51,4.8
M103,2026-08-07 09:00:00,83.37,17.51,53.16,4.33
M103,2026-08-07 10:00:00,69.35,44.17,31.06,3.92
M103,2026-08-07 11:00:00,76.05,19.39,21.55,3.93
M103,2026-08-07 12:00:00,66.98,2.69,65.87,4.63
M103,2026-08-07 13:00:00,71.33,32.04,59.34,3.13
M103,2026-08-07 14:00:00,85.35,18.04,54.32,2.2
M103,2026-08-07 15:00:00,67.52,34.03,54.92,3.09
M103,2026-08-07 16:00:00,89.35,42.77,52.91,2.04
M103,2026-08-07 17:00:00,75.22,10.01,46.61,2.45
M103,2026-08-07 18:00:00,67.63,0.0,48.01,1.36
M103,2026-08-07 19:00:00,73.76,28.33,32.0,2.33
M103,2026-08-07 20:00:00,75.53,10.06,48.34,2.37
M103,2026-08-07 21:00:00,75.27,15.84,44.79,4.51
M103,2026-08-07 22:00:00,77.4,26.05,33.75,3.38
M103,2026-08-07 23:00:00,74.08,20.36,56.68,2.8
M103,2026-08-08 00:00:00,73.21,14.16,35.9,3.34
M103,2026-08-08 01:00:00,73.45,37.98,93.22,2.75
M103,2026-08-08 02:00:00,78.06,32.46,40.22,2.4
M103,2026-08-08 03:00:00,88.17,179.22,50.74,4.36
M103,2026-08-08 04:00:00,81.39,19.42,27.42,2.81
M103,2026-08-08 05:00:00,84.43,28.19,41.64,4.61
M103,2026-08-08 06:00:00,74.9,31.85,48.96,4.75
M103,2026-08-08 07:00:00,81.27,20.55,41.78,3.19
M103,2026-08-08 08:00:00,70.92,3.6,50.56,2.77
M103,2026-08-08 09:00:00,72.25,18.93,45.94,3.21
M103,2026-08-08 10:00:00,88.17,27.95,82.94,2.85
M103,2026-08-08 11:00:00,81.49,15.4,34.9,4.92
M103,2026-08-08 12:00:00,,0.0,32.26,1.59
M103,2026-08-08 13:00:00,69.34,9.7,45.64,1.56
M103,2026-08-08 14:00:00,84.37,0.0,42.7,2.94
M103,2026-08-08 15:00:00,81.78,24.22,66.36,2.91
M103,2026-08-08 16:00:00,72.75,24.95,63.53,3.86
M103,2026-08-08 17:00:00,78.25,22.79,44.35,3.53
M103,2026-08-08 18:00:00,90.24,17.09,38.44,2.85
M103,2026-08-08 19:00:00,78.73,0.0,42.57,3.9
M103,2026-08-08 20:00:00,72.32,22.24,82.97,3.47
M103,2026-08-08 21:00:00,60.33,3.08,40.48,2.56
M103,2026-08-08 22:00:00,76.72,16.47,65.99,2.33
M103,2026-08-08 23:00:00,74.55,22.61,51.14,3.32
M103,2026-08-09 00:00:00,59.12,21.0,42.29,3.89
M103,2026-08-09 01:00:00,81.06,22.89,50.64,4.28
M103,2026-08-09 02:00:00,84.05,23.3,83.62,2.7
M103,2026-08-09 03:00:00,67.7,19.87,38.27,1.23
M103,2026-08-09 04:00:00,71.43,24.12,43.96,2.58
M103,2026-08-09 05:00:00,76.3,21.48,57.87,2.69
M103,2026-08-09 06:00:00,82.12,6.91,35.94,4.56
M103,2026-08-09 07:00:00,68.83,12.09,22.44,2.54
M103,2026-08-09 08:00:00,76.97,28.48,44.66,2.94
M103,2026-08-09 09:00:00,67.3,11.27,17.17,3.79
M103,2026-08-09 10:00:00,81.64,19.51,52.95,3.9
M103,2026-08-09 11:00:00,76.71,36.72,26.57,2.92
M103,2026-08-09 12:00:00,72.73,27.77,19.19,4.36
M103,2026-08-09 13:00:00,79.93,41.0,44.27,2.76
M103,2026-08-09 14:00:00,80.6,32.37,32.14,1.6
M103,2026-08-09 15:00:00,63.22,23.14,72.72,2.16
M103,2026-08-09 16:00:00,74.09,15.82,79.57,5.01
M103,2026-08-09 17:00:00,78.97,30.78,60.66,2.18
M103,2026-08-09 18:00:00,80.89,7.76,41.91,4.11
M103,2026-08-09 19:00:00,76.57,33.23,68.39,1.79
M103,2026-08-09 20:00:00,60.76,33.95,66.64,3.41
M103,2026-08-09 21:00:00,78.75,30.72,60.74,2.96
M103,2026-08-09 22:00:00,82.69,15.84,49.38,3.36
M103,2026-08-09 23:00:00,69.98,11.08,85.21,2.49
M103,2026-08-10 00:00:00,78.59,26.96,44.02,3.74
M103,2026-08-10 01:00:00,78.3,9.56,54.66,2.76
M103,2026-08-10 02:00:00,88.18,25.15,32.4,3.47
M103,2026-08-10 03:00:00,69.53,23.09,40.94,2.54
M103,2026-08-10 04:00:00,70.12,49.22,46.65,2.85
M103,2026-08-10 05:00:00,71.77,25.65,33.51,2.32
M103,2026-08-10 06:00:00,75.77,19.52,37.49,2.49
M103,2026-08-10 07:00:00,73.26,14.36,34.05,3.42
M103,2026-08-10 08:00:00,91.58,35.98,79.95,2.75
M103,2026-08-10 09:00:00,87.72,22.73,62.75,3.57
M103,2026-08-10 10:00:00,73.6,28.63,53.73,1.79
M103,2026-08-10 11:00:00,75.13,30.47,49.99,3.58
M103,2026-08-10 12:00:00,70.74,23.07,43.27,3.04
M103,2026-08-10 13:00:00,71.25,30.98,51.22,3.4
M103,2026-08-10 14:00:00,90.36,25.69,66.61,3.42
M103,2026-08-10 15:00:00,73.53,7.29,49.35,1.07
M103,2026-08-10 16:00:00,77.91,23.78,41.08,3.13
M103,2026-08-10 17:00:00,67.24,36.63,38.93,2.42
M103,2026-08-10 18:00:00,79.81,21.33,38.55,2.83
M103,2026-08-10 19:00:00,75.96,36.15,53.45,3.17
M103,2026-08-10 20:00:00,81.97,20.33,52.23,3.32
M103,2026-08-10 21:00:00,80.13,14.67,24.49,3.93
M103,2026-08-10 22:00:00,86.53,6.9,48.23,2.84
M103,2026-08-10 23:00:00,82.18,22.96,104.89,2.96
M103,2026-08-11 00:00:00,86.76,39.62,54.6,3.23
M103,2026-08-11 01:00:00,76.66,20.12,65.4,2.5
M103,2026-08-11 02:00:00,74.87,16.61,13.93,3.89
M103,2026-08-11 03:00:00,83.44,12.39,63.54,1.93
M103,2026-08-11 04:00:00,76.17,18.48,46.58,3.27
M103,2026-08-11 05:00:00,75.46,15.35,43.04,4.29
M103,2026-08-11 06:00:00,71.95,47.06,33.57,3.39
M103,2026-08-11 07:00:00,80.0,16.5,69.88,3.64
M103,2026-08-11 08:00:00,74.57,36.46,26.72,2.75
M103,2026-08-11 09:00:00,79.94,29.62,50.81,3.1
M103,2026-08-11 10:00:00,74.24,33.58,49.33,2.5
M103,2026-08-11 11:00:00,69.49,38.16,32.06,3.42
M103,2026-08-11 12:00:00,85.46,26.51,31.36,2.39
M103,2026-08-11 13:00:00,89.09,7.51,35.04,3.5
M103,2026-08-11 14:00:00,74.47,26.89,18.58,3.03
M103,2026-08-11 15:00:00,80.74,28.17,34.7,2.38
M103,2026-08-11 16:00:00,77.5,4.25,68.12,3.33
M103,2026-08-11 17:00:00,71.12,7.35,33.6,1.95
M103,2026-08-11 18:00:00,79.46,10.37,52.19,3.63
M103,2026-08-11 19:00:00,82.76,23.02,65.25,4.31
M103,2026-08-11 20:00:00,77.81,23.82,34.97,2.41
M103,2026-08-11 21:00:00,84.97,27.27,57.36,2.73
M103,2026-08-11 22:00:00,87.37,17.26,30.57,2.74
M103,2026-08-11 23:00:00,87.0,6.67,31.48,5.52
M103,2026-08-12 00:00:00,82.59,11.2,25.53,1.86
M103,2026-08-12 01:00:00,76.68,28.74,72.34,1.68
M103,2026-08-12 02:00:00,66.72,18.57,95.18,3.91
M103,2026-08-12 03:00:00,78.61,5.3,6.84,3.23
M103,2026-08-12 04:00:00,75.3,16.79,38.15,2.6
M103,2026-08-12 05:00:00,69.16,36.67,29.04,2.98
M103,2026-08-12 06:00:00,75.73,28.48,29.67,3.98
M103,2026-08-12 07:00:00,71.94,18.06,74.58,2.42
M103,2026-08-12 08:00:00,81.05,32.06,50.58,3.11
M103,2026-08-12 09:00:00,90.88,19.83,48.67,2.93
M103,2026-08-12 10:00:00,77.06,31.57,40.04,1.51
M103,2026-08-12 11:00:00,79.59,7.06,58.35,3.2
M103,2026-08-12 12:00:00,82.6,8.62,35.37,2.93
M103,2026-08-12 13:00:00,65.62,33.34,15.74,4.08
M103,2026-08-12 14:00:00,78.97,17.61,51.21,3.45
M103,2026-08-12 15:00:00,73.2,23.58,58.16,2.44
M103,2026-08-12 16:00:00,78.42,158.62,10.27,3.65
M103,2026-08-12 17:00:00,73.08,9.76,44.05,2.88
M103,2026-08-12 18:00:00,69.08,0.33,9.57,3.79
M103,2026-08-12 19:00:00,73.04,31.63,37.21,3.48
M103,2026-08-12 20:00:00,75.12,20.53,46.67,2.84
M103,2026-08-12 21:00:00,67.39,29.19,73.68,4.53
M103,2026-08-12 22:00:00,72.13,11.2,35.02,3.06
M103,2026-08-12 23:00:00,75.63,8.02,18.36,3.24
M103,2026-08-13 00:00:00,51.29,18.79,27.99,3.82
M103,2026-08-13 01:00:00,83.33,32.85,38.76,2.29
M103,2026-08-13 02:00:00,70.3,23.45,15.37,4.31
M103,2026-08-13 03:00:00,73.69,26.0,12.93,2.46
M103,2026-08-13 04:00:00,62.66,32.25,42.12,3.66
M103,2026-08-13 05:00:00,76.44,25.62,38.93,3.04
M103,2026-08-13 06:00:00,75.36,24.87,52.78,5.45
M103,2026-08-13 07:00:00,87.77,0.0,42.42,2.88
M103,2026-08-13 08:00:00,84.96,16.21,53.36,1.33
M103,2026-08-13 09:00:00,65.4,45.11,45.9,2.4
M103,2026-08-13 10:00:00,77.7,7.36,39.9,2.04
M103,2026-08-13 11:00:00,70.48,15.0,65.17,3.57
M103,2026-08-13 12:00:00,80.47,19.69,59.81,2.5
M103,2026-08-13 13:00:00,70.87,24.89,39.98,3.19
M103,2026-08-13 14:00:00,74.85,35.04,68.5,2.7
M103,2026-08-13 15:00:00,63.68,11.46,28.85,3.87
M103,2026-08-13 16:00:00,82.44,7.63,31.42,2.02
M103,2026-08-13 17:00:00,76.94,19.46,59.2,3.6
M103,2026-08-13 18:00:00,80.27,1.5,33.73,3.96
M103,2026-08-13 19:00:00,72.23,0.47,59.54,2.74
M103,2026-08-13 20:00:00,83.44,19.78,40.01,4.29
M103,2026-08-13 21:00:00,66.88,37.21,33.49,3.33
M103,2026-08-13 22:00:00,77.2,14.87,31.28,2.9
M103,2026-08-13 23:00:00,68.9,43.54,36.34,4.13
M103,2026-08-14 00:00:00,83.19,24.36,42.56,3.36
M103,2026-08-14 01:00:00,80.01,21.21,16.8,1.75
M103,2026-08-14 02:00:00,86.56,0.0,48.52,3.01
M103,2026-08-14 03:00:00,77.13,6.32,51.31,3.36
M103,2026-08-14 04:00:00,95.33,21.56,69.27,2.0
M103,2026-08-14 05:00:00,83.14,22.72,49.86,3.43
M103,2026-08-14 06:00:00,87.94,23.06,30.89,2.71
M103,2026-08-14 07:00:00,81.72,25.37,17.45,3.61
M103,2026-08-14 08:00:00,68.42,25.26,30.5,2.97
M103,2026-08-14 09:00:00,72.19,38.23,52.23,4.21
M103,2026-08-14 10:00:00,96.27,20.56,72.04,2.64
M103,2026-08-14 11:00:00,84.78,10.31,44.67,3.63
M103,2026-08-14 12:00:00,80.86,4.73,29.39,3.69
M103,2026-08-14 13:00:00,73.43,3.23,43.72,3.1
M103,2026-08-14 14:00:00,77.24,26.35,53.38,2.59
M103,2026-08-14 15:00:00,73.12,31.13,35.22,2.88
M103,2026-08-14 16:00:00,65.47,19.66,51.21,1.62
M103,2026-08-14 17:00:00,68.51,2.94,59.19,1.67
M103,2026-08-14 18:00:00,75.45,28.61,48.38,2.85
M103,2026-08-14 19:00:00,78.43,32.44,43.06,1.41
M103,2026-08-14 20:00:00,84.03,24.8,44.4,1.62
M103,2026-08-14 21:00:00,110.52,9.49,23.11,3.09
M103,2026-08-14 22:00:00,72.25,14.36,58.31,3.4
M103,2026-08-14 23:00:00,72.53,12.53,36.81,3.0
M104,2026-08-01 00:00:00,80.09,7.49,71.25,3.67
M104,2026-08-01 01:00:00,56.83,21.02,63.73,3.51
M104,2026-08-01 02:00:00,73.11,19.27,48.21,3.82
M104,2026-08-01 03:00:00,66.09,12.74,74.49,3.23
M104,2026-08-01 04:00:00,86.7,55.83,36.14,2.24
M104,2026-08-01 05:00:00,74.14,33.19,67.3,5.02
M104,2026-08-01 06:00:00,75.74,25.86,32.19,1.19
M104,2026-08-01 07:00:00,75.72,6.15,56.58,1.69
M104,2026-08-01 08:00:00,70.82,23.21,51.7,3.16
M104,2026-08-01 09:00:00,89.07,38.83,32.68,4.49
M104,2026-08-01 10:00:00,88.34,18.51,45.82,3.16
M104,2026-08-01 11:00:00,71.49,13.45,68.75,3.55
M104,2026-08-01 12:00:00,72.12,8.89,31.35,3.07
M104,2026-08-01 13:00:00,82.39,9.68,61.23,3.36
M104,2026-08-01 14:00:00,77.0,32.31,60.18,2.08
M104,2026-08-01 15:00:00,68.41,17.25,51.41,4.29
M104,2026-08-01 16:00:00,76.46,40.44,32.28,2.77
M104,2026-08-01 17:00:00,73.86,10.19,65.87,0.98
M104,2026-08-01 18:00:00,72.48,33.78,39.38,4.06
M104,2026-08-01 19:00:00,91.38,20.96,66.04,5.14
M104,2026-08-01 20:00:00,78.81,19.42,61.24,4.15
M104,2026-08-01 21:00:00,75.73,14.19,75.91,2.98
M104,2026-08-01 22:00:00,,23.15,77.89,2.52
M104,2026-08-01 23:00:00,70.04,30.25,24.65,3.29
M104,2026-08-02 00:00:00,86.84,0.0,52.24,4.17
M104,2026-08-02 01:00:00,75.82,8.87,40.27,2.53
M104,2026-08-02 02:00:00,76.48,16.68,35.76,3.57
M104,2026-08-02 03:00:00,87.05,23.93,69.19,4.46
M104,2026-08-02 04:00:00,71.89,23.3,37.35,2.01
M104,2026-08-02 05:00:00,78.49,7.37,53.72,1.96
M104,2026-08-02 06:00:00,77.2,1.15,57.13,2.89
M104,2026-08-02 07:00:00,72.57,33.52,39.21,3.29
M104,2026-08-02 08:00:00,74.61,26.09,63.77,3.87
M104,2026-08-02 09:00:00,72.73,34.51,28.51,2.61
M104,2026-08-02 10:00:00,75.11,32.56,23.94,3.91
M104,2026-08-02 11:00:00,75.62,14.8,64.76,2.56
M104,2026-08-02 12:00:00,92.0,17.88,47.7,4.43
M104,2026-08-02 13:00:00,77.23,,9.84,2.85
M104,2026-08-02 14:00:00,78.78,32.98,58.85,3.74
M104,2026-08-02 15:00:00,83.43,25.7,6.42,4.35
M104,2026-08-02 16:00:00,70.14,23.76,48.26,3.24
M104,2026-08-02 17:00:00,68.26,0.0,26.96,3.86
M104,2026-08-02 18:00:00,65.87,9.44,52.52,2.38
M104,2026-08-02 19:00:00,72.2,20.98,50.09,2.36
M104,2026-08-02 20:00:00,76.99,24.79,22.08,3.37
M104,2026-08-02 21:00:00,70.98,21.49,58.02,3.06
M104,2026-08-02 22:00:00,82.39,29.49,61.34,3.52
M104,2026-08-02 23:00:00,83.71,24.62,14.99,2.57
M104,2026-08-03 00:00:00,74.52,18.95,51.44,2.55
M104,2026-08-03 01:00:00,90.06,18.77,44.86,2.66
M104,2026-08-03 02:00:00,68.98,18.48,45.5,3.13
M104,2026-08-03 03:00:00,87.59,18.48,43.45,3.85
M104,2026-08-03 04:00:00,74.8,26.47,21.98,2.18
M104,2026-08-03 05:00:00,76.85,17.22,30.44,3.3
M104,2026-08-03 06:00:00,77.46,11.48,35.66,3.37
M104,2026-08-03 07:00:00,68.85,12.75,54.61,3.18
M104,2026-08-03 08:00:00,72.66,9.16,26.76,3.09
M104,2026-08-03 09:00:00,90.18,26.79,21.01,3.77
M104,2026-08-03 10:00:00,70.69,19.94,34.4,4.82
M104,2026-08-03 11:00:00,68.06,23.76,32.66,3.79
M104,2026-08-03 12:00:00,78.05,35.05,57.93,2.65
M104,2026-08-03 13:00:00,96.41,26.67,35.09,3.36
M104,2026-08-03 14:00:00,80.42,27.11,53.93,3.97
M104,2026-08-03 15:00:00,82.08,9.83,82.94,4.78
M104,2026-08-03 16:00:00,81.61,20.46,46.01,2.94
M104,2026-08-03 17:00:00,74.64,0.0,72.54,4.14
M104,2026-08-03 18:00:00,64.26,30.68,44.86,3.04
M104,2026-08-03 19:00:00,79.45,0.0,44.8,3.26
M104,2026-08-03 20:00:00,76.56,3.59,53.04,4.05
M104,2026-08-03 21:00:00,78.85,17.25,93.4,2.46
M104,2026-08-03 22:00:00,81.41,22.92,81.22,3.51
M104,2026-08-03 23:00:00,80.21,26.07,25.95,2.5
M104,2026-08-04 00:00:00,74.07,31.49,49.2,3.03
M104,2026-08-04 01:00:00,85.61,0.0,21.68,1.2
M104,2026-08-04 02:00:00,84.46,18.84,62.39,3.11
M104,2026-08-04 03:00:00,83.16,18.48,52.38,3.41
M104,2026-08-04 04:00:00,78.36,40.22,15.76,3.15
M104,2026-08-04 05:00:00,77.39,20.58,37.84,2.77
M104,2026-08-04 06:00:00,86.71,19.15,88.88,3.62
M104,2026-08-04 07:00:00,73.97,26.63,46.96,4.27
M104,2026-08-04 08:00:00,67.83,0.0,51.5,3.87
M104,2026-08-04 09:00:00,78.0,28.07,54.46,2.02
M104,2026-08-04 10:00:00,77.97,35.8,48.09,2.15
M104,2026-08-04 11:00:00,73.66,26.68,77.32,1.63
M104,2026-08-04 12:00:00,78.53,8.81,54.14,3.67
M104,2026-08-04 13:00:00,74.37,27.58,65.52,3.07
M104,2026-08-04 14:00:00,66.64,37.11,59.92,3.65
M104,2026-08-04 15:00:00,71.16,31.83,81.76,3.1
M104,2026-08-04 16:00:00,76.66,7.22,32.05,2.34
M104,2026-08-04 17:00:00,76.92,15.91,51.71,2.49
M104,2026-08-04 18:00:00,74.83,8.56,48.38,1.89
M104,2026-08-04 19:00:00,77.06,16.66,48.26,1.88
M104,2026-08-04 20:00:00,80.58,16.42,48.91,1.7
M104,2026-08-04 21:00:00,67.3,15.32,69.76,3.62
M104,2026-08-04 22:00:00,76.91,8.91,25.09,7.14
M104,2026-08-04 23:00:00,80.9,22.51,75.77,2.65
M104,2026-08-05 00:00:00,77.26,0.0,48.8,4.38
M104,2026-08-05 01:00:00,68.71,30.11,70.94,2.65
M104,2026-08-05 02:00:00,79.27,38.96,49.15,3.83
M104,2026-08-05 03:00:00,63.58,27.17,54.31,2.14
M104,2026-08-05 04:00:00,69.25,27.25,39.55,4.09
M104,2026-08-05 05:00:00,78.18,20.68,41.93,3.43
M104,2026-08-05 06:00:00,81.62,26.41,37.39,4.19
M104,2026-08-05 07:00:00,80.6,24.62,46.65,3.6
M104,2026-08-05 08:00:00,63.18,22.9,74.52,3.38
M104,2026-08-05 09:00:00,76.58,12.85,53.87,3.04
M104,2026-08-05 10:00:00,85.17,9.64,36.86,2.72
M104,2026-08-05 11:00:00,88.84,17.72,35.13,1.53
M104,2026-08-05 12:00:00,69.62,26.33,54.43,2.68
M104,2026-08-05 13:00:00,71.83,42.32,93.53,4.12
M104,2026-08-05 14:00:00,86.91,41.26,84.86,2.96
M104,2026-08-05 15:00:00,69.85,42.0,27.64,2.38
M104,2026-08-05 16:00:00,68.96,18.42,9.28,2.05
M104,2026-08-05 17:00:00,71.64,5.65,64.12,3.21
M104,2026-08-05 18:00:00,80.04,25.61,41.28,3.99
M104,2026-08-05 19:00:00,79.17,16.18,14.69,3.62
M104,2026-08-05 20:00:00,67.17,24.56,46.42,2.11
M104,2026-08-05 21:00:00,77.81,22.3,48.51,3.32
M104,2026-08-05 22:00:00,71.43,27.1,32.62,2.34
M104,2026-08-05 23:00:00,80.72,31.24,55.91,3.03
M104,2026-08-06 00:00:00,62.42,37.78,9.81,3.67
M104,2026-08-06 01:00:00,90.77,21.79,50.24,3.5
M104,2026-08-06 02:00:00,77.39,48.21,29.82,2.43
M104,2026-08-06 03:00:00,73.71,40.89,34.62,3.54
M104,2026-08-06 04:00:00,83.5,29.35,63.33,4.33
M104,2026-08-06 05:00:00,78.16,14.52,47.65,2.93
M104,2026-08-06 06:00:00,93.65,13.61,53.7,2.0
M104,2026-08-06 07:00:00,76.93,16.55,57.16,3.76
M104,2026-08-06 08:00:00,85.92,36.05,43.81,2.44
M104,2026-08-06 09:00:00,70.21,23.63,47.84,3.41
M104,2026-08-06 10:00:00,72.25,37.25,18.49,2.73
M104,2026-08-06 11:00:00,68.46,17.49,67.44,2.97
M104,2026-08-06 12:00:00,76.71,27.97,38.96,3.51
M104,2026-08-06 13:00:00,77.76,6.43,36.64,3.48
M104,2026-08-06 14:00:00,,35.38,82.72,3.59
M104,2026-08-06 15:00:00,73.11,19.23,42.95,2.87
M104,2026-08-06 16:00:00,78.68,25.15,23.87,4.07
M104,2026-08-06 17:00:00,63.14,17.33,65.69,3.69
M104,2026-08-06 18:00:00,73.5,43.63,37.08,1.6
M104,2026-08-06 19:00:00,79.17,0.0,30.03,3.7
M104,2026-08-06 20:00:00,72.77,26.97,24.15,3.89
M104,2026-08-06 21:00:00,64.16,35.82,36.44,4.42
M104,2026-08-06 22:00:00,70.12,43.1,27.76,1.76
M104,2026-08-06 23:00:00,76.3,34.81,59.23,4.13
M104,2026-08-07 00:00:00,81.67,10.16,58.8,3.27
M104,2026-08-07 01:00:00,71.03,22.15,43.99,4.33
M104,2026-08-07 02:00:00,72.4,13.26,32.42,4.72
M104,2026-08-07 03:00:00,71.5,35.56,26.44,3.61
M104,2026-08-07 04:00:00,77.84,34.8,64.59,3.27
M104,2026-08-07 05:00:00,72.24,39.5,33.53,1.39
M104,2026-08-07 06:00:00,62.99,0.62,55.72,4.97
M104,2026-08-07 07:00:00,61.72,10.61,46.6,4.44
M104,2026-08-07 08:00:00,70.48,27.09,40.5,5.29
M104,2026-08-07 09:00:00,77.01,24.27,46.52,2.87
M104,2026-08-07 10:00:00,82.65,6.09,8.96,3.08
M104,2026-08-07 11:00:00,81.71,13.03,48.36,2.22
M104,2026-08-07 12:00:00,83.44,27.82,45.36,3.33
M104,2026-08-07 13:00:00,66.24,3.81,42.8,3.61
M104,2026-08-07 14:00:00,79.95,15.64,58.42,4.34
M104,2026-08-07 15:00:00,75.38,23.72,41.26,3.1
M104,2026-08-07 16:00:00,77.19,40.44,61.47,3.86
M104,2026-08-07 17:00:00,72.82,9.22,52.01,4.19
M104,2026-08-07 18:00:00,88.06,0.0,89.03,3.53
M104,2026-08-07 19:00:00,82.36,0.0,40.74,3.86
M104,2026-08-07 20:00:00,67.78,0.0,51.04,3.16
M104,2026-08-07 21:00:00,86.09,18.08,43.44,3.76
M104,2026-08-07 22:00:00,83.23,11.5,62.0,2.78
M104,2026-08-07 23:00:00,76.12,28.05,60.21,3.45
M104,2026-08-08 00:00:00,68.44,0.0,41.62,3.98
M104,2026-08-08 01:00:00,79.15,22.9,44.87,3.45
M104,2026-08-08 02:00:00,69.04,29.36,60.23,2.92
M104,2026-08-08 03:00:00,79.06,0.0,48.24,3.09
M104,2026-08-08 04:00:00,84.81,17.62,60.64,2.89
M104,2026-08-08 05:00:00,60.0,17.29,48.54,3.32
M104,2026-08-08 06:00:00,77.16,13.92,39.17,2.3
M104,2026-08-08 07:00:00,62.02,18.72,31.59,4.06
M104,2026-08-08 08:00:00,60.73,,83.19,3.05
M104,2026-08-08 09:00:00,75.98,25.12,54.08,2.87
M104,2026-08-08 10:00:00,68.94,27.83,10.65,3.87
M104,2026-08-08 11:00:00,73.26,20.04,35.54,4.34
M104,2026-08-08 12:00:00,77.74,16.14,38.7,3.08
M104,2026-08-08 13:00:00,92.78,4.19,64.49,3.65
M104,2026-08-08 14:00:00,86.78,27.55,45.06,4.02
M104,2026-08-08 15:00:00,77.61,29.06,70.71,3.27
M104,2026-08-08 16:00:00,73.03,12.27,53.11,2.5
M104,2026-08-08 17:00:00,73.55,8.39,54.15,2.6
M104,2026-08-08 18:00:00,66.99,6.67,34.72,2.82
M104,2026-08-08 19:00:00,77.76,18.06,51.67,3.56
M104,2026-08-08 20:00:00,81.18,0.0,24.71,3.64
M104,2026-08-08 21:00:00,77.48,31.72,17.21,2.82
M104,2026-08-08 22:00:00,73.93,22.0,45.65,3.58
M104,2026-08-08 23:00:00,75.2,36.47,75.44,2.31
M104,2026-08-09 00:00:00,76.32,29.58,55.54,2.87
M104,2026-08-09 01:00:00,77.78,1.0,44.66,2.03
M104,2026-08-09 02:00:00,79.56,6.61,47.93,3.46
M104,2026-08-09 03:00:00,76.53,12.42,41.21,4.14
M104,2026-08-09 04:00:00,73.03,20.26,34.98,4.02
M104,2026-08-09 05:00:00,76.54,10.83,45.13,3.01
M104,2026-08-09 06:00:00,85.75,19.46,20.11,3.6
M104,2026-08-09 07:00:00,88.5,34.36,25.15,2.99
M104,2026-08-09 08:00:00,75.79,19.78,51.86,2.92
M104,2026-08-09 09:00:00,69.59,31.42,24.78,2.56
M104,2026-08-09 10:00:00,68.09,27.35,46.92,3.91
M104,2026-08-09 11:00:00,70.5,4.96,37.01,3.05
M104,2026-08-09 12:00:00,77.46,0.0,53.62,2.48
M104,2026-08-09 13:00:00,71.47,34.08,5.7,3.46
M104,2026-08-09 14:00:00,78.23,10.17,36.95,4.18
M104,2026-08-09 15:00:00,89.74,32.78,78.95,2.65
M104,2026-08-09 16:00:00,64.94,19.37,59.49,1.72
M104,2026-08-09 17:00:00,69.51,10.22,51.42,3.38
M104,2026-08-09 18:00:00,70.57,22.16,24.39,2.86
M104,2026-08-09 19:00:00,67.15,18.2,30.59,3.75
M104,2026-08-09 20:00:00,75.82,17.28,76.83,3.51
M104,2026-08-09 21:00:00,73.42,13.0,23.74,3.15
M104,2026-08-09 22:00:00,78.15,0.0,20.45,2.79
M104,2026-08-09 23:00:00,68.31,20.52,48.28,3.1
M104,2026-08-10 00:00:00,79.85,12.98,44.17,2.4
M104,2026-08-10 01:00:00,77.99,20.91,23.43,3.08
M104,2026-08-10 02:00:00,75.74,23.37,50.73,2.62
M104,2026-08-10 03:00:00,81.35,26.28,31.96,2.29
M104,2026-08-10 04:00:00,71.46,2.34,48.74,4.15
M104,2026-08-10 05:00:00,85.95,6.93,59.16,3.27
M104,2026-08-10 06:00:00,59.23,16.01,37.01,4.17
M104,2026-08-10 07:00:00,69.9,26.76,43.07,2.04
M104,2026-08-10 08:00:00,72.13,38.38,41.88,3.92
M104,2026-08-10 09:00:00,81.96,14.62,21.9,2.28
M104,2026-08-10 10:00:00,86.16,21.82,13.79,3.87
M104,2026-08-10 11:00:00,63.49,10.09,46.46,5.22
M104,2026-08-10 12:00:00,81.71,14.21,45.51,3.94
M104,2026-08-10 13:00:00,85.95,17.03,41.06,2.54
M104,2026-08-10 14:00:00,80.66,32.31,10.1,2.88
M104,2026-08-10 15:00:00,67.51,21.81,22.72,2.14
M104,2026-08-10 16:00:00,83.86,18.01,43.92,3.55
M104,2026-08-10 17:00:00,82.8,14.98,37.87,2.89
M104,2026-08-10 18:00:00,83.57,19.18,39.76,3.51
M104,2026-08-10 19:00:00,88.82,20.89,40.15,4.75
M104,2026-08-10 20:00:00,85.31,34.22,35.99,2.72
M104,2026-08-10 21:00:00,63.16,31.58,46.39,1.76
M104,2026-08-10 22:00:00,84.41,15.95,41.15,1.99
M104,2026-08-10 23:00:00,79.45,26.02,44.14,2.87
M104,2026-08-11 00:00:00,94.39,5.56,32.01,3.77
M104,2026-08-11 01:00:00,68.9,6.94,65.37,3.68
M104,2026-08-11 02:00:00,79.39,22.18,32.54,3.0
M104,2026-08-11 03:00:00,75.45,30.15,52.67,2.46
M104,2026-08-11 04:00:00,81.53,0.0,39.23,2.29
M104,2026-08-11 05:00:00,70.0,43.12,18.53,2.54
M104,2026-08-11 06:00:00,79.57,14.36,47.8,4.34
M104,2026-08-11 07:00:00,80.58,14.38,42.59,3.62
M104,2026-08-11 08:00:00,80.44,20.25,51.49,3.49
M104,2026-08-11 09:00:00,75.35,12.74,58.37,3.43
M104,2026-08-11 10:00:00,61.43,10.09,36.35,3.04
M104,2026-08-11 11:00:00,84.43,58.43,0.74,3.44
M104,2026-08-11 12:00:00,76.49,17.83,54.77,3.32
M104,2026-08-11 13:00:00,73.47,20.35,55.02,3.57
M104,2026-08-11 14:00:00,77.32,13.0,95.74,3.49
M104,2026-08-11 15:00:00,81.34,13.91,48.41,3.35
M104,2026-08-11 16:00:00,62.62,11.4,31.77,2.72
M104,2026-08-11 17:00:00,68.51,20.53,70.15,3.3
M104,2026-08-11 18:00:00,67.73,7.63,38.21,2.07
M104,2026-08-11 19:00:00,78.13,36.24,34.63,3.26
M104,2026-08-11 20:00:00,73.0,12.44,48.41,2.67
M104,2026-08-11 21:00:00,70.34,0.57,46.16,4.05
M104,2026-08-11 22:00:00,80.95,37.9,32.86,3.88
M104,2026-08-11 23:00:00,68.28,28.51,74.6,3.6
M104,2026-08-12 00:00:00,87.63,12.82,42.58,2.47
M104,2026-08-12 01:00:00,76.24,23.24,45.47,2.82
M104,2026-08-12 02:00:00,72.56,24.14,42.13,2.28
M104,2026-08-12 03:00:00,62.72,12.85,20.12,2.53
M104,2026-08-12 04:00:00,73.04,18.25,33.01,4.95
M104,2026-08-12 05:00:00,67.17,34.51,42.07,2.67
M104,2026-08-12 06:00:00,80.11,14.57,30.47,8.81
M104,2026-08-12 07:00:00,60.64,17.06,48.42,4.33
M104,2026-08-12 08:00:00,73.21,51.93,58.66,1.31
M104,2026-08-12 09:00:00,123.34,22.84,24.41,3.64
M104,2026-08-12 10:00:00,72.82,5.65,27.64,3.88
M104,2026-08-12 11:00:00,61.84,32.54,64.34,2.93
M104,2026-08-12 12:00:00,66.17,26.67,36.25,1.99
M104,2026-08-12 13:00:00,89.36,9.39,18.5,3.43
M104,2026-08-12 14:00:00,75.53,37.83,38.15,2.9
M104,2026-08-12 15:00:00,78.35,22.39,49.14,3.42
M104,2026-08-12 16:00:00,77.15,15.0,59.99,2.91
M104,2026-08-12 17:00:00,103.18,36.65,32.8,5.12
M104,2026-08-12 18:00:00,71.01,11.54,54.72,3.55
M104,2026-08-12 19:00:00,76.5,29.82,49.55,4.85
M104,2026-08-12 20:00:00,75.63,9.75,35.07,3.58
M104,2026-08-12 21:00:00,79.4,22.48,29.71,4.09
M104,2026-08-12 22:00:00,89.56,,77.59,3.89
M104,2026-08-12 23:00:00,91.53,25.67,47.46,3.87
M104,2026-08-13 00:00:00,72.96,24.89,68.95,3.86
M104,2026-08-13 01:00:00,75.78,22.4,58.64,3.78
M104,2026-08-13 02:00:00,81.25,24.07,30.16,2.67
M104,2026-08-13 03:00:00,79.23,29.98,57.63,2.66
M104,2026-08-13 04:00:00,74.94,5.91,19.95,3.27
M104,2026-08-13 05:00:00,85.51,21.2,79.35,3.07
M104,2026-08-13 06:00:00,76.22,8.11,38.75,2.25
M104,2026-08-13 07:00:00,65.18,5.92,46.53,2.61
M104,2026-08-13 08:00:00,72.5,24.92,17.12,3.26
M104,2026-08-13 09:00:00,81.94,31.21,54.3,3.16
M104,2026-08-13 10:00:00,71.63,19.01,74.76,3.42
M104,2026-08-13 11:00:00,75.25,26.76,45.9,3.38
M104,2026-08-13 12:00:00,74.27,15.02,62.93,1.64
M104,2026-08-13 13:00:00,79.35,14.28,10.71,2.42
M104,2026-08-13 14:00:00,117.72,21.22,58.32,3.85
M104,2026-08-13 15:00:00,65.17,24.53,58.11,3.38
M104,2026-08-13 16:00:00,79.52,0.0,27.18,4.29
M104,2026-08-13 17:00:00,74.04,46.68,21.99,4.45
M104,2026-08-13 18:00:00,71.73,30.35,39.68,3.29
M104,2026-08-13 19:00:00,80.17,12.64,59.42,2.99
M104,2026-08-13 20:00:00,77.25,0.0,38.93,4.21
M104,2026-08-13 21:00:00,80.86,30.64,45.96,4.54
M104,2026-08-13 22:00:00,78.02,12.08,60.39,3.94
M104,2026-08-13 23:00:00,80.41,15.16,50.07,4.31
M104,2026-08-14 00:00:00,79.34,2.27,33.68,2.66
M104,2026-08-14 01:00:00,70.72,0.0,79.03,2.5
M104,2026-08-14 02:00:00,70.37,0.0,60.6,3.13
M104,2026-08-14 03:00:00,73.54,16.42,55.58,2.82
M104,2026-08-14 04:00:00,62.08,4.5,20.82,3.42
M104,2026-08-14 05:00:00,82.51,37.59,15.57,3.7
M104,2026-08-14 06:00:00,71.69,55.08,69.9,4.56
M104,2026-08-14 07:00:00,81.62,24.58,37.75,2.72
M104,2026-08-14 08:00:00,70.4,170.03,73.09,2.91
M104,2026-08-14 09:00:00,70.94,2.2,49.4,4.18
M104,2026-08-14 10:00:00,84.96,36.54,52.48,3.27
M104,2026-08-14 11:00:00,84.98,6.68,37.06,4.57
M104,2026-08-14 12:00:00,68.48,19.59,56.36,3.27
M104,2026-08-14 13:00:00,84.05,38.31,53.63,4.31
M104,2026-08-14 14:00:00,69.5,18.11,88.29,4.75
M104,2026-08-14 15:00:00,67.06,19.85,47.45,3.53
M104,2026-08-14 16:00:00,84.92,42.07,45.67,4.1
M104,2026-08-14 17:00:00,80.54,19.75,14.43,4.01
M104,2026-08-14 18:00:00,80.24,24.68,27.34,4.77
M104,2026-08-14 19:00:00,77.07,6.3,21.56,3.74
M104,2026-08-14 20:00:00,80.95,14.44,53.33,3.73
M104,2026-08-14 21:00:00,76.98,11.58,62.3,3.87
M104,2026-08-14 22:00:00,79.97,10.0,21.04,3.26
M104,2026-08-14 23:00:00,82.51,32.48,55.52,2.84
M105,2026-08-01 00:00:00,70.37,19.8,44.87,4.09
M105,2026-08-01 01:00:00,72.64,15.24,81.99,4.44
M105,2026-08-01 02:00:00,69.82,37.63,24.81,2.85
M105,2026-08-01 03:00:00,73.76,19.07,56.16,3.29
M105,2026-08-01 04:00:00,80.3,15.18,51.74,3.26
M105,2026-08-01 05:00:00,66.28,25.8,46.73,2.63
M105,2026-08-01 06:00:00,73.03,15.2,40.59,4.61
M105,2026-08-01 07:00:00,90.63,0.0,53.79,3.96
M105,2026-08-01 08:00:00,74.49,31.14,74.78,2.1
M105,2026-08-01 09:00:00,76.94,43.48,22.72,3.11
M105,2026-08-01 10:00:00,72.86,32.62,66.44,3.33
M105,2026-08-01 11:00:00,76.23,0.0,70.61,2.92
M105,2026-08-01 12:00:00,75.0,31.66,48.56,4.0
M105,2026-08-01 13:00:00,80.22,22.45,50.59,2.3
M105,2026-08-01 14:00:00,74.96,33.01,28.82,2.63
M105,2026-08-01 15:00:00,69.84,21.84,70.25,3.64
M105,2026-08-01 16:00:00,60.76,27.78,37.04,11.11
M105,2026-08-01 17:00:00,74.95,9.67,43.71,2.85
M105,2026-08-01 18:00:00,78.15,9.37,24.75,3.79
M105,2026-08-01 19:00:00,83.76,26.96,33.32,2.61
M105,2026-08-01 20:00:00,71.22,30.68,30.15,3.91
M105,2026-08-01 21:00:00,80.46,34.85,64.14,3.63
M105,2026-08-01 22:00:00,65.72,27.32,47.08,2.9
M105,2026-08-01 23:00:00,85.54,18.18,35.47,4.1
M105,2026-08-02 00:00:00,73.16,13.05,24.71,2.54
M105,2026-08-02 01:00:00,70.86,27.45,26.66,1.71
M105,2026-08-02 02:00:00,78.12,12.39,44.71,4.23
M105,2026-08-02 03:00:00,76.5,38.12,43.77,4.01
M105,2026-08-02 04:00:00,72.17,21.29,28.21,2.55
M105,2026-08-02 05:00:00,74.43,4.06,47.87,2.96
M105,2026-08-02 06:00:00,77.64,4.24,57.63,4.56
M105,2026-08-02 07:00:00,86.41,42.85,45.76,2.92
M105,2026-08-02 08:00:00,79.41,17.14,13.67,3.86
M105,2026-08-02 09:00:00,74.36,2.39,35.85,3.03
M105,2026-08-02 10:00:00,76.08,20.29,69.64,2.17
M105,2026-08-02 11:00:00,74.93,9.45,67.61,2.75
M105,2026-08-02 12:00:00,73.59,32.6,68.85,4.38
M105,2026-08-02 13:00:00,64.5,25.79,49.86,3.16
M105,2026-08-02 14:00:00,76.47,35.43,63.69,3.92
M105,2026-08-02 15:00:00,77.45,47.25,37.79,1.91
M105,2026-08-02 16:00:00,74.14,,68.46,2.79
M105,2026-08-02 17:00:00,79.44,2.27,64.47,3.25
M105,2026-08-02 18:00:00,74.04,45.58,64.26,2.37
M105,2026-08-02 19:00:00,75.23,52.84,80.62,3.94
M105,2026-08-02 20:00:00,63.07,35.99,33.57,4.26
M105,2026-08-02 21:00:00,70.94,25.87,33.47,2.91
M105,2026-08-02 22:00:00,80.36,4.17,87.7,2.38
M105,2026-08-02 23:00:00,68.42,27.5,68.25,2.94
M105,2026-08-03 00:00:00,68.5,8.93,26.46,3.45
M105,2026-08-03 01:00:00,75.51,25.11,51.57,3.86
M105,2026-08-03 02:00:00,73.13,11.14,47.81,3.16
M105,2026-08-03 03:00:00,77.77,11.46,56.56,2.26
M105,2026-08-03 04:00:00,72.92,33.55,24.64,4.04
M105,2026-08-03 05:00:00,66.14,0.98,18.11,3.29
M105,2026-08-03 06:00:00,81.11,35.51,66.83,3.89
M105,2026-08-03 07:00:00,70.18,9.91,59.18,4.34
M105,2026-08-03 08:00:00,68.78,35.53,10.43,3.51
M105,2026-08-03 09:00:00,75.27,17.55,45.56,2.52
M105,2026-08-03 10:00:00,79.12,20.73,61.84,4.47
M105,2026-08-03 11:00:00,76.89,10.18,24.52,4.56
M105,2026-08-03 12:00:00,86.99,30.65,46.08,3.85
M105,2026-08-03 13:00:00,85.13,12.58,45.54,2.32
M105,2026-08-03 14:00:00,75.1,38.53,64.41,3.31
M105,2026-08-03 15:00:00,57.15,12.13,46.84,3.03
M105,2026-08-03 16:00:00,76.23,22.91,35.39,3.19
M105,2026-08-03 17:00:00,74.95,11.56,78.23,2.82
M105,2026-08-03 18:00:00,60.22,41.4,29.77,3.92
M105,2026-08-03 19:00:00,71.23,26.83,44.13,4.0
M105,2026-08-03 20:00:00,74.5,12.14,49.63,2.89
M105,2026-08-03 21:00:00,62.5,12.78,96.64,1.74
M105,2026-08-03 22:00:00,77.69,17.09,78.06,2.31
M105,2026-08-03 23:00:00,76.71,28.23,41.77,2.59
M105,2026-08-04 00:00:00,75.84,16.29,39.38,3.94
M105,2026-08-04 01:00:00,78.82,26.62,50.95,3.97
M105,2026-08-04 02:00:00,85.13,16.56,59.75,2.16
M105,2026-08-04 03:00:00,60.23,41.92,39.0,3.4
M105,2026-08-04 04:00:00,67.42,4.74,32.17,3.71
M105,2026-08-04 05:00:00,72.38,15.97,31.6,4.13
M105,2026-08-04 06:00:00,82.08,14.19,57.31,3.0
M105,2026-08-04 07:00:00,73.64,19.4,56.58,2.49
M105,2026-08-04 08:00:00,79.52,49.97,48.3,3.23
M105,2026-08-04 09:00:00,75.41,25.74,16.01,4.56
M105,2026-08-04 10:00:00,82.87,12.27,45.57,2.75
M105,2026-08-04 11:00:00,78.09,20.74,49.12,2.38
M105,2026-08-04 12:00:00,72.63,33.75,35.39,1.09
M105,2026-08-04 13:00:00,74.95,48.94,60.28,2.73
M105,2026-08-04 14:00:00,75.65,28.16,13.39,2.52
M105,2026-08-04 15:00:00,78.79,39.13,37.09,4.45
M105,2026-08-04 16:00:00,70.72,0.0,58.39,3.63
M105,2026-08-04 17:00:00,81.15,28.37,48.45,2.99
M105,2026-08-04 18:00:00,74.46,14.48,37.79,1.75
M105,2026-08-04 19:00:00,67.5,18.04,4.66,1.59
M105,2026-08-04 20:00:00,73.66,18.46,39.36,1.3
M105,2026-08-04 21:00:00,86.87,2.77,30.27,2.19
M105,2026-08-04 22:00:00,85.09,25.06,36.48,2.77
M105,2026-08-04 23:00:00,77.26,5.04,51.85,2.76
M105,2026-08-05 00:00:00,79.64,25.83,34.31,1.56
M105,2026-08-05 01:00:00,74.27,2.61,46.42,2.99
M105,2026-08-05 02:00:00,71.88,4.45,66.36,2.84
M105,2026-08-05 03:00:00,92.47,20.42,51.33,3.23
M105,2026-08-05 04:00:00,78.39,33.11,64.88,1.79
M105,2026-08-05 05:00:00,81.99,25.97,45.65,4.57
M105,2026-08-05 06:00:00,88.27,30.86,35.22,2.25
M105,2026-08-05 07:00:00,81.28,36.31,8.48,4.07
M105,2026-08-05 08:00:00,74.22,0.0,53.45,3.93
M105,2026-08-05 09:00:00,73.54,7.31,75.82,2.67
M105,2026-08-05 10:00:00,84.12,1.84,52.49,3.51
M105,2026-08-05 11:00:00,82.11,37.92,30.35,3.62
M105,2026-08-05 12:00:00,66.43,3.47,34.59,3.53
M105,2026-08-05 13:00:00,87.74,42.31,38.61,3.44
M105,2026-08-05 14:00:00,82.6,29.18,41.95,3.26
M105,2026-08-05 15:00:00,75.23,17.5,38.85,3.1
M105,2026-08-05 16:00:00,73.16,6.37,60.53,3.61
M105,2026-08-05 17:00:00,89.14,24.43,37.49,2.7
M105,2026-08-05 18:00:00,76.33,26.63,40.6,2.02
M105,2026-08-05 19:00:00,70.83,20.22,58.33,2.01
M105,2026-08-05 20:00:00,77.86,22.65,36.87,2.73
M105,2026-08-05 21:00:00,70.85,21.69,65.28,4.16
M105,2026-08-05 22:00:00,68.13,17.76,5.52,3.29
M105,2026-08-05 23:00:00,80.18,38.85,12.84,9.44
M105,2026-08-06 00:00:00,77.01,0.58,48.1,3.7
M105,2026-08-06 01:00:00,67.03,,23.18,4.3
M105,2026-08-06 02:00:00,77.45,12.32,22.71,3.51
M105,2026-08-06 03:00:00,85.51,10.74,37.09,2.6
M105,2026-08-06 04:00:00,86.89,0.0,68.14,2.9
M105,2026-08-06 05:00:00,75.5,15.91,49.31,2.62
M105,2026-08-06 06:00:00,83.41,33.19,27.3,3.73
M105,2026-08-06 07:00:00,73.5,20.62,72.45,2.66
M105,2026-08-06 08:00:00,82.49,25.49,41.51,3.49
M105,2026-08-06 09:00:00,77.74,6.1,34.08,2.36
M105,2026-08-06 10:00:00,74.06,36.14,55.46,2.05
M105,2026-08-06 11:00:00,74.09,22.8,58.39,2.68
M105,2026-08-06 12:00:00,67.34,19.32,55.24,3.39
M105,2026-08-06 13:00:00,69.81,41.06,43.22,3.35
M105,2026-08-06 14:00:00,71.37,33.28,55.29,3.45
M105,2026-08-06 15:00:00,67.94,33.13,58.62,4.01
M105,2026-08-06 16:00:00,76.26,19.1,41.72,5.02
M105,2026-08-06 17:00:00,72.2,5.77,38.28,2.77
M105,2026-08-06 18:00:00,84.82,3.73,34.9,3.35
M105,2026-08-06 19:00:00,84.88,28.56,74.14,3.48
M105,2026-08-06 20:00:00,74.57,30.27,20.39,1.83
M105,2026-08-06 21:00:00,82.83,22.53,62.35,2.52
M105,2026-08-06 22:00:00,84.99,28.04,44.44,3.37
M105,2026-08-06 23:00:00,78.43,9.72,38.07,3.46
M105,2026-08-07 00:00:00,73.02,2.37,50.31,3.87
M105,2026-08-07 01:00:00,83.48,26.39,59.73,3.99
M105,2026-08-07 02:00:00,76.56,0.0,65.88,2.49
M105,2026-08-07 03:00:00,68.08,6.76,89.72,3.55
M105,2026-08-07 04:00:00,,11.8,44.99,3.63
M105,2026-08-07 05:00:00,77.96,8.86,50.71,2.71
M105,2026-08-07 06:00:00,83.33,20.68,31.33,3.75
M105,2026-08-07 07:00:00,78.68,14.3,58.14,3.7
M105,2026-08-07 08:00:00,84.41,28.52,41.15,1.85
M105,2026-08-07 09:00:00,77.31,24.1,45.92,0.79
M105,2026-08-07 10:00:00,80.75,9.06,57.34,4.56
M105,2026-08-07 11:00:00,74.23,25.26,45.59,3.62
M105,2026-08-07 12:00:00,76.72,13.8,28.71,4.47
M105,2026-08-07 13:00:00,79.07,29.97,52.18,3.98
M105,2026-08-07 14:00:00,69.73,21.0,54.1,4.23
M105,2026-08-07 15:00:00,94.71,24.89,33.1,2.24
M105,2026-08-07 16:00:00,69.67,10.71,0.0,2.66
M105,2026-08-07 17:00:00,81.02,20.9,40.34,1.9
M105,2026-08-07 18:00:00,83.35,26.14,44.77,1.44
M105,2026-08-07 19:00:00,72.56,25.2,44.49,3.35
M105,2026-08-07 20:00:00,80.8,21.86,56.69,2.53
M105,2026-08-07 21:00:00,67.44,25.73,57.28,3.62
M105,2026-08-07 22:00:00,76.92,16.11,48.8,3.5
M105,2026-08-07 23:00:00,79.08,51.29,28.43,5.78
M105,2026-08-08 00:00:00,67.2,24.63,23.49,3.44
M105,2026-08-08 01:00:00,82.87,20.39,62.52,2.86
M105,2026-08-08 02:00:00,61.65,27.52,45.55,2.82
M105,2026-08-08 03:00:00,73.13,24.88,30.34,3.5
M105,2026-08-08 04:00:00,84.32,44.72,70.28,3.33
M105,2026-08-08 05:00:00,77.8,15.2,36.62,3.9
M105,2026-08-08 06:00:00,73.85,24.39,27.67,4.3
M105,2026-08-08 07:00:00,73.74,33.06,32.33,2.59
M105,2026-08-08 08:00:00,85.3,12.49,16.78,2.37
M105,2026-08-08 09:00:00,82.0,29.13,31.27,2.69
M105,2026-08-08 10:00:00,80.71,35.79,43.76,3.64
M105,2026-08-08 11:00:00,82.11,45.84,24.2,2.67
M105,2026-08-08 12:00:00,72.45,29.93,40.47,3.45
M105,2026-08-08 13:00:00,76.85,20.02,46.93,4.02
M105,2026-08-08 14:00:00,69.21,18.22,23.13,3.38
M105,2026-08-08 15:00:00,74.63,32.83,44.91,2.84
M105,2026-08-08 16:00:00,74.27,40.68,16.74,2.7
M105,2026-08-08 17:00:00,76.25,12.36,53.83,3.15
M105,2026-08-08 18:00:00,77.79,21.41,43.15,2.17
M105,2026-08-08 19:00:00,77.23,0.0,32.9,3.59
M105,2026-08-08 20:00:00,84.33,48.19,37.29,2.51
M105,2026-08-08 21:00:00,,42.44,72.59,2.37
M105,2026-08-08 22:00:00,75.02,30.2,61.55,3.67
M105,2026-08-08 23:00:00,72.86,27.0,61.73,2.45
M105,2026-08-09 00:00:00,85.31,31.9,31.64,3.94
M105,2026-08-09 01:00:00,81.69,30.21,73.37,3.19
M105,2026-08-09 02:00:00,78.32,0.0,65.08,4.02
M105,2026-08-09 03:00:00,85.49,8.76,62.32,4.01
M105,2026-08-09 04:00:00,71.44,32.67,53.33,1.84
M105,2026-08-09 05:00:00,80.09,10.79,14.83,3.49
M105,2026-08-09 06:00:00,75.54,36.85,48.27,3.82
M105,2026-08-09 07:00:00,79.56,32.25,29.04,3.36
M105,2026-08-09 08:00:00,75.01,27.84,49.6,2.71
M105,2026-08-09 09:00:00,73.63,39.78,14.5,3.77
M105,2026-08-09 10:00:00,84.69,26.95,80.48,3.95
M105,2026-08-09 11:00:00,78.69,14.4,52.25,3.75
M105,2026-08-09 12:00:00,76.02,163.2,23.32,3.35
M105,2026-08-09 13:00:00,65.64,14.34,1.23,3.87
M105,2026-08-09 14:00:00,84.08,20.95,77.97,4.28
M105,2026-08-09 15:00:00,79.36,18.64,38.71,3.65
M105,2026-08-09 16:00:00,75.01,26.58,56.2,3.02
M105,2026-08-09 17:00:00,83.67,17.26,45.38,2.42
M105,2026-08-09 18:00:00,74.11,45.9,28.79,3.55
M105,2026-08-09 19:00:00,72.82,0.0,55.06,2.76
M105,2026-08-09 20:00:00,78.23,31.88,49.22,3.46
M105,2026-08-09 21:00:00,69.92,28.48,41.59,1.6
M105,2026-08-09 22:00:00,81.79,33.6,71.66,4.94
M105,2026-08-09 23:00:00,81.41,26.17,64.65,2.49
M105,2026-08-10 00:00:00,64.3,14.28,67.99,2.67
M105,2026-08-10 01:00:00,79.26,26.88,49.4,2.18
M105,2026-08-10 02:00:00,78.4,14.94,75.65,4.11
M105,2026-08-10 03:00:00,73.3,41.19,51.19,1.86
M105,2026-08-10 04:00:00,75.45,39.62,30.24,3.15
M105,2026-08-10 05:00:00,66.48,5.59,29.98,2.22
M105,2026-08-10 06:00:00,71.67,40.86,44.35,3.83
M105,2026-08-10 07:00:00,83.64,6.7,30.03,3.81
M105,2026-08-10 08:00:00,71.56,28.4,75.19,2.04
M105,2026-08-10 09:00:00,73.5,17.62,35.53,2.71
M105,2026-08-10 10:00:00,72.56,19.82,47.97,3.96
M105,2026-08-10 11:00:00,75.82,33.42,34.35,2.24
M105,2026-08-10 12:00:00,73.87,25.55,60.49,4.37
M105,2026-08-10 13:00:00,78.03,29.04,69.64,2.58
M105,2026-08-10 14:00:00,74.53,53.25,60.42,3.61
M105,2026-08-10 15:00:00,82.26,3.97,33.36,2.39
M105,2026-08-10 16:00:00,78.93,15.57,46.72,2.95
M105,2026-08-10 17:00:00,64.62,30.62,13.28,2.62
M105,2026-08-10 18:00:00,66.79,172.77,48.63,4.19
M105,2026-08-10 19:00:00,65.07,13.31,13.52,2.72
M105,2026-08-10 20:00:00,76.5,29.2,6.87,3.64
M105,2026-08-10 21:00:00,69.19,5.41,46.21,3.7
M105,2026-08-10 22:00:00,75.3,6.88,43.18,2.62
M105,2026-08-10 23:00:00,80.23,32.9,63.21,3.18
M105,2026-08-11 00:00:00,83.86,7.75,77.09,2.38
M105,2026-08-11 01:00:00,61.79,36.39,32.22,9.07
M105,2026-08-11 02:00:00,68.78,48.36,77.79,4.44
M105,2026-08-11 03:00:00,76.62,31.77,44.05,4.1
M105,2026-08-11 04:00:00,73.13,39.02,36.7,2.92
M105,2026-08-11 05:00:00,72.73,22.31,38.01,3.59
M105,2026-08-11 06:00:00,72.63,29.49,72.33,3.26
M105,2026-08-11 07:00:00,91.53,33.53,83.49,3.15
M105,2026-08-11 08:00:00,64.37,11.53,34.13,2.44
M105,2026-08-11 09:00:00,60.63,32.3,11.52,3.94
M105,2026-08-11 10:00:00,91.3,10.66,51.98,2.88
M105,2026-08-11 11:00:00,81.79,5.67,42.63,4.1
M105,2026-08-11 12:00:00,75.66,0.46,67.35,2.16
M105,2026-08-11 13:00:00,76.55,26.99,47.16,5.23
M105,2026-08-11 14:00:00,81.14,17.57,55.85,3.37
M105,2026-08-11 15:00:00,76.31,22.93,37.19,3.37
M105,2026-08-11 16:00:00,72.46,0.0,65.52,2.75
M105,2026-08-11 17:00:00,76.99,10.87,31.86,2.37
M105,2026-08-11 18:00:00,82.64,34.28,45.47,2.77
M105,2026-08-11 19:00:00,64.15,29.55,32.82,2.31
M105,2026-08-11 20:00:00,76.2,15.99,17.68,2.1
M105,2026-08-11 21:00:00,78.36,12.13,54.18,3.32
M105,2026-08-11 22:00:00,83.33,10.01,49.19,3.71
M105,2026-08-11 23:00:00,71.62,33.53,15.01,2.53
M105,2026-08-12 00:00:00,64.07,11.17,42.22,3.87
M105,2026-08-12 01:00:00,74.91,12.86,17.11,2.23
M105,2026-08-12 02:00:00,78.17,30.58,37.45,4.17
M105,2026-08-12 03:00:00,69.35,15.31,39.49,4.42
M105,2026-08-12 04:00:00,76.94,0.0,62.13,4.68
M105,2026-08-12 05:00:00,74.25,9.24,60.56,4.77
M105,2026-08-12 06:00:00,81.94,0.52,58.58,3.52
M105,2026-08-12 07:00:00,69.32,35.47,52.89,4.25
M105,2026-08-12 08:00:00,68.57,24.79,28.89,3.4
M105,2026-08-12 09:00:00,86.34,2.88,20.36,3.96
M105,2026-08-12 10:00:00,75.9,34.06,30.47,3.24
M105,2026-08-12 11:00:00,80.82,22.52,12.8,5.46
M105,2026-08-12 12:00:00,77.49,3.91,50.66,3.54
M105,2026-08-12 13:00:00,82.96,31.13,41.15,1.82
M105,2026-08-12 14:00:00,79.23,0.29,66.87,2.61
M105,2026-08-12 15:00:00,80.44,12.13,36.14,2.56
M105,2026-08-12 16:00:00,81.01,12.54,58.83,2.72
M105,2026-08-12 17:00:00,74.38,20.43,47.77,2.46
M105,2026-08-12 18:00:00,80.93,16.74,54.79,3.19
M105,2026-08-12 19:00:00,80.11,15.06,30.79,3.54
M105,2026-08-12 20:00:00,72.54,37.51,46.22,2.1
M105,2026-08-12 21:00:00,71.9,8.01,64.31,3.82
M105,2026-08-12 22:00:00,75.57,23.48,43.42,3.89
M105,2026-08-12 23:00:00,79.64,28.4,41.55,2.69
M105,2026-08-13 00:00:00,80.66,38.62,64.91,4.47
M105,2026-08-13 01:00:00,77.13,8.36,29.14,4.3
M105,2026-08-13 02:00:00,62.97,38.06,30.82,4.74
M105,2026-08-13 03:00:00,75.51,28.67,87.93,2.94
M105,2026-08-13 04:00:00,73.57,11.66,26.97,2.94
M105,2026-08-13 05:00:00,72.12,5.0,41.21,3.56
M105,2026-08-13 06:00:00,69.73,18.05,70.32,2.06
M105,2026-08-13 07:00:00,89.52,11.91,48.62,4.22
M105,2026-08-13 08:00:00,87.09,25.64,32.5,2.57
M105,2026-08-13 09:00:00,71.98,42.67,38.1,3.46
M105,2026-08-13 10:00:00,68.69,6.12,45.48,2.94
M105,2026-08-13 11:00:00,74.24,2.25,43.68,4.44
M105,2026-08-13 12:00:00,70.03,30.77,0.0,2.56
M105,2026-08-13 13:00:00,62.63,34.83,60.82,2.37
M105,2026-08-13 14:00:00,78.02,34.42,69.43,2.88
M105,2026-08-13 15:00:00,60.54,9.22,58.79,4.88
M105,2026-08-13 16:00:00,75.62,12.72,88.19,3.52
M105,2026-08-13 17:00:00,67.41,18.57,63.0,3.14
M105,2026-08-13 18:00:00,81.56,0.74,19.18,2.61
M105,2026-08-13 19:00:00,74.02,24.01,56.46,5.17
M105,2026-08-13 20:00:00,70.83,16.23,32.21,4.06
M105,2026-08-13 21:00:00,83.94,14.63,82.18,2.63
M105,2026-08-13 22:00:00,83.21,37.45,20.49,3.66
M105,2026-08-13 23:00:00,56.92,29.89,25.17,3.65
M105,2026-08-14 00:00:00,81.28,33.44,61.02,3.24
M105,2026-08-14 01:00:00,73.34,19.11,24.91,3.03
M105,2026-08-14 02:00:00,73.97,10.54,13.66,2.18
M105,2026-08-14 03:00:00,53.95,16.31,51.49,1.05
M105,2026-08-14 04:00:00,77.66,18.53,23.82,2.86
M105,2026-08-14 05:00:00,83.36,8.31,46.42,3.48
M105,2026-08-14 06:00:00,70.24,32.1,52.27,3.0
M105,2026-08-14 07:00:00,92.54,32.15,14.65,2.89
M105,2026-08-14 08:00:00,93.27,8.21,46.19,4.18
M105,2026-08-14 09:00:00,80.57,29.56,58.28,3.22
M105,2026-08-14 10:00:00,70.45,25.22,37.75,2.81
M105,2026-08-14 11:00:00,86.38,15.43,75.71,3.41
M105,2026-08-14 12:00:00,74.89,0.0,83.16,3.2
M105,2026-08-14 13:00:00,60.1,31.85,44.1,2.45
M105,2026-08-14 14:00:00,82.52,0.0,32.15,2.96
M105,2026-08-14 15:00:00,81.97,46.88,40.59,3.57
M105,2026-08-14 16:00:00,95.24,20.06,53.43,2.21
M105,2026-08-14 17:00:00,89.71,11.44,49.83,3.39
M105,2026-08-14 18:00:00,76.6,14.79,49.34,4.61
M105,2026-08-14 19:00:00,91.97,17.9,36.91,2.55
M105,2026-08-14 20:00:00,94.8,21.55,65.07,3.76
M105,2026-08-14 21:00:00,91.46,17.03,25.07,4.69
M105,2026-08-14 22:00:00,82.32,25.48,72.63,3.61
M105,2026-08-14 23:00:00,86.99,22.96,61.24,3.62
T105,2026-08-08 23:00:00,55.88,83.58,67.39,0.84
T101,2026-08-11 01:00:00,58.64,60.08,116.61,0.0
M104,2026-08-10 20:00:00,85.31,34.22,35.99,2.72
T104,2026-08-06 09:00:00,68.01,45.45,119.23,0.0
P104,2026-08-14 08:00:00,74.13,115.25,139.84,1.95
T105,2026-08-01 14:00:00,57.96,53.59,66.05,1.01
C105,2026-08-03 20:00:00,82.22,130.18,145.88,3.08
M102,2026-08-08 05:00:00,71.72,12.4,18.75,2.74
M102,2026-08-14 03:00:00,71.82,15.26,50.37,4.2
T103,2026-08-01 22:00:00,62.44,66.21,86.8,0.48
M103,2026-08-14 00:00:00,83.19,24.36,42.56,3.36
T102,2026-08-01 19:00:00,53.98,84.02,64.19,1.37
C104,2026-08-14 04:00:00,86.35,139.2,128.01,4.8
P101,2026-08-08 15:00:00,64.89,119.59,152.13,3.71
C104,2026-08-02 05:00:00,86.6,135.75,166.95,4.39
P105,2026-08-14 19:00:00,82.61,108.46,109.47,1.68
M105,2026-08-09 03:00:00,85.49,8.76,62.32,4.01
T105,2026-08-01 04:00:00,59.46,58.93,82.38,0.17
M102,2026-08-12 12:00:00,74.39,18.0,38.63,4.7
C101,2026-08-05 11:00:00,88.09,136.18,144.58,4.79
P103,2026-08-14 10:00:00,79.08,92.05,108.31,1.8
P103,2026-08-05 20:00:00,78.84,95.47,133.98,1.39
C104,2026-08-08 18:00:00,73.64,120.16,129.77,4.61
C105,2026-08-06 16:00:00,91.34,125.02,141.21,3.91
T104,2026-08-08 22:00:00,67.33,71.96,68.94,2.31
M105,2026-08-06 19:00:00,84.88,28.56,74.14,3.48
P102,2026-08-12 21:00:00,80.52,106.03,147.39,3.09
P105,2026-08-01 11:00:00,71.96,79.04,133.1,2.76
P103,2026-08-13 14:00:00,69.79,87.18,123.98,3.12
C101,2026-08-11 19:00:00,79.0,113.42,121.76,5.93
P104,2026-08-14 23:00:00,60.67,85.06,125.17,3.3
C103,2026-08-09 08:00:00,80.36,115.53,145.11,5.23
T105,2026-08-11 08:00:00,45.27,73.24,69.36,1.49
C105,2026-08-06 04:00:00,80.41,130.51,193.63,4.8
P105,2026-08-11 08:00:00,68.24,100.06,118.73,1.68
